PA	CY207736.1	CY121501.1	KJ942685.1
1			1.0
2			2.0
3			3.0
4			4.0
5			5.0
6			6.0
7			7.0
8			8.0
9			9.0
10		1.0	10.0
11		2.0	11.0
12	1.0	3.0	12.0
13	2.0	4.0	13.0
14	3.0	5.0	14.0
15	4.0	6.0	15.0
16	5.0	7.0	16.0
17	6.0	8.0	17.0
18	7.0	9.0	18.0
19	8.0	10.0	19.0
20	9.0	11.0	20.0
21	10.0	12.0	21.0
22	11.0	13.0	22.0
23	12.0	14.0	23.0
24	13.0	15.0	24.0
25	14.0	16.0	25.0
26	15.0	17.0	26.0
27	16.0	18.0	27.0
28	17.0	19.0	28.0
29	18.0	20.0	29.0
30	19.0	21.0	30.0
31	20.0	22.0	31.0
32	21.0	23.0	32.0
33	22.0	24.0	33.0
34	23.0	25.0	34.0
35	24.0	26.0	35.0
36	25.0	27.0	36.0
37	26.0	28.0	37.0
38	27.0	29.0	38.0
39	28.0	30.0	39.0
40	29.0	31.0	40.0
41	30.0	32.0	41.0
42	31.0	33.0	42.0
43	32.0	34.0	43.0
44	33.0	35.0	44.0
45	34.0	36.0	45.0
46	35.0	37.0	46.0
47	36.0	38.0	47.0
48	37.0	39.0	48.0
49	38.0	40.0	49.0
50	39.0	41.0	50.0
51	40.0	42.0	51.0
52	41.0	43.0	52.0
53	42.0	44.0	53.0
54	43.0	45.0	54.0
55	44.0	46.0	55.0
56	45.0	47.0	56.0
57	46.0	48.0	57.0
58	47.0	49.0	58.0
59	48.0	50.0	59.0
60	49.0	51.0	60.0
61	50.0	52.0	61.0
62	51.0	53.0	62.0
63	52.0	54.0	63.0
64	53.0	55.0	64.0
65	54.0	56.0	65.0
66	55.0	57.0	66.0
67	56.0	58.0	67.0
68	57.0	59.0	68.0
69	58.0	60.0	69.0
70	59.0	61.0	70.0
71	60.0	62.0	71.0
72	61.0	63.0	72.0
73	62.0	64.0	73.0
74	63.0	65.0	74.0
75	64.0	66.0	75.0
76	65.0	67.0	76.0
77	66.0	68.0	77.0
78	67.0	69.0	78.0
79	68.0	70.0	79.0
80	69.0	71.0	80.0
81	70.0	72.0	81.0
82	71.0	73.0	82.0
83	72.0	74.0	83.0
84	73.0	75.0	84.0
85	74.0	76.0	85.0
86	75.0	77.0	86.0
87	76.0	78.0	87.0
88	77.0	79.0	88.0
89	78.0	80.0	89.0
90	79.0	81.0	90.0
91	80.0	82.0	91.0
92	81.0	83.0	92.0
93	82.0	84.0	93.0
94	83.0	85.0	94.0
95	84.0	86.0	95.0
96	85.0	87.0	96.0
97	86.0	88.0	97.0
98	87.0	89.0	98.0
99	88.0	90.0	99.0
100	89.0	91.0	100.0
101	90.0	92.0	101.0
102	91.0	93.0	102.0
103	92.0	94.0	103.0
104	93.0	95.0	104.0
105	94.0	96.0	105.0
106	95.0	97.0	106.0
107	96.0	98.0	107.0
108	97.0	99.0	108.0
109	98.0	100.0	109.0
110	99.0	101.0	110.0
111	100.0	102.0	111.0
112	101.0	103.0	112.0
113	102.0	104.0	113.0
114	103.0	105.0	114.0
115	104.0	106.0	115.0
116	105.0	107.0	116.0
117	106.0	108.0	117.0
118	107.0	109.0	118.0
119	108.0	110.0	119.0
120	109.0	111.0	120.0
121	110.0	112.0	121.0
122	111.0	113.0	122.0
123	112.0	114.0	123.0
124	113.0	115.0	124.0
125	114.0	116.0	125.0
126	115.0	117.0	126.0
127	116.0	118.0	127.0
128	117.0	119.0	128.0
129	118.0	120.0	129.0
130	119.0	121.0	130.0
131	120.0	122.0	131.0
132	121.0	123.0	132.0
133	122.0	124.0	133.0
134	123.0	125.0	134.0
135	124.0	126.0	135.0
136	125.0	127.0	136.0
137	126.0	128.0	137.0
138	127.0	129.0	138.0
139	128.0	130.0	139.0
140	129.0	131.0	140.0
141	130.0	132.0	141.0
142	131.0	133.0	142.0
143	132.0	134.0	143.0
144	133.0	135.0	144.0
145	134.0	136.0	145.0
146	135.0	137.0	146.0
147	136.0	138.0	147.0
148	137.0	139.0	148.0
149	138.0	140.0	149.0
150	139.0	141.0	150.0
151	140.0	142.0	151.0
152	141.0	143.0	152.0
153	142.0	144.0	153.0
154	143.0	145.0	154.0
155	144.0	146.0	155.0
156	145.0	147.0	156.0
157	146.0	148.0	157.0
158	147.0	149.0	158.0
159	148.0	150.0	159.0
160	149.0	151.0	160.0
161	150.0	152.0	161.0
162	151.0	153.0	162.0
163	152.0	154.0	163.0
164	153.0	155.0	164.0
165	154.0	156.0	165.0
166	155.0	157.0	166.0
167	156.0	158.0	167.0
168	157.0	159.0	168.0
169	158.0	160.0	169.0
170	159.0	161.0	170.0
171	160.0	162.0	171.0
172	161.0	163.0	172.0
173	162.0	164.0	173.0
174	163.0	165.0	174.0
175	164.0	166.0	175.0
176	165.0	167.0	176.0
177	166.0	168.0	177.0
178	167.0	169.0	178.0
179	168.0	170.0	179.0
180	169.0	171.0	180.0
181	170.0	172.0	181.0
182	171.0	173.0	182.0
183	172.0	174.0	183.0
184	173.0	175.0	184.0
185	174.0	176.0	185.0
186	175.0	177.0	186.0
187	176.0	178.0	187.0
188	177.0	179.0	188.0
189	178.0	180.0	189.0
190	179.0	181.0	190.0
191	180.0	182.0	191.0
192	181.0	183.0	192.0
193	182.0	184.0	193.0
194	183.0	185.0	194.0
195	184.0	186.0	195.0
196	185.0	187.0	196.0
197	186.0	188.0	197.0
198	187.0	189.0	198.0
199	188.0	190.0	199.0
200	189.0	191.0	200.0
201	190.0	192.0	201.0
202	191.0	193.0	202.0
203	192.0	194.0	203.0
204	193.0	195.0	204.0
205	194.0	196.0	205.0
206	195.0	197.0	206.0
207	196.0	198.0	207.0
208	197.0	199.0	208.0
209	198.0	200.0	209.0
210	199.0	201.0	210.0
211	200.0	202.0	211.0
212	201.0	203.0	212.0
213	202.0	204.0	213.0
214	203.0	205.0	214.0
215	204.0	206.0	215.0
216	205.0	207.0	216.0
217	206.0	208.0	217.0
218	207.0	209.0	218.0
219	208.0	210.0	219.0
220	209.0	211.0	220.0
221	210.0	212.0	221.0
222	211.0	213.0	222.0
223	212.0	214.0	223.0
224	213.0	215.0	224.0
225	214.0	216.0	225.0
226	215.0	217.0	226.0
227	216.0	218.0	227.0
228	217.0	219.0	228.0
229	218.0	220.0	229.0
230	219.0	221.0	230.0
231	220.0	222.0	231.0
232	221.0	223.0	232.0
233	222.0	224.0	233.0
234	223.0	225.0	234.0
235	224.0	226.0	235.0
236	225.0	227.0	236.0
237	226.0	228.0	237.0
238	227.0	229.0	238.0
239	228.0	230.0	239.0
240	229.0	231.0	240.0
241	230.0	232.0	241.0
242	231.0	233.0	242.0
243	232.0	234.0	243.0
244	233.0	235.0	244.0
245	234.0	236.0	245.0
246	235.0	237.0	246.0
247	236.0	238.0	247.0
248	237.0	239.0	248.0
249	238.0	240.0	249.0
250	239.0	241.0	250.0
251	240.0	242.0	251.0
252	241.0	243.0	252.0
253	242.0	244.0	253.0
254	243.0	245.0	254.0
255	244.0	246.0	255.0
256	245.0	247.0	256.0
257	246.0	248.0	257.0
258	247.0	249.0	258.0
259	248.0	250.0	259.0
260	249.0	251.0	260.0
261	250.0	252.0	261.0
262	251.0	253.0	262.0
263	252.0	254.0	263.0
264	253.0	255.0	264.0
265	254.0	256.0	265.0
266	255.0	257.0	266.0
267	256.0	258.0	267.0
268	257.0	259.0	268.0
269	258.0	260.0	269.0
270	259.0	261.0	270.0
271	260.0	262.0	271.0
272	261.0	263.0	272.0
273	262.0	264.0	273.0
274	263.0	265.0	274.0
275	264.0	266.0	275.0
276	265.0	267.0	276.0
277	266.0	268.0	277.0
278	267.0	269.0	278.0
279	268.0	270.0	279.0
280	269.0	271.0	280.0
281	270.0	272.0	281.0
282	271.0	273.0	282.0
283	272.0	274.0	283.0
284	273.0	275.0	284.0
285	274.0	276.0	285.0
286	275.0	277.0	286.0
287	276.0	278.0	287.0
288	277.0	279.0	288.0
289	278.0	280.0	289.0
290	279.0	281.0	290.0
291	280.0	282.0	291.0
292	281.0	283.0	292.0
293	282.0	284.0	293.0
294	283.0	285.0	294.0
295	284.0	286.0	295.0
296	285.0	287.0	296.0
297	286.0	288.0	297.0
298	287.0	289.0	298.0
299	288.0	290.0	299.0
300	289.0	291.0	300.0
301	290.0	292.0	301.0
302	291.0	293.0	302.0
303	292.0	294.0	303.0
304	293.0	295.0	304.0
305	294.0	296.0	305.0
306	295.0	297.0	306.0
307	296.0	298.0	307.0
308	297.0	299.0	308.0
309	298.0	300.0	309.0
310	299.0	301.0	310.0
311	300.0	302.0	311.0
312	301.0	303.0	312.0
313	302.0	304.0	313.0
314	303.0	305.0	314.0
315	304.0	306.0	315.0
316	305.0	307.0	316.0
317	306.0	308.0	317.0
318	307.0	309.0	318.0
319	308.0	310.0	319.0
320	309.0	311.0	320.0
321	310.0	312.0	321.0
322	311.0	313.0	322.0
323	312.0	314.0	323.0
324	313.0	315.0	324.0
325	314.0	316.0	325.0
326	315.0	317.0	326.0
327	316.0	318.0	327.0
328	317.0	319.0	328.0
329	318.0	320.0	329.0
330	319.0	321.0	330.0
331	320.0	322.0	331.0
332	321.0	323.0	332.0
333	322.0	324.0	333.0
334	323.0	325.0	334.0
335	324.0	326.0	335.0
336	325.0	327.0	336.0
337	326.0	328.0	337.0
338	327.0	329.0	338.0
339	328.0	330.0	339.0
340	329.0	331.0	340.0
341	330.0	332.0	341.0
342	331.0	333.0	342.0
343	332.0	334.0	343.0
344	333.0	335.0	344.0
345	334.0	336.0	345.0
346	335.0	337.0	346.0
347	336.0	338.0	347.0
348	337.0	339.0	348.0
349	338.0	340.0	349.0
350	339.0	341.0	350.0
351	340.0	342.0	351.0
352	341.0	343.0	352.0
353	342.0	344.0	353.0
354	343.0	345.0	354.0
355	344.0	346.0	355.0
356	345.0	347.0	356.0
357	346.0	348.0	357.0
358	347.0	349.0	358.0
359	348.0	350.0	359.0
360	349.0	351.0	360.0
361	350.0	352.0	361.0
362	351.0	353.0	362.0
363	352.0	354.0	363.0
364	353.0	355.0	364.0
365	354.0	356.0	365.0
366	355.0	357.0	366.0
367	356.0	358.0	367.0
368	357.0	359.0	368.0
369	358.0	360.0	369.0
370	359.0	361.0	370.0
371	360.0	362.0	371.0
372	361.0	363.0	372.0
373	362.0	364.0	373.0
374	363.0	365.0	374.0
375	364.0	366.0	375.0
376	365.0	367.0	376.0
377	366.0	368.0	377.0
378	367.0	369.0	378.0
379	368.0	370.0	379.0
380	369.0	371.0	380.0
381	370.0	372.0	381.0
382	371.0	373.0	382.0
383	372.0	374.0	383.0
384	373.0	375.0	384.0
385	374.0	376.0	385.0
386	375.0	377.0	386.0
387	376.0	378.0	387.0
388	377.0	379.0	388.0
389	378.0	380.0	389.0
390	379.0	381.0	390.0
391	380.0	382.0	391.0
392	381.0	383.0	392.0
393	382.0	384.0	393.0
394	383.0	385.0	394.0
395	384.0	386.0	395.0
396	385.0	387.0	396.0
397	386.0	388.0	397.0
398	387.0	389.0	398.0
399	388.0	390.0	399.0
400	389.0	391.0	400.0
401	390.0	392.0	401.0
402	391.0	393.0	402.0
403	392.0	394.0	403.0
404	393.0	395.0	404.0
405	394.0	396.0	405.0
406	395.0	397.0	406.0
407	396.0	398.0	407.0
408	397.0	399.0	408.0
409	398.0	400.0	409.0
410	399.0	401.0	410.0
411	400.0	402.0	411.0
412	401.0	403.0	412.0
413	402.0	404.0	413.0
414	403.0	405.0	414.0
415	404.0	406.0	415.0
416	405.0	407.0	416.0
417	406.0	408.0	417.0
418	407.0	409.0	418.0
419	408.0	410.0	419.0
420	409.0	411.0	420.0
421	410.0	412.0	421.0
422	411.0	413.0	422.0
423	412.0	414.0	423.0
424	413.0	415.0	424.0
425	414.0	416.0	425.0
426	415.0	417.0	426.0
427	416.0	418.0	427.0
428	417.0	419.0	428.0
429	418.0	420.0	429.0
430	419.0	421.0	430.0
431	420.0	422.0	431.0
432	421.0	423.0	432.0
433	422.0	424.0	433.0
434	423.0	425.0	434.0
435	424.0	426.0	435.0
436	425.0	427.0	436.0
437	426.0	428.0	437.0
438	427.0	429.0	438.0
439	428.0	430.0	439.0
440	429.0	431.0	440.0
441	430.0	432.0	441.0
442	431.0	433.0	442.0
443	432.0	434.0	443.0
444	433.0	435.0	444.0
445	434.0	436.0	445.0
446	435.0	437.0	446.0
447	436.0	438.0	447.0
448	437.0	439.0	448.0
449	438.0	440.0	449.0
450	439.0	441.0	450.0
451	440.0	442.0	451.0
452	441.0	443.0	452.0
453	442.0	444.0	453.0
454	443.0	445.0	454.0
455	444.0	446.0	455.0
456	445.0	447.0	456.0
457	446.0	448.0	457.0
458	447.0	449.0	458.0
459	448.0	450.0	459.0
460	449.0	451.0	460.0
461	450.0	452.0	461.0
462	451.0	453.0	462.0
463	452.0	454.0	463.0
464	453.0	455.0	464.0
465	454.0	456.0	465.0
466	455.0	457.0	466.0
467	456.0	458.0	467.0
468	457.0	459.0	468.0
469	458.0	460.0	469.0
470	459.0	461.0	470.0
471	460.0	462.0	471.0
472	461.0	463.0	472.0
473	462.0	464.0	473.0
474	463.0	465.0	474.0
475	464.0	466.0	475.0
476	465.0	467.0	476.0
477	466.0	468.0	477.0
478	467.0	469.0	478.0
479	468.0	470.0	479.0
480	469.0	471.0	480.0
481	470.0	472.0	481.0
482	471.0	473.0	482.0
483	472.0	474.0	483.0
484	473.0	475.0	484.0
485	474.0	476.0	485.0
486	475.0	477.0	486.0
487	476.0	478.0	487.0
488	477.0	479.0	488.0
489	478.0	480.0	489.0
490	479.0	481.0	490.0
491	480.0	482.0	491.0
492	481.0	483.0	492.0
493	482.0	484.0	493.0
494	483.0	485.0	494.0
495	484.0	486.0	495.0
496	485.0	487.0	496.0
497	486.0	488.0	497.0
498	487.0	489.0	498.0
499	488.0	490.0	499.0
500	489.0	491.0	500.0
501	490.0	492.0	501.0
502	491.0	493.0	502.0
503	492.0	494.0	503.0
504	493.0	495.0	504.0
505	494.0	496.0	505.0
506	495.0	497.0	506.0
507	496.0	498.0	507.0
508	497.0	499.0	508.0
509	498.0	500.0	509.0
510	499.0	501.0	510.0
511	500.0	502.0	511.0
512	501.0	503.0	512.0
513	502.0	504.0	513.0
514	503.0	505.0	514.0
515	504.0	506.0	515.0
516	505.0	507.0	516.0
517	506.0	508.0	517.0
518	507.0	509.0	518.0
519	508.0	510.0	519.0
520	509.0	511.0	520.0
521	510.0	512.0	521.0
522	511.0	513.0	522.0
523	512.0	514.0	523.0
524	513.0	515.0	524.0
525	514.0	516.0	525.0
526	515.0	517.0	526.0
527	516.0	518.0	527.0
528	517.0	519.0	528.0
529	518.0	520.0	529.0
530	519.0	521.0	530.0
531	520.0	522.0	531.0
532	521.0	523.0	532.0
533	522.0	524.0	533.0
534	523.0	525.0	534.0
535	524.0	526.0	535.0
536	525.0	527.0	536.0
537	526.0	528.0	537.0
538	527.0	529.0	538.0
539	528.0	530.0	539.0
540	529.0	531.0	540.0
541	530.0	532.0	541.0
542	531.0	533.0	542.0
543	532.0	534.0	543.0
544	533.0	535.0	544.0
545	534.0	536.0	545.0
546	535.0	537.0	546.0
547	536.0	538.0	547.0
548	537.0	539.0	548.0
549	538.0	540.0	549.0
550	539.0	541.0	550.0
551	540.0	542.0	551.0
552	541.0	543.0	552.0
553	542.0	544.0	553.0
554	543.0	545.0	554.0
555	544.0	546.0	555.0
556	545.0	547.0	556.0
557	546.0	548.0	557.0
558	547.0	549.0	558.0
559	548.0	550.0	559.0
560	549.0	551.0	560.0
561	550.0	552.0	561.0
562	551.0	553.0	562.0
563	552.0	554.0	563.0
564	553.0	555.0	564.0
565	554.0	556.0	565.0
566	555.0	557.0	566.0
567	556.0	558.0	567.0
568	557.0	559.0	568.0
569	558.0	560.0	569.0
570	559.0	561.0	570.0
571	560.0	562.0	571.0
572	561.0	563.0	572.0
573	562.0	564.0	573.0
574	563.0	565.0	574.0
575	564.0	566.0	575.0
576	565.0	567.0	576.0
577	566.0	568.0	577.0
578	567.0	569.0	578.0
579	568.0	570.0	579.0
580	569.0	571.0	580.0
581	570.0	572.0	581.0
582	571.0	573.0	582.0
583	572.0	574.0	583.0
584	573.0	575.0	584.0
585	574.0	576.0	585.0
586	575.0	577.0	586.0
587	576.0	578.0	587.0
588	577.0	579.0	588.0
589	578.0	580.0	589.0
590	579.0	581.0	590.0
591	580.0	582.0	591.0
592	581.0	583.0	592.0
593	582.0	584.0	593.0
594	583.0	585.0	594.0
595	584.0	586.0	595.0
596	585.0	587.0	596.0
597	586.0	588.0	597.0
598	587.0	589.0	598.0
599	588.0	590.0	599.0
600	589.0	591.0	600.0
601	590.0	592.0	601.0
602	591.0	593.0	602.0
603	592.0	594.0	603.0
604	593.0	595.0	604.0
605	594.0	596.0	605.0
606	595.0	597.0	606.0
607	596.0	598.0	607.0
608	597.0	599.0	608.0
609	598.0	600.0	609.0
610	599.0	601.0	610.0
611	600.0	602.0	611.0
612	601.0	603.0	612.0
613	602.0	604.0	613.0
614	603.0	605.0	614.0
615	604.0	606.0	615.0
616	605.0	607.0	616.0
617	606.0	608.0	617.0
618	607.0	609.0	618.0
619	608.0	610.0	619.0
620	609.0	611.0	620.0
621	610.0	612.0	621.0
622	611.0	613.0	622.0
623	612.0	614.0	623.0
624	613.0	615.0	624.0
625	614.0	616.0	625.0
626	615.0	617.0	626.0
627	616.0	618.0	627.0
628	617.0	619.0	628.0
629	618.0	620.0	629.0
630	619.0	621.0	630.0
631	620.0	622.0	631.0
632	621.0	623.0	632.0
633	622.0	624.0	633.0
634	623.0	625.0	634.0
635	624.0	626.0	635.0
636	625.0	627.0	636.0
637	626.0	628.0	637.0
638	627.0	629.0	638.0
639	628.0	630.0	639.0
640	629.0	631.0	640.0
641	630.0	632.0	641.0
642	631.0	633.0	642.0
643	632.0	634.0	643.0
644	633.0	635.0	644.0
645	634.0	636.0	645.0
646	635.0	637.0	646.0
647	636.0	638.0	647.0
648	637.0	639.0	648.0
649	638.0	640.0	649.0
650	639.0	641.0	650.0
651	640.0	642.0	651.0
652	641.0	643.0	652.0
653	642.0	644.0	653.0
654	643.0	645.0	654.0
655	644.0	646.0	655.0
656	645.0	647.0	656.0
657	646.0	648.0	657.0
658	647.0	649.0	658.0
659	648.0	650.0	659.0
660	649.0	651.0	660.0
661	650.0	652.0	661.0
662	651.0	653.0	662.0
663	652.0	654.0	663.0
664	653.0	655.0	664.0
665	654.0	656.0	665.0
666	655.0	657.0	666.0
667	656.0	658.0	667.0
668	657.0	659.0	668.0
669	658.0	660.0	669.0
670	659.0	661.0	670.0
671	660.0	662.0	671.0
672	661.0	663.0	672.0
673	662.0	664.0	673.0
674	663.0	665.0	674.0
675	664.0	666.0	675.0
676	665.0	667.0	676.0
677	666.0	668.0	677.0
678	667.0	669.0	678.0
679	668.0	670.0	679.0
680	669.0	671.0	680.0
681	670.0	672.0	681.0
682	671.0	673.0	682.0
683	672.0	674.0	683.0
684	673.0	675.0	684.0
685	674.0	676.0	685.0
686	675.0	677.0	686.0
687	676.0	678.0	687.0
688	677.0	679.0	688.0
689	678.0	680.0	689.0
690	679.0	681.0	690.0
691	680.0	682.0	691.0
692	681.0	683.0	692.0
693	682.0	684.0	693.0
694	683.0	685.0	694.0
695	684.0	686.0	695.0
696	685.0	687.0	696.0
697	686.0	688.0	697.0
698	687.0	689.0	698.0
699	688.0	690.0	699.0
700	689.0	691.0	700.0
701	690.0	692.0	701.0
702	691.0	693.0	702.0
703	692.0	694.0	703.0
704	693.0	695.0	704.0
705	694.0	696.0	705.0
706	695.0	697.0	706.0
707	696.0	698.0	707.0
708	697.0	699.0	708.0
709	698.0	700.0	709.0
710	699.0	701.0	710.0
711	700.0	702.0	711.0
712	701.0	703.0	712.0
713	702.0	704.0	713.0
714	703.0	705.0	714.0
715	704.0	706.0	715.0
716	705.0	707.0	716.0
717	706.0	708.0	717.0
718	707.0	709.0	718.0
719	708.0	710.0	719.0
720	709.0	711.0	720.0
721	710.0	712.0	721.0
722	711.0	713.0	722.0
723	712.0	714.0	723.0
724	713.0	715.0	724.0
725	714.0	716.0	725.0
726	715.0	717.0	726.0
727	716.0	718.0	727.0
728	717.0	719.0	728.0
729	718.0	720.0	729.0
730	719.0	721.0	730.0
731	720.0	722.0	731.0
732	721.0	723.0	732.0
733	722.0	724.0	733.0
734	723.0	725.0	734.0
735	724.0	726.0	735.0
736	725.0	727.0	736.0
737	726.0	728.0	737.0
738	727.0	729.0	738.0
739	728.0	730.0	739.0
740	729.0	731.0	740.0
741	730.0	732.0	741.0
742	731.0	733.0	742.0
743	732.0	734.0	743.0
744	733.0	735.0	744.0
745	734.0	736.0	745.0
746	735.0	737.0	746.0
747	736.0	738.0	747.0
748	737.0	739.0	748.0
749	738.0	740.0	749.0
750	739.0	741.0	750.0
751	740.0	742.0	751.0
752	741.0	743.0	752.0
753	742.0	744.0	753.0
754	743.0	745.0	754.0
755	744.0	746.0	755.0
756	745.0	747.0	756.0
757	746.0	748.0	757.0
758	747.0	749.0	758.0
759	748.0	750.0	759.0
760	749.0	751.0	760.0
761	750.0	752.0	761.0
762	751.0	753.0	762.0
763	752.0	754.0	763.0
764	753.0	755.0	764.0
765	754.0	756.0	765.0
766	755.0	757.0	766.0
767	756.0	758.0	767.0
768	757.0	759.0	768.0
769	758.0	760.0	769.0
770	759.0	761.0	770.0
771	760.0	762.0	771.0
772	761.0	763.0	772.0
773	762.0	764.0	773.0
774	763.0	765.0	774.0
775	764.0	766.0	775.0
776	765.0	767.0	776.0
777	766.0	768.0	777.0
778	767.0	769.0	778.0
779	768.0	770.0	779.0
780	769.0	771.0	780.0
781	770.0	772.0	781.0
782	771.0	773.0	782.0
783	772.0	774.0	783.0
784	773.0	775.0	784.0
785	774.0	776.0	785.0
786	775.0	777.0	786.0
787	776.0	778.0	787.0
788	777.0	779.0	788.0
789	778.0	780.0	789.0
790	779.0	781.0	790.0
791	780.0	782.0	791.0
792	781.0	783.0	792.0
793	782.0	784.0	793.0
794	783.0	785.0	794.0
795	784.0	786.0	795.0
796	785.0	787.0	796.0
797	786.0	788.0	797.0
798	787.0	789.0	798.0
799	788.0	790.0	799.0
800	789.0	791.0	800.0
801	790.0	792.0	801.0
802	791.0	793.0	802.0
803	792.0	794.0	803.0
804	793.0	795.0	804.0
805	794.0	796.0	805.0
806	795.0	797.0	806.0
807	796.0	798.0	807.0
808	797.0	799.0	808.0
809	798.0	800.0	809.0
810	799.0	801.0	810.0
811	800.0	802.0	811.0
812	801.0	803.0	812.0
813	802.0	804.0	813.0
814	803.0	805.0	814.0
815	804.0	806.0	815.0
816	805.0	807.0	816.0
817	806.0	808.0	817.0
818	807.0	809.0	818.0
819	808.0	810.0	819.0
820	809.0	811.0	820.0
821	810.0	812.0	821.0
822	811.0	813.0	822.0
823	812.0	814.0	823.0
824	813.0	815.0	824.0
825	814.0	816.0	825.0
826	815.0	817.0	826.0
827	816.0	818.0	827.0
828	817.0	819.0	828.0
829	818.0	820.0	829.0
830	819.0	821.0	830.0
831	820.0	822.0	831.0
832	821.0	823.0	832.0
833	822.0	824.0	833.0
834	823.0	825.0	834.0
835	824.0	826.0	835.0
836	825.0	827.0	836.0
837	826.0	828.0	837.0
838	827.0	829.0	838.0
839	828.0	830.0	839.0
840	829.0	831.0	840.0
841	830.0	832.0	841.0
842	831.0	833.0	842.0
843	832.0	834.0	843.0
844	833.0	835.0	844.0
845	834.0	836.0	845.0
846	835.0	837.0	846.0
847	836.0	838.0	847.0
848	837.0	839.0	848.0
849	838.0	840.0	849.0
850	839.0	841.0	850.0
851	840.0	842.0	851.0
852	841.0	843.0	852.0
853	842.0	844.0	853.0
854	843.0	845.0	854.0
855	844.0	846.0	855.0
856	845.0	847.0	856.0
857	846.0	848.0	857.0
858	847.0	849.0	858.0
859	848.0	850.0	859.0
860	849.0	851.0	860.0
861	850.0	852.0	861.0
862	851.0	853.0	862.0
863	852.0	854.0	863.0
864	853.0	855.0	864.0
865	854.0	856.0	865.0
866	855.0	857.0	866.0
867	856.0	858.0	867.0
868	857.0	859.0	868.0
869	858.0	860.0	869.0
870	859.0	861.0	870.0
871	860.0	862.0	871.0
872	861.0	863.0	872.0
873	862.0	864.0	873.0
874	863.0	865.0	874.0
875	864.0	866.0	875.0
876	865.0	867.0	876.0
877	866.0	868.0	877.0
878	867.0	869.0	878.0
879	868.0	870.0	879.0
880	869.0	871.0	880.0
881	870.0	872.0	881.0
882	871.0	873.0	882.0
883	872.0	874.0	883.0
884	873.0	875.0	884.0
885	874.0	876.0	885.0
886	875.0	877.0	886.0
887	876.0	878.0	887.0
888	877.0	879.0	888.0
889	878.0	880.0	889.0
890	879.0	881.0	890.0
891	880.0	882.0	891.0
892	881.0	883.0	892.0
893	882.0	884.0	893.0
894	883.0	885.0	894.0
895	884.0	886.0	895.0
896	885.0	887.0	896.0
897	886.0	888.0	897.0
898	887.0	889.0	898.0
899	888.0	890.0	899.0
900	889.0	891.0	900.0
901	890.0	892.0	901.0
902	891.0	893.0	902.0
903	892.0	894.0	903.0
904	893.0	895.0	904.0
905	894.0	896.0	905.0
906	895.0	897.0	906.0
907	896.0	898.0	907.0
908	897.0	899.0	908.0
909	898.0	900.0	909.0
910	899.0	901.0	910.0
911	900.0	902.0	911.0
912	901.0	903.0	912.0
913	902.0	904.0	913.0
914	903.0	905.0	914.0
915	904.0	906.0	915.0
916	905.0	907.0	916.0
917	906.0	908.0	917.0
918	907.0	909.0	918.0
919	908.0	910.0	919.0
920	909.0	911.0	920.0
921	910.0	912.0	921.0
922	911.0	913.0	922.0
923	912.0	914.0	923.0
924	913.0	915.0	924.0
925	914.0	916.0	925.0
926	915.0	917.0	926.0
927	916.0	918.0	927.0
928	917.0	919.0	928.0
929	918.0	920.0	929.0
930	919.0	921.0	930.0
931	920.0	922.0	931.0
932	921.0	923.0	932.0
933	922.0	924.0	933.0
934	923.0	925.0	934.0
935	924.0	926.0	935.0
936	925.0	927.0	936.0
937	926.0	928.0	937.0
938	927.0	929.0	938.0
939	928.0	930.0	939.0
940	929.0	931.0	940.0
941	930.0	932.0	941.0
942	931.0	933.0	942.0
943	932.0	934.0	943.0
944	933.0	935.0	944.0
945	934.0	936.0	945.0
946	935.0	937.0	946.0
947	936.0	938.0	947.0
948	937.0	939.0	948.0
949	938.0	940.0	949.0
950	939.0	941.0	950.0
951	940.0	942.0	951.0
952	941.0	943.0	952.0
953	942.0	944.0	953.0
954	943.0	945.0	954.0
955	944.0	946.0	955.0
956	945.0	947.0	956.0
957	946.0	948.0	957.0
958	947.0	949.0	958.0
959	948.0	950.0	959.0
960	949.0	951.0	960.0
961	950.0	952.0	961.0
962	951.0	953.0	962.0
963	952.0	954.0	963.0
964	953.0	955.0	964.0
965	954.0	956.0	965.0
966	955.0	957.0	966.0
967	956.0	958.0	967.0
968	957.0	959.0	968.0
969	958.0	960.0	969.0
970	959.0	961.0	970.0
971	960.0	962.0	971.0
972	961.0	963.0	972.0
973	962.0	964.0	973.0
974	963.0	965.0	974.0
975	964.0	966.0	975.0
976	965.0	967.0	976.0
977	966.0	968.0	977.0
978	967.0	969.0	978.0
979	968.0	970.0	979.0
980	969.0	971.0	980.0
981	970.0	972.0	981.0
982	971.0	973.0	982.0
983	972.0	974.0	983.0
984	973.0	975.0	984.0
985	974.0	976.0	985.0
986	975.0	977.0	986.0
987	976.0	978.0	987.0
988	977.0	979.0	988.0
989	978.0	980.0	989.0
990	979.0	981.0	990.0
991	980.0	982.0	991.0
992	981.0	983.0	992.0
993	982.0	984.0	993.0
994	983.0	985.0	994.0
995	984.0	986.0	995.0
996	985.0	987.0	996.0
997	986.0	988.0	997.0
998	987.0	989.0	998.0
999	988.0	990.0	999.0
1000	989.0	991.0	1000.0
1001	990.0	992.0	1001.0
1002	991.0	993.0	1002.0
1003	992.0	994.0	1003.0
1004	993.0	995.0	1004.0
1005	994.0	996.0	1005.0
1006	995.0	997.0	1006.0
1007	996.0	998.0	1007.0
1008	997.0	999.0	1008.0
1009	998.0	1000.0	1009.0
1010	999.0	1001.0	1010.0
1011	1000.0	1002.0	1011.0
1012	1001.0	1003.0	1012.0
1013	1002.0	1004.0	1013.0
1014	1003.0	1005.0	1014.0
1015	1004.0	1006.0	1015.0
1016	1005.0	1007.0	1016.0
1017	1006.0	1008.0	1017.0
1018	1007.0	1009.0	1018.0
1019	1008.0	1010.0	1019.0
1020	1009.0	1011.0	1020.0
1021	1010.0	1012.0	1021.0
1022	1011.0	1013.0	1022.0
1023	1012.0	1014.0	1023.0
1024	1013.0	1015.0	1024.0
1025	1014.0	1016.0	1025.0
1026	1015.0	1017.0	1026.0
1027	1016.0	1018.0	1027.0
1028	1017.0	1019.0	1028.0
1029	1018.0	1020.0	1029.0
1030	1019.0	1021.0	1030.0
1031	1020.0	1022.0	1031.0
1032	1021.0	1023.0	1032.0
1033	1022.0	1024.0	1033.0
1034	1023.0	1025.0	1034.0
1035	1024.0	1026.0	1035.0
1036	1025.0	1027.0	1036.0
1037	1026.0	1028.0	1037.0
1038	1027.0	1029.0	1038.0
1039	1028.0	1030.0	1039.0
1040	1029.0	1031.0	1040.0
1041	1030.0	1032.0	1041.0
1042	1031.0	1033.0	1042.0
1043	1032.0	1034.0	1043.0
1044	1033.0	1035.0	1044.0
1045	1034.0	1036.0	1045.0
1046	1035.0	1037.0	1046.0
1047	1036.0	1038.0	1047.0
1048	1037.0	1039.0	1048.0
1049	1038.0	1040.0	1049.0
1050	1039.0	1041.0	1050.0
1051	1040.0	1042.0	1051.0
1052	1041.0	1043.0	1052.0
1053	1042.0	1044.0	1053.0
1054	1043.0	1045.0	1054.0
1055	1044.0	1046.0	1055.0
1056	1045.0	1047.0	1056.0
1057	1046.0	1048.0	1057.0
1058	1047.0	1049.0	1058.0
1059	1048.0	1050.0	1059.0
1060	1049.0	1051.0	1060.0
1061	1050.0	1052.0	1061.0
1062	1051.0	1053.0	1062.0
1063	1052.0	1054.0	1063.0
1064	1053.0	1055.0	1064.0
1065	1054.0	1056.0	1065.0
1066	1055.0	1057.0	1066.0
1067	1056.0	1058.0	1067.0
1068	1057.0	1059.0	1068.0
1069	1058.0	1060.0	1069.0
1070	1059.0	1061.0	1070.0
1071	1060.0	1062.0	1071.0
1072	1061.0	1063.0	1072.0
1073	1062.0	1064.0	1073.0
1074	1063.0	1065.0	1074.0
1075	1064.0	1066.0	1075.0
1076	1065.0	1067.0	1076.0
1077	1066.0	1068.0	1077.0
1078	1067.0	1069.0	1078.0
1079	1068.0	1070.0	1079.0
1080	1069.0	1071.0	1080.0
1081	1070.0	1072.0	1081.0
1082	1071.0	1073.0	1082.0
1083	1072.0	1074.0	1083.0
1084	1073.0	1075.0	1084.0
1085	1074.0	1076.0	1085.0
1086	1075.0	1077.0	1086.0
1087	1076.0	1078.0	1087.0
1088	1077.0	1079.0	1088.0
1089	1078.0	1080.0	1089.0
1090	1079.0	1081.0	1090.0
1091	1080.0	1082.0	1091.0
1092	1081.0	1083.0	1092.0
1093	1082.0	1084.0	1093.0
1094	1083.0	1085.0	1094.0
1095	1084.0	1086.0	1095.0
1096	1085.0	1087.0	1096.0
1097	1086.0	1088.0	1097.0
1098	1087.0	1089.0	1098.0
1099	1088.0	1090.0	1099.0
1100	1089.0	1091.0	1100.0
1101	1090.0	1092.0	1101.0
1102	1091.0	1093.0	1102.0
1103	1092.0	1094.0	1103.0
1104	1093.0	1095.0	1104.0
1105	1094.0	1096.0	1105.0
1106	1095.0	1097.0	1106.0
1107	1096.0	1098.0	1107.0
1108	1097.0	1099.0	1108.0
1109	1098.0	1100.0	1109.0
1110	1099.0	1101.0	1110.0
1111	1100.0	1102.0	1111.0
1112	1101.0	1103.0	1112.0
1113	1102.0	1104.0	1113.0
1114	1103.0	1105.0	1114.0
1115	1104.0	1106.0	1115.0
1116	1105.0	1107.0	1116.0
1117	1106.0	1108.0	1117.0
1118	1107.0	1109.0	1118.0
1119	1108.0	1110.0	1119.0
1120	1109.0	1111.0	1120.0
1121	1110.0	1112.0	1121.0
1122	1111.0	1113.0	1122.0
1123	1112.0	1114.0	1123.0
1124	1113.0	1115.0	1124.0
1125	1114.0	1116.0	1125.0
1126	1115.0	1117.0	1126.0
1127	1116.0	1118.0	1127.0
1128	1117.0	1119.0	1128.0
1129	1118.0	1120.0	1129.0
1130	1119.0	1121.0	1130.0
1131	1120.0	1122.0	1131.0
1132	1121.0	1123.0	1132.0
1133	1122.0	1124.0	1133.0
1134	1123.0	1125.0	1134.0
1135	1124.0	1126.0	1135.0
1136	1125.0	1127.0	1136.0
1137	1126.0	1128.0	1137.0
1138	1127.0	1129.0	1138.0
1139	1128.0	1130.0	1139.0
1140	1129.0	1131.0	1140.0
1141	1130.0	1132.0	1141.0
1142	1131.0	1133.0	1142.0
1143	1132.0	1134.0	1143.0
1144	1133.0	1135.0	1144.0
1145	1134.0	1136.0	1145.0
1146	1135.0	1137.0	1146.0
1147	1136.0	1138.0	1147.0
1148	1137.0	1139.0	1148.0
1149	1138.0	1140.0	1149.0
1150	1139.0	1141.0	1150.0
1151	1140.0	1142.0	1151.0
1152	1141.0	1143.0	1152.0
1153	1142.0	1144.0	1153.0
1154	1143.0	1145.0	1154.0
1155	1144.0	1146.0	1155.0
1156	1145.0	1147.0	1156.0
1157	1146.0	1148.0	1157.0
1158	1147.0	1149.0	1158.0
1159	1148.0	1150.0	1159.0
1160	1149.0	1151.0	1160.0
1161	1150.0	1152.0	1161.0
1162	1151.0	1153.0	1162.0
1163	1152.0	1154.0	1163.0
1164	1153.0	1155.0	1164.0
1165	1154.0	1156.0	1165.0
1166	1155.0	1157.0	1166.0
1167	1156.0	1158.0	1167.0
1168	1157.0	1159.0	1168.0
1169	1158.0	1160.0	1169.0
1170	1159.0	1161.0	1170.0
1171	1160.0	1162.0	1171.0
1172	1161.0	1163.0	1172.0
1173	1162.0	1164.0	1173.0
1174	1163.0	1165.0	1174.0
1175	1164.0	1166.0	1175.0
1176	1165.0	1167.0	1176.0
1177	1166.0	1168.0	1177.0
1178	1167.0	1169.0	1178.0
1179	1168.0	1170.0	1179.0
1180	1169.0	1171.0	1180.0
1181	1170.0	1172.0	1181.0
1182	1171.0	1173.0	1182.0
1183	1172.0	1174.0	1183.0
1184	1173.0	1175.0	1184.0
1185	1174.0	1176.0	1185.0
1186	1175.0	1177.0	1186.0
1187	1176.0	1178.0	1187.0
1188	1177.0	1179.0	1188.0
1189	1178.0	1180.0	1189.0
1190	1179.0	1181.0	1190.0
1191	1180.0	1182.0	1191.0
1192	1181.0	1183.0	1192.0
1193	1182.0	1184.0	1193.0
1194	1183.0	1185.0	1194.0
1195	1184.0	1186.0	1195.0
1196	1185.0	1187.0	1196.0
1197	1186.0	1188.0	1197.0
1198	1187.0	1189.0	1198.0
1199	1188.0	1190.0	1199.0
1200	1189.0	1191.0	1200.0
1201	1190.0	1192.0	1201.0
1202	1191.0	1193.0	1202.0
1203	1192.0	1194.0	1203.0
1204	1193.0	1195.0	1204.0
1205	1194.0	1196.0	1205.0
1206	1195.0	1197.0	1206.0
1207	1196.0	1198.0	1207.0
1208	1197.0	1199.0	1208.0
1209	1198.0	1200.0	1209.0
1210	1199.0	1201.0	1210.0
1211	1200.0	1202.0	1211.0
1212	1201.0	1203.0	1212.0
1213	1202.0	1204.0	1213.0
1214	1203.0	1205.0	1214.0
1215	1204.0	1206.0	1215.0
1216	1205.0	1207.0	1216.0
1217	1206.0	1208.0	1217.0
1218	1207.0	1209.0	1218.0
1219	1208.0	1210.0	1219.0
1220	1209.0	1211.0	1220.0
1221	1210.0	1212.0	1221.0
1222	1211.0	1213.0	1222.0
1223	1212.0	1214.0	1223.0
1224	1213.0	1215.0	1224.0
1225	1214.0	1216.0	1225.0
1226	1215.0	1217.0	1226.0
1227	1216.0	1218.0	1227.0
1228	1217.0	1219.0	1228.0
1229	1218.0	1220.0	1229.0
1230	1219.0	1221.0	1230.0
1231	1220.0	1222.0	1231.0
1232	1221.0	1223.0	1232.0
1233	1222.0	1224.0	1233.0
1234	1223.0	1225.0	1234.0
1235	1224.0	1226.0	1235.0
1236	1225.0	1227.0	1236.0
1237	1226.0	1228.0	1237.0
1238	1227.0	1229.0	1238.0
1239	1228.0	1230.0	1239.0
1240	1229.0	1231.0	1240.0
1241	1230.0	1232.0	1241.0
1242	1231.0	1233.0	1242.0
1243	1232.0	1234.0	1243.0
1244	1233.0	1235.0	1244.0
1245	1234.0	1236.0	1245.0
1246	1235.0	1237.0	1246.0
1247	1236.0	1238.0	1247.0
1248	1237.0	1239.0	1248.0
1249	1238.0	1240.0	1249.0
1250	1239.0	1241.0	1250.0
1251	1240.0	1242.0	1251.0
1252	1241.0	1243.0	1252.0
1253	1242.0	1244.0	1253.0
1254	1243.0	1245.0	1254.0
1255	1244.0	1246.0	1255.0
1256	1245.0	1247.0	1256.0
1257	1246.0	1248.0	1257.0
1258	1247.0	1249.0	1258.0
1259	1248.0	1250.0	1259.0
1260	1249.0	1251.0	1260.0
1261	1250.0	1252.0	1261.0
1262	1251.0	1253.0	1262.0
1263	1252.0	1254.0	1263.0
1264	1253.0	1255.0	1264.0
1265	1254.0	1256.0	1265.0
1266	1255.0	1257.0	1266.0
1267	1256.0	1258.0	1267.0
1268	1257.0	1259.0	1268.0
1269	1258.0	1260.0	1269.0
1270	1259.0	1261.0	1270.0
1271	1260.0	1262.0	1271.0
1272	1261.0	1263.0	1272.0
1273	1262.0	1264.0	1273.0
1274	1263.0	1265.0	1274.0
1275	1264.0	1266.0	1275.0
1276	1265.0	1267.0	1276.0
1277	1266.0	1268.0	1277.0
1278	1267.0	1269.0	1278.0
1279	1268.0	1270.0	1279.0
1280	1269.0	1271.0	1280.0
1281	1270.0	1272.0	1281.0
1282	1271.0	1273.0	1282.0
1283	1272.0	1274.0	1283.0
1284	1273.0	1275.0	1284.0
1285	1274.0	1276.0	1285.0
1286	1275.0	1277.0	1286.0
1287	1276.0	1278.0	1287.0
1288	1277.0	1279.0	1288.0
1289	1278.0	1280.0	1289.0
1290	1279.0	1281.0	1290.0
1291	1280.0	1282.0	1291.0
1292	1281.0	1283.0	1292.0
1293	1282.0	1284.0	1293.0
1294	1283.0	1285.0	1294.0
1295	1284.0	1286.0	1295.0
1296	1285.0	1287.0	1296.0
1297	1286.0	1288.0	1297.0
1298	1287.0	1289.0	1298.0
1299	1288.0	1290.0	1299.0
1300	1289.0	1291.0	1300.0
1301	1290.0	1292.0	1301.0
1302	1291.0	1293.0	1302.0
1303	1292.0	1294.0	1303.0
1304	1293.0	1295.0	1304.0
1305	1294.0	1296.0	1305.0
1306	1295.0	1297.0	1306.0
1307	1296.0	1298.0	1307.0
1308	1297.0	1299.0	1308.0
1309	1298.0	1300.0	1309.0
1310	1299.0	1301.0	1310.0
1311	1300.0	1302.0	1311.0
1312	1301.0	1303.0	1312.0
1313	1302.0	1304.0	1313.0
1314	1303.0	1305.0	1314.0
1315	1304.0	1306.0	1315.0
1316	1305.0	1307.0	1316.0
1317	1306.0	1308.0	1317.0
1318	1307.0	1309.0	1318.0
1319	1308.0	1310.0	1319.0
1320	1309.0	1311.0	1320.0
1321	1310.0	1312.0	1321.0
1322	1311.0	1313.0	1322.0
1323	1312.0	1314.0	1323.0
1324	1313.0	1315.0	1324.0
1325	1314.0	1316.0	1325.0
1326	1315.0	1317.0	1326.0
1327	1316.0	1318.0	1327.0
1328	1317.0	1319.0	1328.0
1329	1318.0	1320.0	1329.0
1330	1319.0	1321.0	1330.0
1331	1320.0	1322.0	1331.0
1332	1321.0	1323.0	1332.0
1333	1322.0	1324.0	1333.0
1334	1323.0	1325.0	1334.0
1335	1324.0	1326.0	1335.0
1336	1325.0	1327.0	1336.0
1337	1326.0	1328.0	1337.0
1338	1327.0	1329.0	1338.0
1339	1328.0	1330.0	1339.0
1340	1329.0	1331.0	1340.0
1341	1330.0	1332.0	1341.0
1342	1331.0	1333.0	1342.0
1343	1332.0	1334.0	1343.0
1344	1333.0	1335.0	1344.0
1345	1334.0	1336.0	1345.0
1346	1335.0	1337.0	1346.0
1347	1336.0	1338.0	1347.0
1348	1337.0	1339.0	1348.0
1349	1338.0	1340.0	1349.0
1350	1339.0	1341.0	1350.0
1351	1340.0	1342.0	1351.0
1352	1341.0	1343.0	1352.0
1353	1342.0	1344.0	1353.0
1354	1343.0	1345.0	1354.0
1355	1344.0	1346.0	1355.0
1356	1345.0	1347.0	1356.0
1357	1346.0	1348.0	1357.0
1358	1347.0	1349.0	1358.0
1359	1348.0	1350.0	1359.0
1360	1349.0	1351.0	1360.0
1361	1350.0	1352.0	1361.0
1362	1351.0	1353.0	1362.0
1363	1352.0	1354.0	1363.0
1364	1353.0	1355.0	1364.0
1365	1354.0	1356.0	1365.0
1366	1355.0	1357.0	1366.0
1367	1356.0	1358.0	1367.0
1368	1357.0	1359.0	1368.0
1369	1358.0	1360.0	1369.0
1370	1359.0	1361.0	1370.0
1371	1360.0	1362.0	1371.0
1372	1361.0	1363.0	1372.0
1373	1362.0	1364.0	1373.0
1374	1363.0	1365.0	1374.0
1375	1364.0	1366.0	1375.0
1376	1365.0	1367.0	1376.0
1377	1366.0	1368.0	1377.0
1378	1367.0	1369.0	1378.0
1379	1368.0	1370.0	1379.0
1380	1369.0	1371.0	1380.0
1381	1370.0	1372.0	1381.0
1382	1371.0	1373.0	1382.0
1383	1372.0	1374.0	1383.0
1384	1373.0	1375.0	1384.0
1385	1374.0	1376.0	1385.0
1386	1375.0	1377.0	1386.0
1387	1376.0	1378.0	1387.0
1388	1377.0	1379.0	1388.0
1389	1378.0	1380.0	1389.0
1390	1379.0	1381.0	1390.0
1391	1380.0	1382.0	1391.0
1392	1381.0	1383.0	1392.0
1393	1382.0	1384.0	1393.0
1394	1383.0	1385.0	1394.0
1395	1384.0	1386.0	1395.0
1396	1385.0	1387.0	1396.0
1397	1386.0	1388.0	1397.0
1398	1387.0	1389.0	1398.0
1399	1388.0	1390.0	1399.0
1400	1389.0	1391.0	1400.0
1401	1390.0	1392.0	1401.0
1402	1391.0	1393.0	1402.0
1403	1392.0	1394.0	1403.0
1404	1393.0	1395.0	1404.0
1405	1394.0	1396.0	1405.0
1406	1395.0	1397.0	1406.0
1407	1396.0	1398.0	1407.0
1408	1397.0	1399.0	1408.0
1409	1398.0	1400.0	1409.0
1410	1399.0	1401.0	1410.0
1411	1400.0	1402.0	1411.0
1412	1401.0	1403.0	1412.0
1413	1402.0	1404.0	1413.0
1414	1403.0	1405.0	1414.0
1415	1404.0	1406.0	1415.0
1416	1405.0	1407.0	1416.0
1417	1406.0	1408.0	1417.0
1418	1407.0	1409.0	1418.0
1419	1408.0	1410.0	1419.0
1420	1409.0	1411.0	1420.0
1421	1410.0	1412.0	1421.0
1422	1411.0	1413.0	1422.0
1423	1412.0	1414.0	1423.0
1424	1413.0	1415.0	1424.0
1425	1414.0	1416.0	1425.0
1426	1415.0	1417.0	1426.0
1427	1416.0	1418.0	1427.0
1428	1417.0	1419.0	1428.0
1429	1418.0	1420.0	1429.0
1430	1419.0	1421.0	1430.0
1431	1420.0	1422.0	1431.0
1432	1421.0	1423.0	1432.0
1433	1422.0	1424.0	1433.0
1434	1423.0	1425.0	1434.0
1435	1424.0	1426.0	1435.0
1436	1425.0	1427.0	1436.0
1437	1426.0	1428.0	1437.0
1438	1427.0	1429.0	1438.0
1439	1428.0	1430.0	1439.0
1440	1429.0	1431.0	1440.0
1441	1430.0	1432.0	1441.0
1442	1431.0	1433.0	1442.0
1443	1432.0	1434.0	1443.0
1444	1433.0	1435.0	1444.0
1445	1434.0	1436.0	1445.0
1446	1435.0	1437.0	1446.0
1447	1436.0	1438.0	1447.0
1448	1437.0	1439.0	1448.0
1449	1438.0	1440.0	1449.0
1450	1439.0	1441.0	1450.0
1451	1440.0	1442.0	1451.0
1452	1441.0	1443.0	1452.0
1453	1442.0	1444.0	1453.0
1454	1443.0	1445.0	1454.0
1455	1444.0	1446.0	1455.0
1456	1445.0	1447.0	1456.0
1457	1446.0	1448.0	1457.0
1458	1447.0	1449.0	1458.0
1459	1448.0	1450.0	1459.0
1460	1449.0	1451.0	1460.0
1461	1450.0	1452.0	1461.0
1462	1451.0	1453.0	1462.0
1463	1452.0	1454.0	1463.0
1464	1453.0	1455.0	1464.0
1465	1454.0	1456.0	1465.0
1466	1455.0	1457.0	1466.0
1467	1456.0	1458.0	1467.0
1468	1457.0	1459.0	1468.0
1469	1458.0	1460.0	1469.0
1470	1459.0	1461.0	1470.0
1471	1460.0	1462.0	1471.0
1472	1461.0	1463.0	1472.0
1473	1462.0	1464.0	1473.0
1474	1463.0	1465.0	1474.0
1475	1464.0	1466.0	1475.0
1476	1465.0	1467.0	1476.0
1477	1466.0	1468.0	1477.0
1478	1467.0	1469.0	1478.0
1479	1468.0	1470.0	1479.0
1480	1469.0	1471.0	1480.0
1481	1470.0	1472.0	1481.0
1482	1471.0	1473.0	1482.0
1483	1472.0	1474.0	1483.0
1484	1473.0	1475.0	1484.0
1485	1474.0	1476.0	1485.0
1486	1475.0	1477.0	1486.0
1487	1476.0	1478.0	1487.0
1488	1477.0	1479.0	1488.0
1489	1478.0	1480.0	1489.0
1490	1479.0	1481.0	1490.0
1491	1480.0	1482.0	1491.0
1492	1481.0	1483.0	1492.0
1493	1482.0	1484.0	1493.0
1494	1483.0	1485.0	1494.0
1495	1484.0	1486.0	1495.0
1496	1485.0	1487.0	1496.0
1497	1486.0	1488.0	1497.0
1498	1487.0	1489.0	1498.0
1499	1488.0	1490.0	1499.0
1500	1489.0	1491.0	1500.0
1501	1490.0	1492.0	1501.0
1502	1491.0	1493.0	1502.0
1503	1492.0	1494.0	1503.0
1504	1493.0	1495.0	1504.0
1505	1494.0	1496.0	1505.0
1506	1495.0	1497.0	1506.0
1507	1496.0	1498.0	1507.0
1508	1497.0	1499.0	1508.0
1509	1498.0	1500.0	1509.0
1510	1499.0	1501.0	1510.0
1511	1500.0	1502.0	1511.0
1512	1501.0	1503.0	1512.0
1513	1502.0	1504.0	1513.0
1514	1503.0	1505.0	1514.0
1515	1504.0	1506.0	1515.0
1516	1505.0	1507.0	1516.0
1517	1506.0	1508.0	1517.0
1518	1507.0	1509.0	1518.0
1519	1508.0	1510.0	1519.0
1520	1509.0	1511.0	1520.0
1521	1510.0	1512.0	1521.0
1522	1511.0	1513.0	1522.0
1523	1512.0	1514.0	1523.0
1524	1513.0	1515.0	1524.0
1525	1514.0	1516.0	1525.0
1526	1515.0	1517.0	1526.0
1527	1516.0	1518.0	1527.0
1528	1517.0	1519.0	1528.0
1529	1518.0	1520.0	1529.0
1530	1519.0	1521.0	1530.0
1531	1520.0	1522.0	1531.0
1532	1521.0	1523.0	1532.0
1533	1522.0	1524.0	1533.0
1534	1523.0	1525.0	1534.0
1535	1524.0	1526.0	1535.0
1536	1525.0	1527.0	1536.0
1537	1526.0	1528.0	1537.0
1538	1527.0	1529.0	1538.0
1539	1528.0	1530.0	1539.0
1540	1529.0	1531.0	1540.0
1541	1530.0	1532.0	1541.0
1542	1531.0	1533.0	1542.0
1543	1532.0	1534.0	1543.0
1544	1533.0	1535.0	1544.0
1545	1534.0	1536.0	1545.0
1546	1535.0	1537.0	1546.0
1547	1536.0	1538.0	1547.0
1548	1537.0	1539.0	1548.0
1549	1538.0	1540.0	1549.0
1550	1539.0	1541.0	1550.0
1551	1540.0	1542.0	1551.0
1552	1541.0	1543.0	1552.0
1553	1542.0	1544.0	1553.0
1554	1543.0	1545.0	1554.0
1555	1544.0	1546.0	1555.0
1556	1545.0	1547.0	1556.0
1557	1546.0	1548.0	1557.0
1558	1547.0	1549.0	1558.0
1559	1548.0	1550.0	1559.0
1560	1549.0	1551.0	1560.0
1561	1550.0	1552.0	1561.0
1562	1551.0	1553.0	1562.0
1563	1552.0	1554.0	1563.0
1564	1553.0	1555.0	1564.0
1565	1554.0	1556.0	1565.0
1566	1555.0	1557.0	1566.0
1567	1556.0	1558.0	1567.0
1568	1557.0	1559.0	1568.0
1569	1558.0	1560.0	1569.0
1570	1559.0	1561.0	1570.0
1571	1560.0	1562.0	1571.0
1572	1561.0	1563.0	1572.0
1573	1562.0	1564.0	1573.0
1574	1563.0	1565.0	1574.0
1575	1564.0	1566.0	1575.0
1576	1565.0	1567.0	1576.0
1577	1566.0	1568.0	1577.0
1578	1567.0	1569.0	1578.0
1579	1568.0	1570.0	1579.0
1580	1569.0	1571.0	1580.0
1581	1570.0	1572.0	1581.0
1582	1571.0	1573.0	1582.0
1583	1572.0	1574.0	1583.0
1584	1573.0	1575.0	1584.0
1585	1574.0	1576.0	1585.0
1586	1575.0	1577.0	1586.0
1587	1576.0	1578.0	1587.0
1588	1577.0	1579.0	1588.0
1589	1578.0	1580.0	1589.0
1590	1579.0	1581.0	1590.0
1591	1580.0	1582.0	1591.0
1592	1581.0	1583.0	1592.0
1593	1582.0	1584.0	1593.0
1594	1583.0	1585.0	1594.0
1595	1584.0	1586.0	1595.0
1596	1585.0	1587.0	1596.0
1597	1586.0	1588.0	1597.0
1598	1587.0	1589.0	1598.0
1599	1588.0	1590.0	1599.0
1600	1589.0	1591.0	1600.0
1601	1590.0	1592.0	1601.0
1602	1591.0	1593.0	1602.0
1603	1592.0	1594.0	1603.0
1604	1593.0	1595.0	1604.0
1605	1594.0	1596.0	1605.0
1606	1595.0	1597.0	1606.0
1607	1596.0	1598.0	1607.0
1608	1597.0	1599.0	1608.0
1609	1598.0	1600.0	1609.0
1610	1599.0	1601.0	1610.0
1611	1600.0	1602.0	1611.0
1612	1601.0	1603.0	1612.0
1613	1602.0	1604.0	1613.0
1614	1603.0	1605.0	1614.0
1615	1604.0	1606.0	1615.0
1616	1605.0	1607.0	1616.0
1617	1606.0	1608.0	1617.0
1618	1607.0	1609.0	1618.0
1619	1608.0	1610.0	1619.0
1620	1609.0	1611.0	1620.0
1621	1610.0	1612.0	1621.0
1622	1611.0	1613.0	1622.0
1623	1612.0	1614.0	1623.0
1624	1613.0	1615.0	1624.0
1625	1614.0	1616.0	1625.0
1626	1615.0	1617.0	1626.0
1627	1616.0	1618.0	1627.0
1628	1617.0	1619.0	1628.0
1629	1618.0	1620.0	1629.0
1630	1619.0	1621.0	1630.0
1631	1620.0	1622.0	1631.0
1632	1621.0	1623.0	1632.0
1633	1622.0	1624.0	1633.0
1634	1623.0	1625.0	1634.0
1635	1624.0	1626.0	1635.0
1636	1625.0	1627.0	1636.0
1637	1626.0	1628.0	1637.0
1638	1627.0	1629.0	1638.0
1639	1628.0	1630.0	1639.0
1640	1629.0	1631.0	1640.0
1641	1630.0	1632.0	1641.0
1642	1631.0	1633.0	1642.0
1643	1632.0	1634.0	1643.0
1644	1633.0	1635.0	1644.0
1645	1634.0	1636.0	1645.0
1646	1635.0	1637.0	1646.0
1647	1636.0	1638.0	1647.0
1648	1637.0	1639.0	1648.0
1649	1638.0	1640.0	1649.0
1650	1639.0	1641.0	1650.0
1651	1640.0	1642.0	1651.0
1652	1641.0	1643.0	1652.0
1653	1642.0	1644.0	1653.0
1654	1643.0	1645.0	1654.0
1655	1644.0	1646.0	1655.0
1656	1645.0	1647.0	1656.0
1657	1646.0	1648.0	1657.0
1658	1647.0	1649.0	1658.0
1659	1648.0	1650.0	1659.0
1660	1649.0	1651.0	1660.0
1661	1650.0	1652.0	1661.0
1662	1651.0	1653.0	1662.0
1663	1652.0	1654.0	1663.0
1664	1653.0	1655.0	1664.0
1665	1654.0	1656.0	1665.0
1666	1655.0	1657.0	1666.0
1667	1656.0	1658.0	1667.0
1668	1657.0	1659.0	1668.0
1669	1658.0	1660.0	1669.0
1670	1659.0	1661.0	1670.0
1671	1660.0	1662.0	1671.0
1672	1661.0	1663.0	1672.0
1673	1662.0	1664.0	1673.0
1674	1663.0	1665.0	1674.0
1675	1664.0	1666.0	1675.0
1676	1665.0	1667.0	1676.0
1677	1666.0	1668.0	1677.0
1678	1667.0	1669.0	1678.0
1679	1668.0	1670.0	1679.0
1680	1669.0	1671.0	1680.0
1681	1670.0	1672.0	1681.0
1682	1671.0	1673.0	1682.0
1683	1672.0	1674.0	1683.0
1684	1673.0	1675.0	1684.0
1685	1674.0	1676.0	1685.0
1686	1675.0	1677.0	1686.0
1687	1676.0	1678.0	1687.0
1688	1677.0	1679.0	1688.0
1689	1678.0	1680.0	1689.0
1690	1679.0	1681.0	1690.0
1691	1680.0	1682.0	1691.0
1692	1681.0	1683.0	1692.0
1693	1682.0	1684.0	1693.0
1694	1683.0	1685.0	1694.0
1695	1684.0	1686.0	1695.0
1696	1685.0	1687.0	1696.0
1697	1686.0	1688.0	1697.0
1698	1687.0	1689.0	1698.0
1699	1688.0	1690.0	1699.0
1700	1689.0	1691.0	1700.0
1701	1690.0	1692.0	1701.0
1702	1691.0	1693.0	1702.0
1703	1692.0	1694.0	1703.0
1704	1693.0	1695.0	1704.0
1705	1694.0	1696.0	1705.0
1706	1695.0	1697.0	1706.0
1707	1696.0	1698.0	1707.0
1708	1697.0	1699.0	1708.0
1709	1698.0	1700.0	1709.0
1710	1699.0	1701.0	1710.0
1711	1700.0	1702.0	1711.0
1712	1701.0	1703.0	1712.0
1713	1702.0	1704.0	1713.0
1714	1703.0	1705.0	1714.0
1715	1704.0	1706.0	1715.0
1716	1705.0	1707.0	1716.0
1717	1706.0	1708.0	1717.0
1718	1707.0	1709.0	1718.0
1719	1708.0	1710.0	1719.0
1720	1709.0	1711.0	1720.0
1721	1710.0	1712.0	1721.0
1722	1711.0	1713.0	1722.0
1723	1712.0	1714.0	1723.0
1724	1713.0	1715.0	1724.0
1725	1714.0	1716.0	1725.0
1726	1715.0	1717.0	1726.0
1727	1716.0	1718.0	1727.0
1728	1717.0	1719.0	1728.0
1729	1718.0	1720.0	1729.0
1730	1719.0	1721.0	1730.0
1731	1720.0	1722.0	1731.0
1732	1721.0	1723.0	1732.0
1733	1722.0	1724.0	1733.0
1734	1723.0	1725.0	1734.0
1735	1724.0	1726.0	1735.0
1736	1725.0	1727.0	1736.0
1737	1726.0	1728.0	1737.0
1738	1727.0	1729.0	1738.0
1739	1728.0	1730.0	1739.0
1740	1729.0	1731.0	1740.0
1741	1730.0	1732.0	1741.0
1742	1731.0	1733.0	1742.0
1743	1732.0	1734.0	1743.0
1744	1733.0	1735.0	1744.0
1745	1734.0	1736.0	1745.0
1746	1735.0	1737.0	1746.0
1747	1736.0	1738.0	1747.0
1748	1737.0	1739.0	1748.0
1749	1738.0	1740.0	1749.0
1750	1739.0	1741.0	1750.0
1751	1740.0	1742.0	1751.0
1752	1741.0	1743.0	1752.0
1753	1742.0	1744.0	1753.0
1754	1743.0	1745.0	1754.0
1755	1744.0	1746.0	1755.0
1756	1745.0	1747.0	1756.0
1757	1746.0	1748.0	1757.0
1758	1747.0	1749.0	1758.0
1759	1748.0	1750.0	1759.0
1760	1749.0	1751.0	1760.0
1761	1750.0	1752.0	1761.0
1762	1751.0	1753.0	1762.0
1763	1752.0	1754.0	1763.0
1764	1753.0	1755.0	1764.0
1765	1754.0	1756.0	1765.0
1766	1755.0	1757.0	1766.0
1767	1756.0	1758.0	1767.0
1768	1757.0	1759.0	1768.0
1769	1758.0	1760.0	1769.0
1770	1759.0	1761.0	1770.0
1771	1760.0	1762.0	1771.0
1772	1761.0	1763.0	1772.0
1773	1762.0	1764.0	1773.0
1774	1763.0	1765.0	1774.0
1775	1764.0	1766.0	1775.0
1776	1765.0	1767.0	1776.0
1777	1766.0	1768.0	1777.0
1778	1767.0	1769.0	1778.0
1779	1768.0	1770.0	1779.0
1780	1769.0	1771.0	1780.0
1781	1770.0	1772.0	1781.0
1782	1771.0	1773.0	1782.0
1783	1772.0	1774.0	1783.0
1784	1773.0	1775.0	1784.0
1785	1774.0	1776.0	1785.0
1786	1775.0	1777.0	1786.0
1787	1776.0	1778.0	1787.0
1788	1777.0	1779.0	1788.0
1789	1778.0	1780.0	1789.0
1790	1779.0	1781.0	1790.0
1791	1780.0	1782.0	1791.0
1792	1781.0	1783.0	1792.0
1793	1782.0	1784.0	1793.0
1794	1783.0	1785.0	1794.0
1795	1784.0	1786.0	1795.0
1796	1785.0	1787.0	1796.0
1797	1786.0	1788.0	1797.0
1798	1787.0	1789.0	1798.0
1799	1788.0	1790.0	1799.0
1800	1789.0	1791.0	1800.0
1801	1790.0	1792.0	1801.0
1802	1791.0	1793.0	1802.0
1803	1792.0	1794.0	1803.0
1804	1793.0	1795.0	1804.0
1805	1794.0	1796.0	1805.0
1806	1795.0	1797.0	1806.0
1807	1796.0	1798.0	1807.0
1808	1797.0	1799.0	1808.0
1809	1798.0	1800.0	1809.0
1810	1799.0	1801.0	1810.0
1811	1800.0	1802.0	1811.0
1812	1801.0	1803.0	1812.0
1813	1802.0	1804.0	1813.0
1814	1803.0	1805.0	1814.0
1815	1804.0	1806.0	1815.0
1816	1805.0	1807.0	1816.0
1817	1806.0	1808.0	1817.0
1818	1807.0	1809.0	1818.0
1819	1808.0	1810.0	1819.0
1820	1809.0	1811.0	1820.0
1821	1810.0	1812.0	1821.0
1822	1811.0	1813.0	1822.0
1823	1812.0	1814.0	1823.0
1824	1813.0	1815.0	1824.0
1825	1814.0	1816.0	1825.0
1826	1815.0	1817.0	1826.0
1827	1816.0	1818.0	1827.0
1828	1817.0	1819.0	1828.0
1829	1818.0	1820.0	1829.0
1830	1819.0	1821.0	1830.0
1831	1820.0	1822.0	1831.0
1832	1821.0	1823.0	1832.0
1833	1822.0	1824.0	1833.0
1834	1823.0	1825.0	1834.0
1835	1824.0	1826.0	1835.0
1836	1825.0	1827.0	1836.0
1837	1826.0	1828.0	1837.0
1838	1827.0	1829.0	1838.0
1839	1828.0	1830.0	1839.0
1840	1829.0	1831.0	1840.0
1841	1830.0	1832.0	1841.0
1842	1831.0	1833.0	1842.0
1843	1832.0	1834.0	1843.0
1844	1833.0	1835.0	1844.0
1845	1834.0	1836.0	1845.0
1846	1835.0	1837.0	1846.0
1847	1836.0	1838.0	1847.0
1848	1837.0	1839.0	1848.0
1849	1838.0	1840.0	1849.0
1850	1839.0	1841.0	1850.0
1851	1840.0	1842.0	1851.0
1852	1841.0	1843.0	1852.0
1853	1842.0	1844.0	1853.0
1854	1843.0	1845.0	1854.0
1855	1844.0	1846.0	1855.0
1856	1845.0	1847.0	1856.0
1857	1846.0	1848.0	1857.0
1858	1847.0	1849.0	1858.0
1859	1848.0	1850.0	1859.0
1860	1849.0	1851.0	1860.0
1861	1850.0	1852.0	1861.0
1862	1851.0	1853.0	1862.0
1863	1852.0	1854.0	1863.0
1864	1853.0	1855.0	1864.0
1865	1854.0	1856.0	1865.0
1866	1855.0	1857.0	1866.0
1867	1856.0	1858.0	1867.0
1868	1857.0	1859.0	1868.0
1869	1858.0	1860.0	1869.0
1870	1859.0	1861.0	1870.0
1871	1860.0	1862.0	1871.0
1872	1861.0	1863.0	1872.0
1873	1862.0	1864.0	1873.0
1874	1863.0	1865.0	1874.0
1875	1864.0	1866.0	1875.0
1876	1865.0	1867.0	1876.0
1877	1866.0	1868.0	1877.0
1878	1867.0	1869.0	1878.0
1879	1868.0	1870.0	1879.0
1880	1869.0	1871.0	1880.0
1881	1870.0	1872.0	1881.0
1882	1871.0	1873.0	1882.0
1883	1872.0	1874.0	1883.0
1884	1873.0	1875.0	1884.0
1885	1874.0	1876.0	1885.0
1886	1875.0	1877.0	1886.0
1887	1876.0	1878.0	1887.0
1888	1877.0	1879.0	1888.0
1889	1878.0	1880.0	1889.0
1890	1879.0	1881.0	1890.0
1891	1880.0	1882.0	1891.0
1892	1881.0	1883.0	1892.0
1893	1882.0	1884.0	1893.0
1894	1883.0	1885.0	1894.0
1895	1884.0	1886.0	1895.0
1896	1885.0	1887.0	1896.0
1897	1886.0	1888.0	1897.0
1898	1887.0	1889.0	1898.0
1899	1888.0	1890.0	1899.0
1900	1889.0	1891.0	1900.0
1901	1890.0	1892.0	1901.0
1902	1891.0	1893.0	1902.0
1903	1892.0	1894.0	1903.0
1904	1893.0	1895.0	1904.0
1905	1894.0	1896.0	1905.0
1906	1895.0	1897.0	1906.0
1907	1896.0	1898.0	1907.0
1908	1897.0	1899.0	1908.0
1909	1898.0	1900.0	1909.0
1910	1899.0	1901.0	1910.0
1911	1900.0	1902.0	1911.0
1912	1901.0	1903.0	1912.0
1913	1902.0	1904.0	1913.0
1914	1903.0	1905.0	1914.0
1915	1904.0	1906.0	1915.0
1916	1905.0	1907.0	1916.0
1917	1906.0	1908.0	1917.0
1918	1907.0	1909.0	1918.0
1919	1908.0	1910.0	1919.0
1920	1909.0	1911.0	1920.0
1921	1910.0	1912.0	1921.0
1922	1911.0	1913.0	1922.0
1923	1912.0	1914.0	1923.0
1924	1913.0	1915.0	1924.0
1925	1914.0	1916.0	1925.0
1926	1915.0	1917.0	1926.0
1927	1916.0	1918.0	1927.0
1928	1917.0	1919.0	1928.0
1929	1918.0	1920.0	1929.0
1930	1919.0	1921.0	1930.0
1931	1920.0	1922.0	1931.0
1932	1921.0	1923.0	1932.0
1933	1922.0	1924.0	1933.0
1934	1923.0	1925.0	1934.0
1935	1924.0	1926.0	1935.0
1936	1925.0	1927.0	1936.0
1937	1926.0	1928.0	1937.0
1938	1927.0	1929.0	1938.0
1939	1928.0	1930.0	1939.0
1940	1929.0	1931.0	1940.0
1941	1930.0	1932.0	1941.0
1942	1931.0	1933.0	1942.0
1943	1932.0	1934.0	1943.0
1944	1933.0	1935.0	1944.0
1945	1934.0	1936.0	1945.0
1946	1935.0	1937.0	1946.0
1947	1936.0	1938.0	1947.0
1948	1937.0	1939.0	1948.0
1949	1938.0	1940.0	1949.0
1950	1939.0	1941.0	1950.0
1951	1940.0	1942.0	1951.0
1952	1941.0	1943.0	1952.0
1953	1942.0	1944.0	1953.0
1954	1943.0	1945.0	1954.0
1955	1944.0	1946.0	1955.0
1956	1945.0	1947.0	1956.0
1957	1946.0	1948.0	1957.0
1958	1947.0	1949.0	1958.0
1959	1948.0	1950.0	1959.0
1960	1949.0	1951.0	1960.0
1961	1950.0	1952.0	1961.0
1962	1951.0	1953.0	1962.0
1963	1952.0	1954.0	1963.0
1964	1953.0	1955.0	1964.0
1965	1954.0	1956.0	1965.0
1966	1955.0	1957.0	1966.0
1967	1956.0	1958.0	1967.0
1968	1957.0	1959.0	1968.0
1969	1958.0	1960.0	1969.0
1970	1959.0	1961.0	1970.0
1971	1960.0	1962.0	1971.0
1972	1961.0	1963.0	1972.0
1973	1962.0	1964.0	1973.0
1974	1963.0	1965.0	1974.0
1975	1964.0	1966.0	1975.0
1976	1965.0	1967.0	1976.0
1977	1966.0	1968.0	1977.0
1978	1967.0	1969.0	1978.0
1979	1968.0	1970.0	1979.0
1980	1969.0	1971.0	1980.0
1981	1970.0	1972.0	1981.0
1982	1971.0	1973.0	1982.0
1983	1972.0	1974.0	1983.0
1984	1973.0	1975.0	1984.0
1985	1974.0	1976.0	1985.0
1986	1975.0	1977.0	1986.0
1987	1976.0	1978.0	1987.0
1988	1977.0	1979.0	1988.0
1989	1978.0	1980.0	1989.0
1990	1979.0	1981.0	1990.0
1991	1980.0	1982.0	1991.0
1992	1981.0	1983.0	1992.0
1993	1982.0	1984.0	1993.0
1994	1983.0	1985.0	1994.0
1995	1984.0	1986.0	1995.0
1996	1985.0	1987.0	1996.0
1997	1986.0	1988.0	1997.0
1998	1987.0	1989.0	1998.0
1999	1988.0	1990.0	1999.0
2000	1989.0	1991.0	2000.0
2001	1990.0	1992.0	2001.0
2002	1991.0	1993.0	2002.0
2003	1992.0	1994.0	2003.0
2004	1993.0	1995.0	2004.0
2005	1994.0	1996.0	2005.0
2006	1995.0	1997.0	2006.0
2007	1996.0	1998.0	2007.0
2008	1997.0	1999.0	2008.0
2009	1998.0	2000.0	2009.0
2010	1999.0	2001.0	2010.0
2011	2000.0	2002.0	2011.0
2012	2001.0	2003.0	2012.0
2013	2002.0	2004.0	2013.0
2014	2003.0	2005.0	2014.0
2015	2004.0	2006.0	2015.0
2016	2005.0	2007.0	2016.0
2017	2006.0	2008.0	2017.0
2018	2007.0	2009.0	2018.0
2019	2008.0	2010.0	2019.0
2020	2009.0	2011.0	2020.0
2021	2010.0	2012.0	2021.0
2022	2011.0	2013.0	2022.0
2023	2012.0	2014.0	2023.0
2024	2013.0	2015.0	2024.0
2025	2014.0	2016.0	2025.0
2026	2015.0	2017.0	2026.0
2027	2016.0	2018.0	2027.0
2028	2017.0	2019.0	2028.0
2029	2018.0	2020.0	2029.0
2030	2019.0	2021.0	2030.0
2031	2020.0	2022.0	2031.0
2032	2021.0	2023.0	2032.0
2033	2022.0	2024.0	2033.0
2034	2023.0	2025.0	2034.0
2035	2024.0	2026.0	2035.0
2036	2025.0	2027.0	2036.0
2037	2026.0	2028.0	2037.0
2038	2027.0	2029.0	2038.0
2039	2028.0	2030.0	2039.0
2040	2029.0	2031.0	2040.0
2041	2030.0	2032.0	2041.0
2042	2031.0	2033.0	2042.0
2043	2032.0	2034.0	2043.0
2044	2033.0	2035.0	2044.0
2045	2034.0	2036.0	2045.0
2046	2035.0	2037.0	2046.0
2047	2036.0	2038.0	2047.0
2048	2037.0	2039.0	2048.0
2049	2038.0	2040.0	2049.0
2050	2039.0	2041.0	2050.0
2051	2040.0	2042.0	2051.0
2052	2041.0	2043.0	2052.0
2053	2042.0	2044.0	2053.0
2054	2043.0	2045.0	2054.0
2055	2044.0	2046.0	2055.0
2056	2045.0	2047.0	2056.0
2057	2046.0	2048.0	2057.0
2058	2047.0	2049.0	2058.0
2059	2048.0	2050.0	2059.0
2060	2049.0	2051.0	2060.0
2061	2050.0	2052.0	2061.0
2062	2051.0	2053.0	2062.0
2063	2052.0	2054.0	2063.0
2064	2053.0	2055.0	2064.0
2065	2054.0	2056.0	2065.0
2066	2055.0	2057.0	2066.0
2067	2056.0	2058.0	2067.0
2068	2057.0	2059.0	2068.0
2069	2058.0	2060.0	2069.0
2070	2059.0	2061.0	2070.0
2071	2060.0	2062.0	2071.0
2072	2061.0	2063.0	2072.0
2073	2062.0	2064.0	2073.0
2074	2063.0	2065.0	2074.0
2075	2064.0	2066.0	2075.0
2076	2065.0	2067.0	2076.0
2077	2066.0	2068.0	2077.0
2078	2067.0	2069.0	2078.0
2079	2068.0	2070.0	2079.0
2080	2069.0	2071.0	2080.0
2081	2070.0	2072.0	2081.0
2082	2071.0	2073.0	2082.0
2083	2072.0	2074.0	2083.0
2084	2073.0	2075.0	2084.0
2085	2074.0	2076.0	2085.0
2086	2075.0	2077.0	2086.0
2087	2076.0	2078.0	2087.0
2088	2077.0	2079.0	2088.0
2089	2078.0	2080.0	2089.0
2090	2079.0	2081.0	2090.0
2091	2080.0	2082.0	2091.0
2092	2081.0	2083.0	2092.0
2093	2082.0	2084.0	2093.0
2094	2083.0	2085.0	2094.0
2095	2084.0	2086.0	2095.0
2096	2085.0	2087.0	2096.0
2097	2086.0	2088.0	2097.0
2098	2087.0	2089.0	2098.0
2099	2088.0	2090.0	2099.0
2100	2089.0	2091.0	2100.0
2101	2090.0	2092.0	2101.0
2102	2091.0	2093.0	2102.0
2103	2092.0	2094.0	2103.0
2104	2093.0	2095.0	2104.0
2105	2094.0	2096.0	2105.0
2106	2095.0	2097.0	2106.0
2107	2096.0	2098.0	2107.0
2108	2097.0	2099.0	2108.0
2109	2098.0	2100.0	2109.0
2110	2099.0	2101.0	2110.0
2111	2100.0	2102.0	2111.0
2112	2101.0	2103.0	2112.0
2113	2102.0	2104.0	2113.0
2114	2103.0	2105.0	2114.0
2115	2104.0	2106.0	2115.0
2116	2105.0	2107.0	2116.0
2117	2106.0	2108.0	2117.0
2118	2107.0	2109.0	2118.0
2119	2108.0	2110.0	2119.0
2120	2109.0	2111.0	2120.0
2121	2110.0	2112.0	2121.0
2122	2111.0	2113.0	2122.0
2123	2112.0	2114.0	2123.0
2124	2113.0	2115.0	2124.0
2125	2114.0	2116.0	2125.0
2126	2115.0	2117.0	2126.0
2127	2116.0	2118.0	2127.0
2128	2117.0	2119.0	2128.0
2129	2118.0	2120.0	2129.0
2130	2119.0	2121.0	2130.0
2131	2120.0	2122.0	2131.0
2132	2121.0	2123.0	2132.0
2133	2122.0	2124.0	2133.0
2134	2123.0	2125.0	2134.0
2135	2124.0	2126.0	2135.0
2136	2125.0	2127.0	2136.0
2137	2126.0	2128.0	2137.0
2138	2127.0	2129.0	2138.0
2139	2128.0	2130.0	2139.0
2140	2129.0	2131.0	2140.0
2141	2130.0	2132.0	2141.0
2142	2131.0	2133.0	2142.0
2143	2132.0	2134.0	2143.0
2144	2133.0	2135.0	2144.0
2145	2134.0	2136.0	2145.0
2146	2135.0	2137.0	2146.0
2147	2136.0	2138.0	2147.0
2148	2137.0	2139.0	2148.0
2149	2138.0	2140.0	2149.0
2150	2139.0	2141.0	2150.0
2151	2140.0	2142.0	2151.0
2152	2141.0	2143.0	2152.0
2153	2142.0	2144.0	2153.0
2154	2143.0	2145.0	2154.0
2155	2144.0	2146.0	2155.0
2156	2145.0	2147.0	2156.0
2157	2146.0	2148.0	2157.0
2158	2147.0	2149.0	2158.0
2159	2148.0	2150.0	2159.0
2160	2149.0	2151.0	2160.0
2161	2150.0	2152.0	2161.0
2162	2151.0	2153.0	2162.0
2163	2152.0	2154.0	2163.0
2164	2153.0	2155.0	2164.0
2165	2154.0	2156.0	2165.0
2166	2155.0	2157.0	2166.0
2167	2156.0	2158.0	2167.0
2168	2157.0	2159.0	2168.0
2169	2158.0	2160.0	2169.0
2170	2159.0	2161.0	2170.0
2171	2160.0	2162.0	2171.0
2172	2161.0	2163.0	2172.0
2173	2162.0	2164.0	2173.0
2174	2163.0	2165.0	2174.0
2175	2164.0	2166.0	2175.0
2176	2165.0	2167.0	2176.0
2177	2166.0	2168.0	2177.0
2178	2167.0	2169.0	2178.0
2179	2168.0	2170.0	2179.0
2180	2169.0	2171.0	2180.0
2181	2170.0	2172.0	2181.0
2182	2171.0	2173.0	2182.0
2183	2172.0	2174.0	2183.0
2184	2173.0	2175.0	2184.0
2185	2174.0	2176.0	2185.0
2186	2175.0	2177.0	2186.0
2187	2176.0	2178.0	2187.0
2188	2177.0	2179.0	2188.0
2189	2178.0	2180.0	2189.0
2190	2179.0	2181.0	2190.0
2191	2180.0	2182.0	2191.0
2192	2181.0	2183.0	2192.0
2193	2182.0	2184.0	2193.0
2194	2183.0	2185.0	2194.0
2195	2184.0	2186.0	2195.0
2196	2185.0	2187.0	2196.0
2197	2186.0	2188.0	2197.0
2198	2187.0	2189.0	2198.0
2199	2188.0	2190.0	2199.0
2200	2189.0	2191.0	2200.0
2201	2190.0	2192.0	2201.0
2202	2191.0	2193.0	2202.0
2203	2192.0	2194.0	2203.0
2204	2193.0	2195.0	2204.0
2205	2194.0	2196.0	2205.0
2206	2195.0	2197.0	2206.0
2207	2196.0	2198.0	2207.0
2208	2197.0	2199.0	2208.0
2209	2198.0	2200.0	2209.0
2210	2199.0	2201.0	2210.0
2211	2200.0	2202.0	2211.0
2212	2201.0	2203.0	2212.0
2213	2202.0	2204.0	2213.0
2214	2203.0	2205.0	2214.0
2215	2204.0	2206.0	2215.0
2216	2205.0	2207.0	2216.0
2217	2206.0	2208.0	2217.0
2218	2207.0	2209.0	2218.0
2219	2208.0	2210.0	2219.0
2220	2209.0	2211.0	2220.0
2221	2210.0	2212.0	2221.0
2222	2211.0	2213.0	2222.0
2223	2212.0	2214.0	2223.0
2224	2213.0	2215.0	2224.0
2225	2214.0	2216.0	2225.0
2226	2215.0	2217.0	2226.0
2227	2216.0	2218.0	2227.0
2228	2217.0	2219.0	2228.0
2229	2218.0	2220.0	2229.0
2230	2219.0	2221.0	2230.0
2231	2220.0	2222.0	2231.0
2232	2221.0	2223.0	2232.0
2233	2222.0	2224.0	2233.0
2234	2223.0	2225.0	2234.0
2235	2224.0	2226.0	2235.0
2236	2225.0	2227.0	2236.0
2237	2226.0	2228.0	2237.0
2238	2227.0	2229.0	2238.0
2239	2228.0	2230.0	2239.0
2240	2229.0	2231.0	2240.0
2241	2230.0	2232.0	2241.0
2242	2231.0	2233.0	2242.0
2243	2232.0	2234.0	2243.0
2244	2233.0	2235.0	2244.0
2245	2234.0	2236.0	2245.0
2246	2235.0	2237.0	2246.0
2247	2236.0	2238.0	2247.0
2248	2237.0	2239.0	2248.0
2249	2238.0	2240.0	2249.0
2250	2239.0	2241.0	2250.0
2251	2240.0	2242.0	2251.0
2252	2241.0	2243.0	2252.0
2253	2242.0	2244.0	2253.0
2254	2243.0	2245.0	2254.0
2255	2244.0	2246.0	2255.0
2256	2245.0	2247.0	2256.0
2257	2246.0	2248.0	2257.0
2258	2247.0	2249.0	2258.0
2259	2248.0	2250.0	2259.0
2260	2249.0	2251.0	2260.0
2261	2250.0	2252.0	2261.0
2262	2251.0	2253.0	2262.0
2263	2252.0	2254.0	2263.0
2264	2253.0	2255.0	2264.0
2265	2254.0	2256.0	2265.0
2266	2255.0	2257.0	2266.0
2267	2256.0	2258.0	2267.0
2268	2257.0	2259.0	2268.0
2269	2258.0	2260.0	2269.0
2270	2259.0	2261.0	2270.0
2271	2260.0	2262.0	2271.0
2272	2261.0	2263.0	2272.0
2273	2262.0	2264.0	2273.0
2274	2263.0	2265.0	2274.0
2275	2264.0	2266.0	2275.0
2276	2265.0	2267.0	2276.0
2277	2266.0	2268.0	2277.0
2278	2267.0	2269.0	2278.0
2279	2268.0	2270.0	2279.0
2280	2269.0	2271.0	2280.0
2281	2270.0	2272.0	2281.0
2282	2271.0	2273.0	2282.0
2283	2272.0	2274.0	2283.0
2284	2273.0	2275.0	2284.0
2285	2274.0	2276.0	2285.0
2286	2275.0	2277.0	2286.0
2287	2276.0	2278.0	2287.0
2288	2277.0	2279.0	2288.0
2289	2278.0	2280.0	2289.0
2290	2279.0	2281.0	2290.0
2291	2280.0	2282.0	2291.0
2292	2281.0	2283.0	2292.0
2293	2282.0	2284.0	2293.0
2294	2283.0	2285.0	2294.0
2295	2284.0	2286.0	2295.0
2296	2285.0	2287.0	2296.0
2297	2286.0	2288.0	2297.0
2298	2287.0	2289.0	2298.0
2299	2288.0	2290.0	2299.0
2300	2289.0	2291.0	2300.0
2301	2290.0	2292.0	2301.0
2302	2291.0	2293.0	2302.0
2303	2292.0	2294.0	2303.0
2304	2293.0	2295.0	2304.0
2305	2294.0	2296.0	2305.0
2306	2295.0	2297.0	2306.0
2307	2296.0	2298.0	2307.0
2308	2297.0	2299.0	2308.0
2309	2298.0	2300.0	2309.0
2310	2299.0	2301.0	2310.0
2311	2300.0	2302.0	2311.0
2312	2301.0	2303.0	2312.0
2313	2302.0	2304.0	2313.0
2314	2303.0	2305.0	2314.0
2315	2304.0	2306.0	2315.0
2316	2305.0	2307.0	2316.0
2317	2306.0	2308.0	2317.0
2318	2307.0	2309.0	2318.0
2319	2308.0	2310.0	2319.0
2320	2309.0	2311.0	2320.0
2321	2310.0	2312.0	2321.0
2322	2311.0	2313.0	2322.0
2323	2312.0	2314.0	2323.0
2324	2313.0	2315.0	2324.0
2325	2314.0	2316.0	2325.0
2326	2315.0	2317.0	2326.0
2327	2316.0	2318.0	2327.0
2328	2317.0	2319.0	2328.0
2329	2318.0	2320.0	2329.0
2330	2319.0	2321.0	2330.0
2331	2320.0	2322.0	2331.0
2332	2321.0	2323.0	2332.0
2333	2322.0	2324.0	2333.0
2334	2323.0	2325.0	2334.0
2335	2324.0	2326.0	2335.0
2336	2325.0	2327.0	2336.0
2337	2326.0	2328.0	2337.0
2338	2327.0	2329.0	2338.0
2339	2328.0	2330.0	2339.0
2340	2329.0	2331.0	2340.0
2341	2330.0	2332.0	2341.0
2342	2331.0	2333.0	2342.0
2343	2332.0	2334.0	2343.0
2344	2333.0	2335.0	2344.0
2345	2334.0	2336.0	2345.0
2346	2335.0	2337.0	2346.0
2347	2336.0	2338.0	2347.0
2348	2337.0	2339.0	2348.0
2349	2338.0	2340.0	2349.0
2350	2339.0	2341.0	2350.0
2351	2340.0	2342.0	2351.0
2352	2341.0	2343.0	2352.0
2353	2342.0	2344.0	2353.0
2354	2343.0	2345.0	2354.0
2355	2344.0	2346.0	2355.0
2356	2345.0	2347.0	2356.0
2357	2346.0	2348.0	2357.0
2358	2347.0	2349.0	2358.0
2359	2348.0	2350.0	2359.0
2360	2349.0	2351.0	2360.0
2361	2350.0	2352.0	2361.0
2362	2351.0	2353.0	2362.0
2363	2352.0	2354.0	2363.0
2364	2353.0	2355.0	2364.0
2365	2354.0	2356.0	2365.0
2366	2355.0	2357.0	2366.0
2367	2356.0	2358.0	2367.0
2368	2357.0	2359.0	2368.0
2369	2358.0	2360.0	2369.0
2370	2359.0	2361.0	2370.0
2371	2360.0	2362.0	2371.0
2372	2361.0	2363.0	2372.0
2373	2362.0	2364.0	2373.0
2374	2363.0	2365.0	2374.0
2375	2364.0	2366.0	2375.0
2376	2365.0	2367.0	2376.0
2377	2366.0	2368.0	2377.0
2378	2367.0	2369.0	2378.0
2379	2368.0	2370.0	2379.0
2380	2369.0	2371.0	2380.0
2381	2370.0	2372.0	2381.0
2382	2371.0	2373.0	2382.0
2383	2372.0	2374.0	2383.0
2384	2373.0	2375.0	2384.0
2385	2374.0	2376.0	2385.0
2386	2375.0	2377.0	2386.0
2387	2376.0	2378.0	2387.0
2388	2377.0	2379.0	2388.0
2389	2378.0	2380.0	2389.0
2390	2379.0	2381.0	2390.0
2391	2380.0	2382.0	2391.0
2392	2381.0	2383.0	2392.0
2393	2382.0	2384.0	2393.0
2394	2383.0	2385.0	2394.0
2395	2384.0	2386.0	2395.0
2396	2385.0	2387.0	2396.0
2397	2386.0	2388.0	2397.0
2398	2387.0	2389.0	2398.0
2399	2388.0	2390.0	2399.0
2400	2389.0	2391.0	2400.0
2401	2390.0	2392.0	2401.0
2402	2391.0	2393.0	2402.0
2403	2392.0	2394.0	2403.0
2404	2393.0	2395.0	2404.0
2405	2394.0	2396.0	2405.0
2406	2395.0	2397.0	2406.0
2407	2396.0	2398.0	2407.0
2408	2397.0	2399.0	2408.0
2409	2398.0	2400.0	2409.0
2410	2399.0	2401.0	2410.0
2411	2400.0	2402.0	2411.0
2412	2401.0	2403.0	2412.0
2413	2402.0	2404.0	2413.0
2414		2405.0	2414.0
2415		2406.0	2415.0
2416		2407.0	2416.0
2417		2408.0	2417.0
2418		2409.0	2418.0
2419		2410.0	2419.0
2420		2411.0	2420.0
2421		2412.0	2421.0
2422		2413.0	2422.0
2423		2414.0	2423.0
2424		2415.0	2424.0
2425		2416.0	2425.0
2426		2417.0	2426.0
2427		2418.0	2427.0
2428		2419.0	2428.0
2429		2420.0	2429.0
2430	2403.0	2421.0	2430.0
2431	2404.0	2422.0	2431.0
2432	2405.0	2423.0	2432.0
2433	2406.0	2424.0	2433.0
2434	2407.0	2425.0	2434.0
2435	2408.0	2426.0	2435.0
2436	2409.0	2427.0	2436.0
2437	2410.0	2428.0	2437.0
2438	2411.0	2429.0	2438.0
2439	2412.0	2430.0	2439.0
2440	2413.0	2431.0	2440.0
2441	2414.0	2432.0	2441.0
2442	2415.0	2433.0	2442.0
2443	2416.0	2434.0	2443.0
2444	2417.0	2435.0	2444.0
2445	2418.0	2436.0	2445.0
2446	2419.0	2437.0	2446.0
2447	2420.0	2438.0	2447.0
2448	2421.0	2439.0	2448.0
2449	2422.0	2440.0	2449.0
2450	2423.0	2441.0	2450.0
2451	2424.0	2442.0	2451.0
2452	2425.0	2443.0	2452.0
2453	2426.0	2444.0	2453.0
2454	2427.0	2445.0	2454.0
2455	2428.0	2446.0	2455.0
2456	2429.0	2447.0	2456.0
2457	2430.0	2448.0	2457.0
2458	2431.0	2449.0	2458.0
2459	2432.0	2450.0	2459.0
2460	2433.0	2451.0	2460.0
2461	2434.0	2452.0	2461.0
2462	2435.0	2453.0	2462.0
2463	2436.0	2454.0	2463.0
2464	2437.0	2455.0	2464.0
2465	2438.0	2456.0	2465.0
2466	2439.0	2457.0	2466.0
2467	2440.0	2458.0	2467.0
2468	2441.0	2459.0	2468.0
2469	2442.0	2460.0	2469.0
2470	2443.0	2461.0	2470.0
2471	2444.0	2462.0	2471.0
2472	2445.0	2463.0	2472.0
2473	2446.0	2464.0	2473.0
2474	2447.0	2465.0	2474.0
2475	2448.0	2466.0	2475.0
2476	2449.0	2467.0	2476.0
2477	2450.0	2468.0	2477.0
2478	2451.0	2469.0	2478.0
2479	2452.0	2470.0	2479.0
2480	2453.0	2471.0	2480.0
2481	2454.0	2472.0	2481.0
2482	2455.0	2473.0	2482.0
2483	2456.0	2474.0	2483.0
2484	2457.0	2475.0	2484.0
2485	2458.0	2476.0	2485.0
2486	2459.0	2477.0	2486.0
2487	2460.0	2478.0	2487.0
2488	2461.0	2479.0	2488.0
2489	2462.0	2480.0	2489.0
2490	2463.0	2481.0	2490.0
2491	2464.0	2482.0	2491.0
2492	2465.0	2483.0	2492.0
2493	2466.0	2484.0	2493.0
2494	2467.0	2485.0	2494.0
2495	2468.0	2486.0	2495.0
2496	2469.0	2487.0	2496.0
2497	2470.0	2488.0	2497.0
2498	2471.0	2489.0	2498.0
2499	2472.0	2490.0	2499.0
2500	2473.0	2491.0	2500.0
2501	2474.0	2492.0	2501.0
2502	2475.0	2493.0	2502.0
2503	2476.0	2494.0	2503.0
2504	2477.0	2495.0	2504.0
2505	2478.0	2496.0	2505.0
2506	2479.0	2497.0	2506.0
2507	2480.0	2498.0	2507.0
2508	2481.0	2499.0	2508.0
2509	2482.0	2500.0	2509.0
2510	2483.0	2501.0	2510.0
2511	2484.0	2502.0	2511.0
2512	2485.0	2503.0	2512.0
2513	2486.0	2504.0	2513.0
2514	2487.0	2505.0	2514.0
2515	2488.0	2506.0	2515.0
2516	2489.0	2507.0	2516.0
2517	2490.0	2508.0	2517.0
2518	2491.0	2509.0	2518.0
2519	2492.0	2510.0	2519.0
2520	2493.0	2511.0	2520.0
2521	2494.0	2512.0	2521.0
2522	2495.0	2513.0	2522.0
2523	2496.0	2514.0	2523.0
2524	2497.0	2515.0	2524.0
2525	2498.0	2516.0	2525.0
2526	2499.0	2517.0	2526.0
2527	2500.0	2518.0	2527.0
2528	2501.0	2519.0	2528.0
2529	2502.0	2520.0	2529.0
2530	2503.0	2521.0	2530.0
2531	2504.0	2522.0	2531.0
2532	2505.0	2523.0	2532.0
2533	2506.0	2524.0	2533.0
2534	2507.0	2525.0	2534.0
2535	2508.0	2526.0	2535.0
2536	2509.0	2527.0	2536.0
2537	2510.0	2528.0	2537.0
2538	2511.0	2529.0	2538.0
2539	2512.0	2530.0	2539.0
2540	2513.0	2531.0	2540.0
2541	2514.0	2532.0	2541.0
2542	2515.0	2533.0	2542.0
2543	2516.0	2534.0	2543.0
2544	2517.0	2535.0	2544.0
2545	2518.0	2536.0	2545.0
2546	2519.0	2537.0	2546.0
2547	2520.0	2538.0	2547.0
2548	2521.0	2539.0	2548.0
2549	2522.0	2540.0	2549.0
2550	2523.0	2541.0	2550.0
2551	2524.0	2542.0	2551.0
2552	2525.0	2543.0	2552.0
2553	2526.0	2544.0	2553.0
2554	2527.0	2545.0	2554.0
2555	2528.0	2546.0	2555.0
2556	2529.0	2547.0	2556.0
2557	2530.0	2548.0	2557.0
2558	2531.0	2549.0	2558.0
2559	2532.0	2550.0	2559.0
2560	2533.0	2551.0	2560.0
2561	2534.0	2552.0	2561.0
2562	2535.0	2553.0	2562.0
2563	2536.0	2554.0	2563.0
2564	2537.0	2555.0	2564.0
2565	2538.0	2556.0	2565.0
2566	2539.0	2557.0	2566.0
2567	2540.0	2558.0	2567.0
2568	2541.0	2559.0	2568.0
2569	2542.0	2560.0	2569.0
2570	2543.0	2561.0	2570.0
2571	2544.0	2562.0	2571.0
2572	2545.0	2563.0	2572.0
2573	2546.0	2564.0	2573.0
2574	2547.0	2565.0	2574.0
2575	2548.0	2566.0	2575.0
2576	2549.0	2567.0	2576.0
2577	2550.0	2568.0	2577.0
2578	2551.0	2569.0	2578.0
2579	2552.0	2570.0	2579.0
2580	2553.0	2571.0	2580.0
2581	2554.0	2572.0	2581.0
2582	2555.0	2573.0	2582.0
2583	2556.0	2574.0	2583.0
2584	2557.0	2575.0	2584.0
2585	2558.0	2576.0	2585.0
2586	2559.0	2577.0	2586.0
2587	2560.0	2578.0	2587.0
2588	2561.0	2579.0	2588.0
2589	2562.0	2580.0	2589.0
2590	2563.0	2581.0	2590.0
2591	2564.0	2582.0	2591.0
2592	2565.0	2583.0	2592.0
2593	2566.0	2584.0	2593.0
2594	2567.0	2585.0	2594.0
2595	2568.0	2586.0	2595.0
2596	2569.0	2587.0	2596.0
2597	2570.0	2588.0	2597.0
2598	2571.0	2589.0	2598.0
2599	2572.0	2590.0	2599.0
2600	2573.0	2591.0	2600.0
2601	2574.0	2592.0	2601.0
2602	2575.0	2593.0	2602.0
2603	2576.0	2594.0	2603.0
2604	2577.0	2595.0	2604.0
2605	2578.0	2596.0	2605.0
2606	2579.0	2597.0	2606.0
2607	2580.0	2598.0	2607.0
2608	2581.0	2599.0	2608.0
2609	2582.0	2600.0	2609.0
2610	2583.0	2601.0	2610.0
2611	2584.0	2602.0	2611.0
2612	2585.0	2603.0	2612.0
2613	2586.0	2604.0	2613.0
2614	2587.0	2605.0	2614.0
2615	2588.0	2606.0	2615.0
2616	2589.0	2607.0	2616.0
2617	2590.0	2608.0	2617.0
2618	2591.0	2609.0	2618.0
2619	2592.0	2610.0	2619.0
2620	2593.0	2611.0	2620.0
2621	2594.0	2612.0	2621.0
2622	2595.0	2613.0	2622.0
2623	2596.0	2614.0	2623.0
2624	2597.0	2615.0	2624.0
2625	2598.0	2616.0	2625.0
2626	2599.0	2617.0	2626.0
2627	2600.0	2618.0	2627.0
2628	2601.0	2619.0	2628.0
2629	2602.0	2620.0	2629.0
2630	2603.0	2621.0	2630.0
2631	2604.0	2622.0	2631.0
2632	2605.0	2623.0	2632.0
2633	2606.0	2624.0	2633.0
2634	2607.0	2625.0	2634.0
2635	2608.0	2626.0	2635.0
2636	2609.0	2627.0	2636.0
2637	2610.0	2628.0	2637.0
2638	2611.0		2638.0
2639	2612.0		2639.0
