PB2	CY207738.1	CY121503.1	KJ942687.1
1			1.0
2			2.0
3			3.0
4			4.0
5			5.0
6			6.0
7			7.0
8			8.0
9			9.0
10			10.0
11			11.0
12			12.0
13			13.0
14			14.0
15		1.0	15.0
16	1.0	2.0	16.0
17	2.0	3.0	17.0
18	3.0	4.0	18.0
19	4.0	5.0	19.0
20	5.0	6.0	20.0
21	6.0	7.0	21.0
22	7.0	8.0	22.0
23	8.0	9.0	23.0
24	9.0	10.0	24.0
25	10.0	11.0	25.0
26	11.0	12.0	26.0
27	12.0	13.0	27.0
28	13.0	14.0	28.0
29	14.0	15.0	29.0
30	15.0	16.0	30.0
31	16.0	17.0	31.0
32	17.0	18.0	32.0
33	18.0	19.0	33.0
34	19.0	20.0	34.0
35	20.0	21.0	35.0
36	21.0	22.0	36.0
37	22.0	23.0	37.0
38	23.0	24.0	38.0
39	24.0	25.0	39.0
40	25.0	26.0	40.0
41	26.0	27.0	41.0
42	27.0	28.0	42.0
43	28.0	29.0	43.0
44	29.0	30.0	44.0
45	30.0	31.0	45.0
46	31.0	32.0	46.0
47	32.0	33.0	47.0
48	33.0	34.0	48.0
49	34.0	35.0	49.0
50	35.0	36.0	50.0
51	36.0	37.0	51.0
52	37.0	38.0	52.0
53	38.0	39.0	53.0
54	39.0	40.0	54.0
55	40.0	41.0	55.0
56	41.0	42.0	56.0
57	42.0	43.0	57.0
58	43.0	44.0	58.0
59	44.0	45.0	59.0
60	45.0	46.0	60.0
61	46.0	47.0	61.0
62	47.0	48.0	62.0
63	48.0	49.0	63.0
64	49.0	50.0	64.0
65	50.0	51.0	65.0
66	51.0	52.0	66.0
67	52.0	53.0	67.0
68	53.0	54.0	68.0
69	54.0	55.0	69.0
70	55.0	56.0	70.0
71	56.0	57.0	71.0
72	57.0	58.0	72.0
73	58.0	59.0	73.0
74	59.0	60.0	74.0
75	60.0	61.0	75.0
76	61.0	62.0	76.0
77	62.0	63.0	77.0
78	63.0	64.0	78.0
79	64.0	65.0	79.0
80	65.0	66.0	80.0
81	66.0	67.0	81.0
82	67.0	68.0	82.0
83	68.0	69.0	83.0
84	69.0	70.0	84.0
85	70.0	71.0	85.0
86	71.0	72.0	86.0
87	72.0	73.0	87.0
88	73.0	74.0	88.0
89	74.0	75.0	89.0
90	75.0	76.0	90.0
91	76.0	77.0	91.0
92	77.0	78.0	92.0
93	78.0	79.0	93.0
94	79.0	80.0	94.0
95	80.0	81.0	95.0
96	81.0	82.0	96.0
97	82.0	83.0	97.0
98	83.0	84.0	98.0
99	84.0	85.0	99.0
100	85.0	86.0	100.0
101	86.0	87.0	101.0
102	87.0	88.0	102.0
103	88.0	89.0	103.0
104	89.0	90.0	104.0
105	90.0	91.0	105.0
106	91.0	92.0	106.0
107	92.0	93.0	107.0
108	93.0	94.0	108.0
109	94.0	95.0	109.0
110	95.0	96.0	110.0
111	96.0	97.0	111.0
112	97.0	98.0	112.0
113	98.0	99.0	113.0
114	99.0	100.0	114.0
115	100.0	101.0	115.0
116	101.0	102.0	116.0
117	102.0	103.0	117.0
118	103.0	104.0	118.0
119	104.0	105.0	119.0
120	105.0	106.0	120.0
121	106.0	107.0	121.0
122	107.0	108.0	122.0
123	108.0	109.0	123.0
124	109.0	110.0	124.0
125	110.0	111.0	125.0
126	111.0	112.0	126.0
127	112.0	113.0	127.0
128	113.0	114.0	128.0
129	114.0	115.0	129.0
130	115.0	116.0	130.0
131	116.0	117.0	131.0
132	117.0	118.0	132.0
133	118.0	119.0	133.0
134	119.0	120.0	134.0
135	120.0	121.0	135.0
136	121.0	122.0	136.0
137	122.0	123.0	137.0
138	123.0	124.0	138.0
139	124.0	125.0	139.0
140	125.0	126.0	140.0
141	126.0	127.0	141.0
142	127.0	128.0	142.0
143	128.0	129.0	143.0
144	129.0	130.0	144.0
145	130.0	131.0	145.0
146	131.0	132.0	146.0
147	132.0	133.0	147.0
148	133.0	134.0	148.0
149	134.0	135.0	149.0
150	135.0	136.0	150.0
151	136.0	137.0	151.0
152	137.0	138.0	152.0
153	138.0	139.0	153.0
154	139.0	140.0	154.0
155	140.0	141.0	155.0
156	141.0	142.0	156.0
157	142.0	143.0	157.0
158	143.0	144.0	158.0
159	144.0	145.0	159.0
160	145.0	146.0	160.0
161	146.0	147.0	161.0
162	147.0	148.0	162.0
163	148.0	149.0	163.0
164	149.0	150.0	164.0
165	150.0	151.0	165.0
166	151.0	152.0	166.0
167	152.0	153.0	167.0
168	153.0	154.0	168.0
169	154.0	155.0	169.0
170	155.0	156.0	170.0
171	156.0	157.0	171.0
172	157.0	158.0	172.0
173	158.0	159.0	173.0
174	159.0	160.0	174.0
175	160.0	161.0	175.0
176	161.0	162.0	176.0
177	162.0	163.0	177.0
178	163.0	164.0	178.0
179	164.0	165.0	179.0
180	165.0	166.0	180.0
181	166.0	167.0	181.0
182	167.0	168.0	182.0
183	168.0	169.0	183.0
184	169.0	170.0	184.0
185	170.0	171.0	185.0
186	171.0	172.0	186.0
187	172.0	173.0	187.0
188	173.0	174.0	188.0
189	174.0	175.0	189.0
190	175.0	176.0	190.0
191	176.0	177.0	191.0
192	177.0	178.0	192.0
193	178.0	179.0	193.0
194	179.0	180.0	194.0
195	180.0	181.0	195.0
196	181.0	182.0	196.0
197	182.0	183.0	197.0
198	183.0	184.0	198.0
199	184.0	185.0	199.0
200	185.0	186.0	200.0
201	186.0	187.0	201.0
202	187.0	188.0	202.0
203	188.0	189.0	203.0
204	189.0	190.0	204.0
205	190.0	191.0	205.0
206	191.0	192.0	206.0
207	192.0	193.0	207.0
208	193.0	194.0	208.0
209	194.0	195.0	209.0
210	195.0	196.0	210.0
211	196.0	197.0	211.0
212	197.0	198.0	212.0
213	198.0	199.0	213.0
214	199.0	200.0	214.0
215	200.0	201.0	215.0
216	201.0	202.0	216.0
217	202.0	203.0	217.0
218	203.0	204.0	218.0
219	204.0	205.0	219.0
220	205.0	206.0	220.0
221	206.0	207.0	221.0
222	207.0	208.0	222.0
223	208.0	209.0	223.0
224	209.0	210.0	224.0
225	210.0	211.0	225.0
226	211.0	212.0	226.0
227	212.0	213.0	227.0
228	213.0	214.0	228.0
229	214.0	215.0	229.0
230	215.0	216.0	230.0
231	216.0	217.0	231.0
232	217.0	218.0	232.0
233	218.0	219.0	233.0
234	219.0	220.0	234.0
235	220.0	221.0	235.0
236	221.0	222.0	236.0
237	222.0	223.0	237.0
238	223.0	224.0	238.0
239	224.0	225.0	239.0
240	225.0	226.0	240.0
241	226.0	227.0	241.0
242	227.0	228.0	242.0
243	228.0	229.0	243.0
244	229.0	230.0	244.0
245	230.0	231.0	245.0
246	231.0	232.0	246.0
247	232.0	233.0	247.0
248	233.0	234.0	248.0
249	234.0	235.0	249.0
250	235.0	236.0	250.0
251	236.0	237.0	251.0
252	237.0	238.0	252.0
253	238.0	239.0	253.0
254	239.0	240.0	254.0
255	240.0	241.0	255.0
256	241.0	242.0	256.0
257	242.0	243.0	257.0
258	243.0	244.0	258.0
259	244.0	245.0	259.0
260	245.0	246.0	260.0
261	246.0	247.0	261.0
262	247.0	248.0	262.0
263	248.0	249.0	263.0
264	249.0	250.0	264.0
265	250.0	251.0	265.0
266	251.0	252.0	266.0
267	252.0	253.0	267.0
268	253.0	254.0	268.0
269	254.0	255.0	269.0
270	255.0	256.0	270.0
271	256.0	257.0	271.0
272	257.0	258.0	272.0
273	258.0	259.0	273.0
274	259.0	260.0	274.0
275	260.0	261.0	275.0
276	261.0	262.0	276.0
277	262.0	263.0	277.0
278	263.0	264.0	278.0
279	264.0	265.0	279.0
280	265.0	266.0	280.0
281	266.0	267.0	281.0
282	267.0	268.0	282.0
283	268.0	269.0	283.0
284	269.0	270.0	284.0
285	270.0	271.0	285.0
286	271.0	272.0	286.0
287	272.0	273.0	287.0
288	273.0	274.0	288.0
289	274.0	275.0	289.0
290	275.0	276.0	290.0
291	276.0	277.0	291.0
292	277.0	278.0	292.0
293	278.0	279.0	293.0
294	279.0	280.0	294.0
295	280.0	281.0	295.0
296	281.0	282.0	296.0
297	282.0	283.0	297.0
298	283.0	284.0	298.0
299	284.0	285.0	299.0
300	285.0	286.0	300.0
301	286.0	287.0	301.0
302	287.0	288.0	302.0
303	288.0	289.0	303.0
304	289.0	290.0	304.0
305	290.0	291.0	305.0
306	291.0	292.0	306.0
307	292.0	293.0	307.0
308	293.0	294.0	308.0
309	294.0	295.0	309.0
310	295.0	296.0	310.0
311	296.0	297.0	311.0
312	297.0	298.0	312.0
313	298.0	299.0	313.0
314	299.0	300.0	314.0
315	300.0	301.0	315.0
316	301.0	302.0	316.0
317	302.0	303.0	317.0
318	303.0	304.0	318.0
319	304.0	305.0	319.0
320	305.0	306.0	320.0
321	306.0	307.0	321.0
322	307.0	308.0	322.0
323	308.0	309.0	323.0
324	309.0	310.0	324.0
325	310.0	311.0	325.0
326	311.0	312.0	326.0
327	312.0	313.0	327.0
328	313.0	314.0	328.0
329	314.0	315.0	329.0
330	315.0	316.0	330.0
331	316.0	317.0	331.0
332	317.0	318.0	332.0
333	318.0	319.0	333.0
334	319.0	320.0	334.0
335	320.0	321.0	335.0
336	321.0	322.0	336.0
337	322.0	323.0	337.0
338	323.0	324.0	338.0
339	324.0	325.0	339.0
340	325.0	326.0	340.0
341	326.0	327.0	341.0
342	327.0	328.0	342.0
343	328.0	329.0	343.0
344	329.0	330.0	344.0
345	330.0	331.0	345.0
346	331.0	332.0	346.0
347	332.0	333.0	347.0
348	333.0	334.0	348.0
349	334.0	335.0	349.0
350	335.0	336.0	350.0
351	336.0	337.0	351.0
352	337.0	338.0	352.0
353	338.0	339.0	353.0
354	339.0	340.0	354.0
355	340.0	341.0	355.0
356	341.0	342.0	356.0
357	342.0	343.0	357.0
358	343.0	344.0	358.0
359	344.0	345.0	359.0
360	345.0	346.0	360.0
361	346.0	347.0	361.0
362	347.0	348.0	362.0
363	348.0	349.0	363.0
364	349.0	350.0	364.0
365	350.0	351.0	365.0
366	351.0	352.0	366.0
367	352.0	353.0	367.0
368	353.0	354.0	368.0
369	354.0	355.0	369.0
370	355.0	356.0	370.0
371	356.0	357.0	371.0
372	357.0	358.0	372.0
373	358.0	359.0	373.0
374	359.0	360.0	374.0
375	360.0	361.0	375.0
376	361.0	362.0	376.0
377	362.0	363.0	377.0
378	363.0	364.0	378.0
379	364.0	365.0	379.0
380	365.0	366.0	380.0
381	366.0	367.0	381.0
382	367.0	368.0	382.0
383	368.0	369.0	383.0
384	369.0	370.0	384.0
385	370.0	371.0	385.0
386	371.0	372.0	386.0
387	372.0	373.0	387.0
388	373.0	374.0	388.0
389	374.0	375.0	389.0
390	375.0	376.0	390.0
391	376.0	377.0	391.0
392	377.0	378.0	392.0
393	378.0	379.0	393.0
394	379.0	380.0	394.0
395	380.0	381.0	395.0
396	381.0	382.0	396.0
397	382.0	383.0	397.0
398	383.0	384.0	398.0
399	384.0	385.0	399.0
400	385.0	386.0	400.0
401	386.0	387.0	401.0
402	387.0	388.0	402.0
403	388.0	389.0	403.0
404	389.0	390.0	404.0
405	390.0	391.0	405.0
406	391.0	392.0	406.0
407	392.0	393.0	407.0
408	393.0	394.0	408.0
409	394.0	395.0	409.0
410	395.0	396.0	410.0
411	396.0	397.0	411.0
412	397.0	398.0	412.0
413	398.0	399.0	413.0
414	399.0	400.0	414.0
415	400.0	401.0	415.0
416	401.0	402.0	416.0
417	402.0	403.0	417.0
418	403.0	404.0	418.0
419	404.0	405.0	419.0
420	405.0	406.0	420.0
421	406.0	407.0	421.0
422	407.0	408.0	422.0
423	408.0	409.0	423.0
424	409.0	410.0	424.0
425	410.0	411.0	425.0
426	411.0	412.0	426.0
427	412.0	413.0	427.0
428	413.0	414.0	428.0
429	414.0	415.0	429.0
430	415.0	416.0	430.0
431	416.0	417.0	431.0
432	417.0	418.0	432.0
433	418.0	419.0	433.0
434	419.0	420.0	434.0
435	420.0	421.0	435.0
436	421.0	422.0	436.0
437	422.0	423.0	437.0
438	423.0	424.0	438.0
439	424.0	425.0	439.0
440	425.0	426.0	440.0
441	426.0	427.0	441.0
442	427.0	428.0	442.0
443	428.0	429.0	443.0
444	429.0	430.0	444.0
445	430.0	431.0	445.0
446	431.0	432.0	446.0
447	432.0	433.0	447.0
448	433.0	434.0	448.0
449	434.0	435.0	449.0
450	435.0	436.0	450.0
451	436.0	437.0	451.0
452	437.0	438.0	452.0
453	438.0	439.0	453.0
454	439.0	440.0	454.0
455	440.0	441.0	455.0
456	441.0	442.0	456.0
457	442.0	443.0	457.0
458	443.0	444.0	458.0
459	444.0	445.0	459.0
460	445.0	446.0	460.0
461	446.0	447.0	461.0
462	447.0	448.0	462.0
463	448.0	449.0	463.0
464	449.0	450.0	464.0
465	450.0	451.0	465.0
466	451.0	452.0	466.0
467	452.0	453.0	467.0
468	453.0	454.0	468.0
469	454.0	455.0	469.0
470	455.0	456.0	470.0
471	456.0	457.0	471.0
472	457.0	458.0	472.0
473	458.0	459.0	473.0
474	459.0	460.0	474.0
475	460.0	461.0	475.0
476	461.0	462.0	476.0
477	462.0	463.0	477.0
478	463.0	464.0	478.0
479	464.0	465.0	479.0
480	465.0	466.0	480.0
481	466.0	467.0	481.0
482	467.0	468.0	482.0
483	468.0	469.0	483.0
484	469.0	470.0	484.0
485	470.0	471.0	485.0
486	471.0	472.0	486.0
487	472.0	473.0	487.0
488	473.0	474.0	488.0
489	474.0	475.0	489.0
490	475.0	476.0	490.0
491	476.0	477.0	491.0
492	477.0	478.0	492.0
493	478.0	479.0	493.0
494	479.0	480.0	494.0
495	480.0	481.0	495.0
496	481.0	482.0	496.0
497	482.0	483.0	497.0
498	483.0	484.0	498.0
499	484.0	485.0	499.0
500	485.0	486.0	500.0
501	486.0	487.0	501.0
502	487.0	488.0	502.0
503	488.0	489.0	503.0
504	489.0	490.0	504.0
505	490.0	491.0	505.0
506	491.0	492.0	506.0
507	492.0	493.0	507.0
508	493.0	494.0	508.0
509	494.0	495.0	509.0
510	495.0	496.0	510.0
511	496.0	497.0	511.0
512	497.0	498.0	512.0
513	498.0	499.0	513.0
514	499.0	500.0	514.0
515	500.0	501.0	515.0
516	501.0	502.0	516.0
517	502.0	503.0	517.0
518	503.0	504.0	518.0
519	504.0	505.0	519.0
520	505.0	506.0	520.0
521	506.0	507.0	521.0
522	507.0	508.0	522.0
523	508.0	509.0	523.0
524	509.0	510.0	524.0
525	510.0	511.0	525.0
526	511.0	512.0	526.0
527	512.0	513.0	527.0
528	513.0	514.0	528.0
529	514.0	515.0	529.0
530	515.0	516.0	530.0
531	516.0	517.0	531.0
532	517.0	518.0	532.0
533	518.0	519.0	533.0
534	519.0	520.0	534.0
535	520.0	521.0	535.0
536	521.0	522.0	536.0
537	522.0	523.0	537.0
538	523.0	524.0	538.0
539	524.0	525.0	539.0
540	525.0	526.0	540.0
541	526.0	527.0	541.0
542	527.0	528.0	542.0
543	528.0	529.0	543.0
544	529.0	530.0	544.0
545	530.0	531.0	545.0
546	531.0	532.0	546.0
547	532.0	533.0	547.0
548	533.0	534.0	548.0
549	534.0	535.0	549.0
550	535.0	536.0	550.0
551	536.0	537.0	551.0
552	537.0	538.0	552.0
553	538.0	539.0	553.0
554	539.0	540.0	554.0
555	540.0	541.0	555.0
556	541.0	542.0	556.0
557	542.0	543.0	557.0
558	543.0	544.0	558.0
559	544.0	545.0	559.0
560	545.0	546.0	560.0
561	546.0	547.0	561.0
562	547.0	548.0	562.0
563	548.0	549.0	563.0
564	549.0	550.0	564.0
565	550.0	551.0	565.0
566	551.0	552.0	566.0
567	552.0	553.0	567.0
568	553.0	554.0	568.0
569	554.0	555.0	569.0
570	555.0	556.0	570.0
571	556.0	557.0	571.0
572	557.0	558.0	572.0
573	558.0	559.0	573.0
574	559.0	560.0	574.0
575	560.0	561.0	575.0
576	561.0	562.0	576.0
577	562.0	563.0	577.0
578	563.0	564.0	578.0
579	564.0	565.0	579.0
580	565.0	566.0	580.0
581	566.0	567.0	581.0
582	567.0	568.0	582.0
583	568.0	569.0	583.0
584	569.0	570.0	584.0
585	570.0	571.0	585.0
586	571.0	572.0	586.0
587	572.0	573.0	587.0
588	573.0	574.0	588.0
589	574.0	575.0	589.0
590	575.0	576.0	590.0
591	576.0	577.0	591.0
592	577.0	578.0	592.0
593	578.0	579.0	593.0
594	579.0	580.0	594.0
595	580.0	581.0	595.0
596	581.0	582.0	596.0
597	582.0	583.0	597.0
598	583.0	584.0	598.0
599	584.0	585.0	599.0
600	585.0	586.0	600.0
601	586.0	587.0	601.0
602	587.0	588.0	602.0
603	588.0	589.0	603.0
604	589.0	590.0	604.0
605	590.0	591.0	605.0
606	591.0	592.0	606.0
607	592.0	593.0	607.0
608	593.0	594.0	608.0
609	594.0	595.0	609.0
610	595.0	596.0	610.0
611	596.0	597.0	611.0
612	597.0	598.0	612.0
613	598.0	599.0	613.0
614	599.0	600.0	614.0
615	600.0	601.0	615.0
616	601.0	602.0	616.0
617	602.0	603.0	617.0
618	603.0	604.0	618.0
619	604.0	605.0	619.0
620	605.0	606.0	620.0
621	606.0	607.0	621.0
622	607.0	608.0	622.0
623	608.0	609.0	623.0
624	609.0	610.0	624.0
625	610.0	611.0	625.0
626	611.0	612.0	626.0
627	612.0	613.0	627.0
628	613.0	614.0	628.0
629	614.0	615.0	629.0
630	615.0	616.0	630.0
631	616.0	617.0	631.0
632	617.0	618.0	632.0
633	618.0	619.0	633.0
634	619.0	620.0	634.0
635	620.0	621.0	635.0
636	621.0	622.0	636.0
637	622.0	623.0	637.0
638	623.0	624.0	638.0
639	624.0	625.0	639.0
640	625.0	626.0	640.0
641	626.0	627.0	641.0
642	627.0	628.0	642.0
643	628.0	629.0	643.0
644	629.0	630.0	644.0
645	630.0	631.0	645.0
646	631.0	632.0	646.0
647	632.0	633.0	647.0
648	633.0	634.0	648.0
649	634.0	635.0	649.0
650	635.0	636.0	650.0
651	636.0	637.0	651.0
652	637.0	638.0	652.0
653	638.0	639.0	653.0
654	639.0	640.0	654.0
655	640.0	641.0	655.0
656	641.0	642.0	656.0
657	642.0	643.0	657.0
658	643.0	644.0	658.0
659	644.0	645.0	659.0
660	645.0	646.0	660.0
661	646.0	647.0	661.0
662	647.0	648.0	662.0
663	648.0	649.0	663.0
664	649.0	650.0	664.0
665	650.0	651.0	665.0
666	651.0	652.0	666.0
667	652.0	653.0	667.0
668	653.0	654.0	668.0
669	654.0	655.0	669.0
670	655.0	656.0	670.0
671	656.0	657.0	671.0
672	657.0	658.0	672.0
673	658.0	659.0	673.0
674	659.0	660.0	674.0
675	660.0	661.0	675.0
676	661.0	662.0	676.0
677	662.0	663.0	677.0
678	663.0	664.0	678.0
679	664.0	665.0	679.0
680	665.0	666.0	680.0
681	666.0	667.0	681.0
682	667.0	668.0	682.0
683	668.0	669.0	683.0
684	669.0	670.0	684.0
685	670.0	671.0	685.0
686	671.0	672.0	686.0
687	672.0	673.0	687.0
688	673.0	674.0	688.0
689	674.0	675.0	689.0
690	675.0	676.0	690.0
691	676.0	677.0	691.0
692	677.0	678.0	692.0
693	678.0	679.0	693.0
694	679.0	680.0	694.0
695	680.0	681.0	695.0
696	681.0	682.0	696.0
697	682.0	683.0	697.0
698	683.0	684.0	698.0
699	684.0	685.0	699.0
700	685.0	686.0	700.0
701	686.0	687.0	701.0
702	687.0	688.0	702.0
703	688.0	689.0	703.0
704	689.0	690.0	704.0
705	690.0	691.0	705.0
706	691.0	692.0	706.0
707	692.0	693.0	707.0
708	693.0	694.0	708.0
709	694.0	695.0	709.0
710	695.0	696.0	710.0
711	696.0	697.0	711.0
712	697.0	698.0	712.0
713	698.0	699.0	713.0
714	699.0	700.0	714.0
715	700.0	701.0	715.0
716	701.0	702.0	716.0
717	702.0	703.0	717.0
718	703.0	704.0	718.0
719	704.0	705.0	719.0
720	705.0	706.0	720.0
721	706.0	707.0	721.0
722	707.0	708.0	722.0
723	708.0	709.0	723.0
724	709.0	710.0	724.0
725	710.0	711.0	725.0
726	711.0	712.0	726.0
727	712.0	713.0	727.0
728	713.0	714.0	728.0
729	714.0	715.0	729.0
730	715.0	716.0	730.0
731	716.0	717.0	731.0
732	717.0	718.0	732.0
733	718.0	719.0	733.0
734	719.0	720.0	734.0
735	720.0	721.0	735.0
736	721.0	722.0	736.0
737	722.0	723.0	737.0
738	723.0	724.0	738.0
739	724.0	725.0	739.0
740	725.0	726.0	740.0
741	726.0	727.0	741.0
742	727.0	728.0	742.0
743	728.0	729.0	743.0
744	729.0	730.0	744.0
745	730.0	731.0	745.0
746	731.0	732.0	746.0
747	732.0	733.0	747.0
748	733.0	734.0	748.0
749	734.0	735.0	749.0
750	735.0	736.0	750.0
751	736.0	737.0	751.0
752	737.0	738.0	752.0
753	738.0	739.0	753.0
754	739.0	740.0	754.0
755	740.0	741.0	755.0
756	741.0	742.0	756.0
757	742.0	743.0	757.0
758	743.0	744.0	758.0
759	744.0	745.0	759.0
760	745.0	746.0	760.0
761	746.0	747.0	761.0
762	747.0	748.0	762.0
763	748.0	749.0	763.0
764	749.0	750.0	764.0
765	750.0	751.0	765.0
766	751.0	752.0	766.0
767	752.0	753.0	767.0
768	753.0	754.0	768.0
769	754.0	755.0	769.0
770	755.0	756.0	770.0
771	756.0	757.0	771.0
772	757.0	758.0	772.0
773	758.0	759.0	773.0
774	759.0	760.0	774.0
775	760.0	761.0	775.0
776	761.0	762.0	776.0
777	762.0	763.0	777.0
778	763.0	764.0	778.0
779	764.0	765.0	779.0
780	765.0	766.0	780.0
781	766.0	767.0	781.0
782	767.0	768.0	782.0
783	768.0	769.0	783.0
784	769.0	770.0	784.0
785	770.0	771.0	785.0
786	771.0	772.0	786.0
787	772.0	773.0	787.0
788	773.0	774.0	788.0
789	774.0	775.0	789.0
790	775.0	776.0	790.0
791	776.0	777.0	791.0
792	777.0	778.0	792.0
793	778.0	779.0	793.0
794	779.0	780.0	794.0
795	780.0	781.0	795.0
796	781.0	782.0	796.0
797	782.0	783.0	797.0
798	783.0	784.0	798.0
799	784.0	785.0	799.0
800	785.0	786.0	800.0
801	786.0	787.0	801.0
802	787.0	788.0	802.0
803	788.0	789.0	803.0
804	789.0	790.0	804.0
805	790.0	791.0	805.0
806	791.0	792.0	806.0
807	792.0	793.0	807.0
808	793.0	794.0	808.0
809	794.0	795.0	809.0
810	795.0	796.0	810.0
811	796.0	797.0	811.0
812	797.0	798.0	812.0
813	798.0	799.0	813.0
814	799.0	800.0	814.0
815	800.0	801.0	815.0
816	801.0	802.0	816.0
817	802.0	803.0	817.0
818	803.0	804.0	818.0
819	804.0	805.0	819.0
820	805.0	806.0	820.0
821	806.0	807.0	821.0
822	807.0	808.0	822.0
823	808.0	809.0	823.0
824	809.0	810.0	824.0
825	810.0	811.0	825.0
826	811.0	812.0	826.0
827	812.0	813.0	827.0
828	813.0	814.0	828.0
829	814.0	815.0	829.0
830	815.0	816.0	830.0
831	816.0	817.0	831.0
832	817.0	818.0	832.0
833	818.0	819.0	833.0
834	819.0	820.0	834.0
835	820.0	821.0	835.0
836	821.0	822.0	836.0
837	822.0	823.0	837.0
838	823.0	824.0	838.0
839	824.0	825.0	839.0
840	825.0	826.0	840.0
841	826.0	827.0	841.0
842	827.0	828.0	842.0
843	828.0	829.0	843.0
844	829.0	830.0	844.0
845	830.0	831.0	845.0
846	831.0	832.0	846.0
847	832.0	833.0	847.0
848	833.0	834.0	848.0
849	834.0	835.0	849.0
850	835.0	836.0	850.0
851	836.0	837.0	851.0
852	837.0	838.0	852.0
853	838.0	839.0	853.0
854	839.0	840.0	854.0
855	840.0	841.0	855.0
856	841.0	842.0	856.0
857	842.0	843.0	857.0
858	843.0	844.0	858.0
859	844.0	845.0	859.0
860	845.0	846.0	860.0
861	846.0	847.0	861.0
862	847.0	848.0	862.0
863	848.0	849.0	863.0
864	849.0	850.0	864.0
865	850.0	851.0	865.0
866	851.0	852.0	866.0
867	852.0	853.0	867.0
868	853.0	854.0	868.0
869	854.0	855.0	869.0
870	855.0	856.0	870.0
871	856.0	857.0	871.0
872	857.0	858.0	872.0
873	858.0	859.0	873.0
874	859.0	860.0	874.0
875	860.0	861.0	875.0
876	861.0	862.0	876.0
877	862.0	863.0	877.0
878	863.0	864.0	878.0
879	864.0	865.0	879.0
880	865.0	866.0	880.0
881	866.0	867.0	881.0
882	867.0	868.0	882.0
883	868.0	869.0	883.0
884	869.0	870.0	884.0
885	870.0	871.0	885.0
886	871.0	872.0	886.0
887	872.0	873.0	887.0
888	873.0	874.0	888.0
889	874.0	875.0	889.0
890	875.0	876.0	890.0
891	876.0	877.0	891.0
892	877.0	878.0	892.0
893	878.0	879.0	893.0
894	879.0	880.0	894.0
895	880.0	881.0	895.0
896	881.0	882.0	896.0
897	882.0	883.0	897.0
898	883.0	884.0	898.0
899	884.0	885.0	899.0
900	885.0	886.0	900.0
901	886.0	887.0	901.0
902	887.0	888.0	902.0
903	888.0	889.0	903.0
904	889.0	890.0	904.0
905	890.0	891.0	905.0
906	891.0	892.0	906.0
907	892.0	893.0	907.0
908	893.0	894.0	908.0
909	894.0	895.0	909.0
910	895.0	896.0	910.0
911	896.0	897.0	911.0
912	897.0	898.0	912.0
913	898.0	899.0	913.0
914	899.0	900.0	914.0
915	900.0	901.0	915.0
916	901.0	902.0	916.0
917	902.0	903.0	917.0
918	903.0	904.0	918.0
919	904.0	905.0	919.0
920	905.0	906.0	920.0
921	906.0	907.0	921.0
922	907.0	908.0	922.0
923	908.0	909.0	923.0
924	909.0	910.0	924.0
925	910.0	911.0	925.0
926	911.0	912.0	926.0
927	912.0	913.0	927.0
928	913.0	914.0	928.0
929	914.0	915.0	929.0
930	915.0	916.0	930.0
931	916.0	917.0	931.0
932	917.0	918.0	932.0
933	918.0	919.0	933.0
934	919.0	920.0	934.0
935	920.0	921.0	935.0
936	921.0	922.0	936.0
937	922.0	923.0	937.0
938	923.0	924.0	938.0
939	924.0	925.0	939.0
940	925.0	926.0	940.0
941	926.0	927.0	941.0
942	927.0	928.0	942.0
943	928.0	929.0	943.0
944	929.0	930.0	944.0
945	930.0	931.0	945.0
946	931.0	932.0	946.0
947	932.0	933.0	947.0
948	933.0	934.0	948.0
949	934.0	935.0	949.0
950	935.0	936.0	950.0
951	936.0	937.0	951.0
952	937.0	938.0	952.0
953	938.0	939.0	953.0
954	939.0	940.0	954.0
955	940.0	941.0	955.0
956	941.0	942.0	956.0
957	942.0	943.0	957.0
958	943.0	944.0	958.0
959	944.0	945.0	959.0
960	945.0	946.0	960.0
961	946.0	947.0	961.0
962	947.0	948.0	962.0
963	948.0	949.0	963.0
964	949.0	950.0	964.0
965	950.0	951.0	965.0
966	951.0	952.0	966.0
967	952.0	953.0	967.0
968	953.0	954.0	968.0
969	954.0	955.0	969.0
970	955.0	956.0	970.0
971	956.0	957.0	971.0
972	957.0	958.0	972.0
973	958.0	959.0	973.0
974	959.0	960.0	974.0
975	960.0	961.0	975.0
976	961.0	962.0	976.0
977	962.0	963.0	977.0
978	963.0	964.0	978.0
979	964.0	965.0	979.0
980	965.0	966.0	980.0
981	966.0	967.0	981.0
982	967.0	968.0	982.0
983	968.0	969.0	983.0
984	969.0	970.0	984.0
985	970.0	971.0	985.0
986	971.0	972.0	986.0
987	972.0	973.0	987.0
988	973.0	974.0	988.0
989	974.0	975.0	989.0
990	975.0	976.0	990.0
991	976.0	977.0	991.0
992	977.0	978.0	992.0
993	978.0	979.0	993.0
994	979.0	980.0	994.0
995	980.0	981.0	995.0
996	981.0	982.0	996.0
997	982.0	983.0	997.0
998	983.0	984.0	998.0
999	984.0	985.0	999.0
1000	985.0	986.0	1000.0
1001	986.0	987.0	1001.0
1002	987.0	988.0	1002.0
1003	988.0	989.0	1003.0
1004	989.0	990.0	1004.0
1005	990.0	991.0	1005.0
1006	991.0	992.0	1006.0
1007	992.0	993.0	1007.0
1008	993.0	994.0	1008.0
1009	994.0	995.0	1009.0
1010	995.0	996.0	1010.0
1011	996.0	997.0	1011.0
1012	997.0	998.0	1012.0
1013	998.0	999.0	1013.0
1014	999.0	1000.0	1014.0
1015	1000.0	1001.0	1015.0
1016	1001.0	1002.0	1016.0
1017	1002.0	1003.0	1017.0
1018	1003.0	1004.0	1018.0
1019	1004.0	1005.0	1019.0
1020	1005.0	1006.0	1020.0
1021	1006.0	1007.0	1021.0
1022	1007.0	1008.0	1022.0
1023	1008.0	1009.0	1023.0
1024	1009.0	1010.0	1024.0
1025	1010.0	1011.0	1025.0
1026	1011.0	1012.0	1026.0
1027	1012.0	1013.0	1027.0
1028	1013.0	1014.0	1028.0
1029	1014.0	1015.0	1029.0
1030	1015.0	1016.0	1030.0
1031	1016.0	1017.0	1031.0
1032	1017.0	1018.0	1032.0
1033	1018.0	1019.0	1033.0
1034	1019.0	1020.0	1034.0
1035	1020.0	1021.0	1035.0
1036	1021.0	1022.0	1036.0
1037	1022.0	1023.0	1037.0
1038	1023.0	1024.0	1038.0
1039	1024.0	1025.0	1039.0
1040	1025.0	1026.0	1040.0
1041	1026.0	1027.0	1041.0
1042	1027.0	1028.0	1042.0
1043	1028.0	1029.0	1043.0
1044	1029.0	1030.0	1044.0
1045	1030.0	1031.0	1045.0
1046	1031.0	1032.0	1046.0
1047	1032.0	1033.0	1047.0
1048	1033.0	1034.0	1048.0
1049	1034.0	1035.0	1049.0
1050	1035.0	1036.0	1050.0
1051	1036.0	1037.0	1051.0
1052	1037.0	1038.0	1052.0
1053	1038.0	1039.0	1053.0
1054	1039.0	1040.0	1054.0
1055	1040.0	1041.0	1055.0
1056	1041.0	1042.0	1056.0
1057	1042.0	1043.0	1057.0
1058	1043.0	1044.0	1058.0
1059	1044.0	1045.0	1059.0
1060	1045.0	1046.0	1060.0
1061	1046.0	1047.0	1061.0
1062	1047.0	1048.0	1062.0
1063	1048.0	1049.0	1063.0
1064	1049.0	1050.0	1064.0
1065	1050.0	1051.0	1065.0
1066	1051.0	1052.0	1066.0
1067	1052.0	1053.0	1067.0
1068	1053.0	1054.0	1068.0
1069	1054.0	1055.0	1069.0
1070	1055.0	1056.0	1070.0
1071	1056.0	1057.0	1071.0
1072	1057.0	1058.0	1072.0
1073	1058.0	1059.0	1073.0
1074	1059.0	1060.0	1074.0
1075	1060.0	1061.0	1075.0
1076	1061.0	1062.0	1076.0
1077	1062.0	1063.0	1077.0
1078	1063.0	1064.0	1078.0
1079	1064.0	1065.0	1079.0
1080	1065.0	1066.0	1080.0
1081	1066.0	1067.0	1081.0
1082	1067.0	1068.0	1082.0
1083	1068.0	1069.0	1083.0
1084	1069.0	1070.0	1084.0
1085	1070.0	1071.0	1085.0
1086	1071.0	1072.0	1086.0
1087	1072.0	1073.0	1087.0
1088	1073.0	1074.0	1088.0
1089	1074.0	1075.0	1089.0
1090	1075.0	1076.0	1090.0
1091	1076.0	1077.0	1091.0
1092	1077.0	1078.0	1092.0
1093	1078.0	1079.0	1093.0
1094	1079.0	1080.0	1094.0
1095	1080.0	1081.0	1095.0
1096	1081.0	1082.0	1096.0
1097	1082.0	1083.0	1097.0
1098	1083.0	1084.0	1098.0
1099	1084.0	1085.0	1099.0
1100	1085.0	1086.0	1100.0
1101	1086.0	1087.0	1101.0
1102	1087.0	1088.0	1102.0
1103	1088.0	1089.0	1103.0
1104	1089.0	1090.0	1104.0
1105	1090.0	1091.0	1105.0
1106	1091.0	1092.0	1106.0
1107	1092.0	1093.0	1107.0
1108	1093.0	1094.0	1108.0
1109	1094.0	1095.0	1109.0
1110	1095.0	1096.0	1110.0
1111	1096.0	1097.0	1111.0
1112	1097.0	1098.0	1112.0
1113	1098.0	1099.0	1113.0
1114	1099.0	1100.0	1114.0
1115	1100.0	1101.0	1115.0
1116	1101.0	1102.0	1116.0
1117	1102.0	1103.0	1117.0
1118	1103.0	1104.0	1118.0
1119	1104.0	1105.0	1119.0
1120	1105.0	1106.0	1120.0
1121	1106.0	1107.0	1121.0
1122	1107.0	1108.0	1122.0
1123	1108.0	1109.0	1123.0
1124	1109.0	1110.0	1124.0
1125	1110.0	1111.0	1125.0
1126	1111.0	1112.0	1126.0
1127	1112.0	1113.0	1127.0
1128	1113.0	1114.0	1128.0
1129	1114.0	1115.0	1129.0
1130	1115.0	1116.0	1130.0
1131	1116.0	1117.0	1131.0
1132	1117.0	1118.0	1132.0
1133	1118.0	1119.0	1133.0
1134	1119.0	1120.0	1134.0
1135	1120.0	1121.0	1135.0
1136	1121.0	1122.0	1136.0
1137	1122.0	1123.0	1137.0
1138	1123.0	1124.0	1138.0
1139	1124.0	1125.0	1139.0
1140	1125.0	1126.0	1140.0
1141	1126.0	1127.0	1141.0
1142	1127.0	1128.0	1142.0
1143	1128.0	1129.0	1143.0
1144	1129.0	1130.0	1144.0
1145	1130.0	1131.0	1145.0
1146	1131.0	1132.0	1146.0
1147	1132.0	1133.0	1147.0
1148	1133.0	1134.0	1148.0
1149	1134.0	1135.0	1149.0
1150	1135.0	1136.0	1150.0
1151	1136.0	1137.0	1151.0
1152	1137.0	1138.0	1152.0
1153	1138.0	1139.0	1153.0
1154	1139.0	1140.0	1154.0
1155	1140.0	1141.0	1155.0
1156	1141.0	1142.0	1156.0
1157	1142.0	1143.0	1157.0
1158	1143.0	1144.0	1158.0
1159	1144.0	1145.0	1159.0
1160	1145.0	1146.0	1160.0
1161	1146.0	1147.0	1161.0
1162	1147.0	1148.0	1162.0
1163	1148.0	1149.0	1163.0
1164	1149.0	1150.0	1164.0
1165	1150.0	1151.0	1165.0
1166	1151.0	1152.0	1166.0
1167	1152.0	1153.0	1167.0
1168	1153.0	1154.0	1168.0
1169	1154.0	1155.0	1169.0
1170	1155.0	1156.0	1170.0
1171	1156.0	1157.0	1171.0
1172	1157.0	1158.0	1172.0
1173	1158.0	1159.0	1173.0
1174	1159.0	1160.0	1174.0
1175	1160.0	1161.0	1175.0
1176	1161.0	1162.0	1176.0
1177	1162.0	1163.0	1177.0
1178	1163.0	1164.0	1178.0
1179	1164.0	1165.0	1179.0
1180	1165.0	1166.0	1180.0
1181	1166.0	1167.0	1181.0
1182	1167.0	1168.0	1182.0
1183	1168.0	1169.0	1183.0
1184	1169.0	1170.0	1184.0
1185	1170.0	1171.0	1185.0
1186	1171.0	1172.0	1186.0
1187	1172.0	1173.0	1187.0
1188	1173.0	1174.0	1188.0
1189	1174.0	1175.0	1189.0
1190	1175.0	1176.0	1190.0
1191	1176.0	1177.0	1191.0
1192	1177.0	1178.0	1192.0
1193	1178.0	1179.0	1193.0
1194	1179.0	1180.0	1194.0
1195	1180.0	1181.0	1195.0
1196	1181.0	1182.0	1196.0
1197	1182.0	1183.0	1197.0
1198	1183.0	1184.0	1198.0
1199	1184.0	1185.0	1199.0
1200	1185.0	1186.0	1200.0
1201	1186.0	1187.0	1201.0
1202	1187.0	1188.0	1202.0
1203	1188.0	1189.0	1203.0
1204	1189.0	1190.0	1204.0
1205	1190.0	1191.0	1205.0
1206	1191.0	1192.0	1206.0
1207	1192.0	1193.0	1207.0
1208	1193.0	1194.0	1208.0
1209	1194.0	1195.0	1209.0
1210	1195.0	1196.0	1210.0
1211	1196.0	1197.0	1211.0
1212	1197.0	1198.0	1212.0
1213	1198.0	1199.0	1213.0
1214	1199.0	1200.0	1214.0
1215	1200.0	1201.0	1215.0
1216	1201.0	1202.0	1216.0
1217	1202.0	1203.0	1217.0
1218	1203.0	1204.0	1218.0
1219	1204.0	1205.0	1219.0
1220	1205.0	1206.0	1220.0
1221	1206.0	1207.0	1221.0
1222	1207.0	1208.0	1222.0
1223	1208.0	1209.0	1223.0
1224	1209.0	1210.0	1224.0
1225	1210.0	1211.0	1225.0
1226	1211.0	1212.0	1226.0
1227	1212.0	1213.0	1227.0
1228	1213.0	1214.0	1228.0
1229	1214.0	1215.0	1229.0
1230	1215.0	1216.0	1230.0
1231	1216.0	1217.0	1231.0
1232	1217.0	1218.0	1232.0
1233	1218.0	1219.0	1233.0
1234	1219.0	1220.0	1234.0
1235	1220.0	1221.0	1235.0
1236	1221.0	1222.0	1236.0
1237	1222.0	1223.0	1237.0
1238	1223.0	1224.0	1238.0
1239	1224.0	1225.0	1239.0
1240	1225.0	1226.0	1240.0
1241	1226.0	1227.0	1241.0
1242	1227.0	1228.0	1242.0
1243	1228.0	1229.0	1243.0
1244	1229.0	1230.0	1244.0
1245	1230.0	1231.0	1245.0
1246	1231.0	1232.0	1246.0
1247	1232.0	1233.0	1247.0
1248	1233.0	1234.0	1248.0
1249	1234.0	1235.0	1249.0
1250	1235.0	1236.0	1250.0
1251	1236.0	1237.0	1251.0
1252	1237.0	1238.0	1252.0
1253	1238.0	1239.0	1253.0
1254	1239.0	1240.0	1254.0
1255	1240.0	1241.0	1255.0
1256	1241.0	1242.0	1256.0
1257	1242.0	1243.0	1257.0
1258	1243.0	1244.0	1258.0
1259	1244.0	1245.0	1259.0
1260	1245.0	1246.0	1260.0
1261	1246.0	1247.0	1261.0
1262	1247.0	1248.0	1262.0
1263	1248.0	1249.0	1263.0
1264	1249.0	1250.0	1264.0
1265	1250.0	1251.0	1265.0
1266	1251.0	1252.0	1266.0
1267	1252.0	1253.0	1267.0
1268	1253.0	1254.0	1268.0
1269	1254.0	1255.0	1269.0
1270	1255.0	1256.0	1270.0
1271	1256.0	1257.0	1271.0
1272	1257.0	1258.0	1272.0
1273	1258.0	1259.0	1273.0
1274	1259.0	1260.0	1274.0
1275	1260.0	1261.0	1275.0
1276	1261.0	1262.0	1276.0
1277	1262.0	1263.0	1277.0
1278	1263.0	1264.0	1278.0
1279	1264.0	1265.0	1279.0
1280	1265.0	1266.0	1280.0
1281	1266.0	1267.0	1281.0
1282	1267.0	1268.0	1282.0
1283	1268.0	1269.0	1283.0
1284	1269.0	1270.0	1284.0
1285	1270.0	1271.0	1285.0
1286	1271.0	1272.0	1286.0
1287	1272.0	1273.0	1287.0
1288	1273.0	1274.0	1288.0
1289	1274.0	1275.0	1289.0
1290	1275.0	1276.0	1290.0
1291	1276.0	1277.0	1291.0
1292	1277.0	1278.0	1292.0
1293	1278.0	1279.0	1293.0
1294	1279.0	1280.0	1294.0
1295	1280.0	1281.0	1295.0
1296	1281.0	1282.0	1296.0
1297	1282.0	1283.0	1297.0
1298	1283.0	1284.0	1298.0
1299	1284.0	1285.0	1299.0
1300	1285.0	1286.0	1300.0
1301	1286.0	1287.0	1301.0
1302	1287.0	1288.0	1302.0
1303	1288.0	1289.0	1303.0
1304	1289.0	1290.0	1304.0
1305	1290.0	1291.0	1305.0
1306	1291.0	1292.0	1306.0
1307	1292.0	1293.0	1307.0
1308	1293.0	1294.0	1308.0
1309	1294.0	1295.0	1309.0
1310	1295.0	1296.0	1310.0
1311	1296.0	1297.0	1311.0
1312	1297.0	1298.0	1312.0
1313	1298.0	1299.0	1313.0
1314	1299.0	1300.0	1314.0
1315	1300.0	1301.0	1315.0
1316	1301.0	1302.0	1316.0
1317	1302.0	1303.0	1317.0
1318	1303.0	1304.0	1318.0
1319	1304.0	1305.0	1319.0
1320	1305.0	1306.0	1320.0
1321	1306.0	1307.0	1321.0
1322	1307.0	1308.0	1322.0
1323	1308.0	1309.0	1323.0
1324	1309.0	1310.0	1324.0
1325	1310.0	1311.0	1325.0
1326	1311.0	1312.0	1326.0
1327	1312.0	1313.0	1327.0
1328	1313.0	1314.0	1328.0
1329	1314.0	1315.0	1329.0
1330	1315.0	1316.0	1330.0
1331	1316.0	1317.0	1331.0
1332	1317.0	1318.0	1332.0
1333	1318.0	1319.0	1333.0
1334	1319.0	1320.0	1334.0
1335	1320.0	1321.0	1335.0
1336	1321.0	1322.0	1336.0
1337	1322.0	1323.0	1337.0
1338	1323.0	1324.0	1338.0
1339	1324.0	1325.0	1339.0
1340	1325.0	1326.0	1340.0
1341	1326.0	1327.0	1341.0
1342	1327.0	1328.0	1342.0
1343	1328.0	1329.0	1343.0
1344	1329.0	1330.0	1344.0
1345	1330.0	1331.0	1345.0
1346	1331.0	1332.0	1346.0
1347	1332.0	1333.0	1347.0
1348	1333.0	1334.0	1348.0
1349	1334.0	1335.0	1349.0
1350	1335.0	1336.0	1350.0
1351	1336.0	1337.0	1351.0
1352	1337.0	1338.0	1352.0
1353	1338.0	1339.0	1353.0
1354	1339.0	1340.0	1354.0
1355	1340.0	1341.0	1355.0
1356	1341.0	1342.0	1356.0
1357	1342.0	1343.0	1357.0
1358	1343.0	1344.0	1358.0
1359	1344.0	1345.0	1359.0
1360	1345.0	1346.0	1360.0
1361	1346.0	1347.0	1361.0
1362	1347.0	1348.0	1362.0
1363	1348.0	1349.0	1363.0
1364	1349.0	1350.0	1364.0
1365	1350.0	1351.0	1365.0
1366	1351.0	1352.0	1366.0
1367	1352.0	1353.0	1367.0
1368	1353.0	1354.0	1368.0
1369	1354.0	1355.0	1369.0
1370	1355.0	1356.0	1370.0
1371	1356.0	1357.0	1371.0
1372	1357.0	1358.0	1372.0
1373	1358.0	1359.0	1373.0
1374	1359.0	1360.0	1374.0
1375	1360.0	1361.0	1375.0
1376	1361.0	1362.0	1376.0
1377	1362.0	1363.0	1377.0
1378	1363.0	1364.0	1378.0
1379	1364.0	1365.0	1379.0
1380	1365.0	1366.0	1380.0
1381	1366.0	1367.0	1381.0
1382	1367.0	1368.0	1382.0
1383	1368.0	1369.0	1383.0
1384	1369.0	1370.0	1384.0
1385	1370.0	1371.0	1385.0
1386	1371.0	1372.0	1386.0
1387	1372.0	1373.0	1387.0
1388	1373.0	1374.0	1388.0
1389	1374.0	1375.0	1389.0
1390	1375.0	1376.0	1390.0
1391	1376.0	1377.0	1391.0
1392	1377.0	1378.0	1392.0
1393	1378.0	1379.0	1393.0
1394	1379.0	1380.0	1394.0
1395	1380.0	1381.0	1395.0
1396	1381.0	1382.0	1396.0
1397	1382.0	1383.0	1397.0
1398	1383.0	1384.0	1398.0
1399	1384.0	1385.0	1399.0
1400	1385.0	1386.0	1400.0
1401	1386.0	1387.0	1401.0
1402	1387.0	1388.0	1402.0
1403	1388.0	1389.0	1403.0
1404	1389.0	1390.0	1404.0
1405	1390.0	1391.0	1405.0
1406	1391.0	1392.0	1406.0
1407	1392.0	1393.0	1407.0
1408	1393.0	1394.0	1408.0
1409	1394.0	1395.0	1409.0
1410	1395.0	1396.0	1410.0
1411	1396.0	1397.0	1411.0
1412	1397.0	1398.0	1412.0
1413	1398.0	1399.0	1413.0
1414	1399.0	1400.0	1414.0
1415	1400.0	1401.0	1415.0
1416	1401.0	1402.0	1416.0
1417	1402.0	1403.0	1417.0
1418	1403.0	1404.0	1418.0
1419	1404.0	1405.0	1419.0
1420	1405.0	1406.0	1420.0
1421	1406.0	1407.0	1421.0
1422	1407.0	1408.0	1422.0
1423	1408.0	1409.0	1423.0
1424	1409.0	1410.0	1424.0
1425	1410.0	1411.0	1425.0
1426	1411.0	1412.0	1426.0
1427	1412.0	1413.0	1427.0
1428	1413.0	1414.0	1428.0
1429	1414.0	1415.0	1429.0
1430	1415.0	1416.0	1430.0
1431	1416.0	1417.0	1431.0
1432	1417.0	1418.0	1432.0
1433	1418.0	1419.0	1433.0
1434	1419.0	1420.0	1434.0
1435	1420.0	1421.0	1435.0
1436	1421.0	1422.0	1436.0
1437	1422.0	1423.0	1437.0
1438	1423.0	1424.0	1438.0
1439	1424.0	1425.0	1439.0
1440	1425.0	1426.0	1440.0
1441	1426.0	1427.0	1441.0
1442	1427.0	1428.0	1442.0
1443	1428.0	1429.0	1443.0
1444	1429.0	1430.0	1444.0
1445	1430.0	1431.0	1445.0
1446	1431.0	1432.0	1446.0
1447	1432.0	1433.0	1447.0
1448	1433.0	1434.0	1448.0
1449	1434.0	1435.0	1449.0
1450	1435.0	1436.0	1450.0
1451	1436.0	1437.0	1451.0
1452	1437.0	1438.0	1452.0
1453	1438.0	1439.0	1453.0
1454	1439.0	1440.0	1454.0
1455	1440.0	1441.0	1455.0
1456	1441.0	1442.0	1456.0
1457	1442.0	1443.0	1457.0
1458	1443.0	1444.0	1458.0
1459	1444.0	1445.0	1459.0
1460	1445.0	1446.0	1460.0
1461	1446.0	1447.0	1461.0
1462	1447.0	1448.0	1462.0
1463	1448.0	1449.0	1463.0
1464	1449.0	1450.0	1464.0
1465	1450.0	1451.0	1465.0
1466	1451.0	1452.0	1466.0
1467	1452.0	1453.0	1467.0
1468	1453.0	1454.0	1468.0
1469	1454.0	1455.0	1469.0
1470	1455.0	1456.0	1470.0
1471	1456.0	1457.0	1471.0
1472	1457.0	1458.0	1472.0
1473	1458.0	1459.0	1473.0
1474	1459.0	1460.0	1474.0
1475	1460.0	1461.0	1475.0
1476	1461.0	1462.0	1476.0
1477	1462.0	1463.0	1477.0
1478	1463.0	1464.0	1478.0
1479	1464.0	1465.0	1479.0
1480	1465.0	1466.0	1480.0
1481	1466.0	1467.0	1481.0
1482	1467.0	1468.0	1482.0
1483	1468.0	1469.0	1483.0
1484	1469.0	1470.0	1484.0
1485	1470.0	1471.0	1485.0
1486	1471.0	1472.0	1486.0
1487	1472.0	1473.0	1487.0
1488	1473.0	1474.0	1488.0
1489	1474.0	1475.0	1489.0
1490	1475.0	1476.0	1490.0
1491	1476.0	1477.0	1491.0
1492	1477.0	1478.0	1492.0
1493	1478.0	1479.0	1493.0
1494	1479.0	1480.0	1494.0
1495	1480.0	1481.0	1495.0
1496	1481.0	1482.0	1496.0
1497	1482.0	1483.0	1497.0
1498	1483.0	1484.0	1498.0
1499	1484.0	1485.0	1499.0
1500	1485.0	1486.0	1500.0
1501	1486.0	1487.0	1501.0
1502	1487.0	1488.0	1502.0
1503	1488.0	1489.0	1503.0
1504	1489.0	1490.0	1504.0
1505	1490.0	1491.0	1505.0
1506	1491.0	1492.0	1506.0
1507	1492.0	1493.0	1507.0
1508	1493.0	1494.0	1508.0
1509	1494.0	1495.0	1509.0
1510	1495.0	1496.0	1510.0
1511	1496.0	1497.0	1511.0
1512	1497.0	1498.0	1512.0
1513	1498.0	1499.0	1513.0
1514	1499.0	1500.0	1514.0
1515	1500.0	1501.0	1515.0
1516	1501.0	1502.0	1516.0
1517	1502.0	1503.0	1517.0
1518	1503.0	1504.0	1518.0
1519	1504.0	1505.0	1519.0
1520	1505.0	1506.0	1520.0
1521	1506.0	1507.0	1521.0
1522	1507.0	1508.0	1522.0
1523	1508.0	1509.0	1523.0
1524	1509.0	1510.0	1524.0
1525	1510.0	1511.0	1525.0
1526	1511.0	1512.0	1526.0
1527	1512.0	1513.0	1527.0
1528	1513.0	1514.0	1528.0
1529	1514.0	1515.0	1529.0
1530	1515.0	1516.0	1530.0
1531	1516.0	1517.0	1531.0
1532	1517.0	1518.0	1532.0
1533	1518.0	1519.0	1533.0
1534	1519.0	1520.0	1534.0
1535	1520.0	1521.0	1535.0
1536	1521.0	1522.0	1536.0
1537	1522.0	1523.0	1537.0
1538	1523.0	1524.0	1538.0
1539	1524.0	1525.0	1539.0
1540	1525.0	1526.0	1540.0
1541	1526.0	1527.0	1541.0
1542	1527.0	1528.0	1542.0
1543	1528.0	1529.0	1543.0
1544	1529.0	1530.0	1544.0
1545	1530.0	1531.0	1545.0
1546	1531.0	1532.0	1546.0
1547	1532.0	1533.0	1547.0
1548	1533.0	1534.0	1548.0
1549	1534.0	1535.0	1549.0
1550	1535.0	1536.0	1550.0
1551	1536.0	1537.0	1551.0
1552	1537.0	1538.0	1552.0
1553	1538.0	1539.0	1553.0
1554	1539.0	1540.0	1554.0
1555	1540.0	1541.0	1555.0
1556	1541.0	1542.0	1556.0
1557	1542.0	1543.0	1557.0
1558	1543.0	1544.0	1558.0
1559	1544.0	1545.0	1559.0
1560	1545.0	1546.0	1560.0
1561	1546.0	1547.0	1561.0
1562	1547.0	1548.0	1562.0
1563	1548.0	1549.0	1563.0
1564	1549.0	1550.0	1564.0
1565	1550.0	1551.0	1565.0
1566	1551.0	1552.0	1566.0
1567	1552.0	1553.0	1567.0
1568	1553.0	1554.0	1568.0
1569	1554.0	1555.0	1569.0
1570	1555.0	1556.0	1570.0
1571	1556.0	1557.0	1571.0
1572	1557.0	1558.0	1572.0
1573	1558.0	1559.0	1573.0
1574	1559.0	1560.0	1574.0
1575	1560.0	1561.0	1575.0
1576	1561.0	1562.0	1576.0
1577	1562.0	1563.0	1577.0
1578	1563.0	1564.0	1578.0
1579	1564.0	1565.0	1579.0
1580	1565.0	1566.0	1580.0
1581	1566.0	1567.0	1581.0
1582	1567.0	1568.0	1582.0
1583	1568.0	1569.0	1583.0
1584	1569.0	1570.0	1584.0
1585	1570.0	1571.0	1585.0
1586	1571.0	1572.0	1586.0
1587	1572.0	1573.0	1587.0
1588	1573.0	1574.0	1588.0
1589	1574.0	1575.0	1589.0
1590	1575.0	1576.0	1590.0
1591	1576.0	1577.0	1591.0
1592	1577.0	1578.0	1592.0
1593	1578.0	1579.0	1593.0
1594	1579.0	1580.0	1594.0
1595	1580.0	1581.0	1595.0
1596	1581.0	1582.0	1596.0
1597	1582.0	1583.0	1597.0
1598	1583.0	1584.0	1598.0
1599	1584.0	1585.0	1599.0
1600	1585.0	1586.0	1600.0
1601	1586.0	1587.0	1601.0
1602	1587.0	1588.0	1602.0
1603	1588.0	1589.0	1603.0
1604	1589.0	1590.0	1604.0
1605	1590.0	1591.0	1605.0
1606	1591.0	1592.0	1606.0
1607	1592.0	1593.0	1607.0
1608	1593.0	1594.0	1608.0
1609	1594.0	1595.0	1609.0
1610	1595.0	1596.0	1610.0
1611	1596.0	1597.0	1611.0
1612	1597.0	1598.0	1612.0
1613	1598.0	1599.0	1613.0
1614	1599.0	1600.0	1614.0
1615	1600.0	1601.0	1615.0
1616	1601.0	1602.0	1616.0
1617	1602.0	1603.0	1617.0
1618	1603.0	1604.0	1618.0
1619	1604.0	1605.0	1619.0
1620	1605.0	1606.0	1620.0
1621	1606.0	1607.0	1621.0
1622	1607.0	1608.0	1622.0
1623	1608.0	1609.0	1623.0
1624	1609.0	1610.0	1624.0
1625	1610.0	1611.0	1625.0
1626	1611.0	1612.0	1626.0
1627	1612.0	1613.0	1627.0
1628	1613.0	1614.0	1628.0
1629	1614.0	1615.0	1629.0
1630	1615.0	1616.0	1630.0
1631	1616.0	1617.0	1631.0
1632	1617.0	1618.0	1632.0
1633	1618.0	1619.0	1633.0
1634	1619.0	1620.0	1634.0
1635	1620.0	1621.0	1635.0
1636	1621.0	1622.0	1636.0
1637	1622.0	1623.0	1637.0
1638	1623.0	1624.0	1638.0
1639	1624.0	1625.0	1639.0
1640	1625.0	1626.0	1640.0
1641	1626.0	1627.0	1641.0
1642	1627.0	1628.0	1642.0
1643	1628.0	1629.0	1643.0
1644	1629.0	1630.0	1644.0
1645	1630.0	1631.0	1645.0
1646	1631.0	1632.0	1646.0
1647	1632.0	1633.0	1647.0
1648	1633.0	1634.0	1648.0
1649	1634.0	1635.0	1649.0
1650	1635.0	1636.0	1650.0
1651	1636.0	1637.0	1651.0
1652	1637.0	1638.0	1652.0
1653	1638.0	1639.0	1653.0
1654	1639.0	1640.0	1654.0
1655	1640.0	1641.0	1655.0
1656	1641.0	1642.0	1656.0
1657	1642.0	1643.0	1657.0
1658	1643.0	1644.0	1658.0
1659	1644.0	1645.0	1659.0
1660	1645.0	1646.0	1660.0
1661	1646.0	1647.0	1661.0
1662	1647.0	1648.0	1662.0
1663	1648.0	1649.0	1663.0
1664	1649.0	1650.0	1664.0
1665	1650.0	1651.0	1665.0
1666	1651.0	1652.0	1666.0
1667	1652.0	1653.0	1667.0
1668	1653.0	1654.0	1668.0
1669	1654.0	1655.0	1669.0
1670	1655.0	1656.0	1670.0
1671	1656.0	1657.0	1671.0
1672	1657.0	1658.0	1672.0
1673	1658.0	1659.0	1673.0
1674	1659.0	1660.0	1674.0
1675	1660.0	1661.0	1675.0
1676	1661.0	1662.0	1676.0
1677	1662.0	1663.0	1677.0
1678	1663.0	1664.0	1678.0
1679	1664.0	1665.0	1679.0
1680	1665.0	1666.0	1680.0
1681	1666.0	1667.0	1681.0
1682	1667.0	1668.0	1682.0
1683	1668.0	1669.0	1683.0
1684	1669.0	1670.0	1684.0
1685	1670.0	1671.0	1685.0
1686	1671.0	1672.0	1686.0
1687	1672.0	1673.0	1687.0
1688	1673.0	1674.0	1688.0
1689	1674.0	1675.0	1689.0
1690	1675.0	1676.0	1690.0
1691	1676.0	1677.0	1691.0
1692	1677.0	1678.0	1692.0
1693	1678.0	1679.0	1693.0
1694	1679.0	1680.0	1694.0
1695	1680.0	1681.0	1695.0
1696	1681.0	1682.0	1696.0
1697	1682.0	1683.0	1697.0
1698	1683.0	1684.0	1698.0
1699	1684.0	1685.0	1699.0
1700	1685.0	1686.0	1700.0
1701	1686.0	1687.0	1701.0
1702	1687.0	1688.0	1702.0
1703	1688.0	1689.0	1703.0
1704	1689.0	1690.0	1704.0
1705	1690.0	1691.0	1705.0
1706	1691.0	1692.0	1706.0
1707	1692.0	1693.0	1707.0
1708	1693.0	1694.0	1708.0
1709	1694.0	1695.0	1709.0
1710	1695.0	1696.0	1710.0
1711	1696.0	1697.0	1711.0
1712	1697.0	1698.0	1712.0
1713	1698.0	1699.0	1713.0
1714	1699.0	1700.0	1714.0
1715	1700.0	1701.0	1715.0
1716	1701.0	1702.0	1716.0
1717	1702.0	1703.0	1717.0
1718	1703.0	1704.0	1718.0
1719	1704.0	1705.0	1719.0
1720	1705.0	1706.0	1720.0
1721	1706.0	1707.0	1721.0
1722	1707.0	1708.0	1722.0
1723	1708.0	1709.0	1723.0
1724	1709.0	1710.0	1724.0
1725	1710.0	1711.0	1725.0
1726	1711.0	1712.0	1726.0
1727	1712.0	1713.0	1727.0
1728	1713.0	1714.0	1728.0
1729	1714.0	1715.0	1729.0
1730	1715.0	1716.0	1730.0
1731	1716.0	1717.0	1731.0
1732	1717.0	1718.0	1732.0
1733	1718.0	1719.0	1733.0
1734	1719.0	1720.0	1734.0
1735	1720.0	1721.0	1735.0
1736	1721.0	1722.0	1736.0
1737	1722.0	1723.0	1737.0
1738	1723.0	1724.0	1738.0
1739	1724.0	1725.0	1739.0
1740	1725.0	1726.0	1740.0
1741	1726.0	1727.0	1741.0
1742	1727.0	1728.0	1742.0
1743	1728.0	1729.0	1743.0
1744	1729.0	1730.0	1744.0
1745	1730.0	1731.0	1745.0
1746	1731.0	1732.0	1746.0
1747	1732.0	1733.0	1747.0
1748	1733.0	1734.0	1748.0
1749	1734.0	1735.0	1749.0
1750	1735.0	1736.0	1750.0
1751	1736.0	1737.0	1751.0
1752	1737.0	1738.0	1752.0
1753	1738.0	1739.0	1753.0
1754	1739.0	1740.0	1754.0
1755	1740.0	1741.0	1755.0
1756	1741.0	1742.0	1756.0
1757	1742.0	1743.0	1757.0
1758	1743.0	1744.0	1758.0
1759	1744.0	1745.0	1759.0
1760	1745.0	1746.0	1760.0
1761	1746.0	1747.0	1761.0
1762	1747.0	1748.0	1762.0
1763	1748.0	1749.0	1763.0
1764	1749.0	1750.0	1764.0
1765	1750.0	1751.0	1765.0
1766	1751.0	1752.0	1766.0
1767	1752.0	1753.0	1767.0
1768	1753.0	1754.0	1768.0
1769	1754.0	1755.0	1769.0
1770	1755.0	1756.0	1770.0
1771	1756.0	1757.0	1771.0
1772	1757.0	1758.0	1772.0
1773	1758.0	1759.0	1773.0
1774	1759.0	1760.0	1774.0
1775	1760.0	1761.0	1775.0
1776	1761.0	1762.0	1776.0
1777	1762.0	1763.0	1777.0
1778	1763.0	1764.0	1778.0
1779	1764.0	1765.0	1779.0
1780	1765.0	1766.0	1780.0
1781	1766.0	1767.0	1781.0
1782	1767.0	1768.0	1782.0
1783	1768.0	1769.0	1783.0
1784	1769.0	1770.0	1784.0
1785	1770.0	1771.0	1785.0
1786	1771.0	1772.0	1786.0
1787	1772.0	1773.0	1787.0
1788	1773.0	1774.0	1788.0
1789	1774.0	1775.0	1789.0
1790	1775.0	1776.0	1790.0
1791	1776.0	1777.0	1791.0
1792	1777.0	1778.0	1792.0
1793	1778.0	1779.0	1793.0
1794	1779.0	1780.0	1794.0
1795	1780.0	1781.0	1795.0
1796	1781.0	1782.0	1796.0
1797	1782.0	1783.0	1797.0
1798	1783.0	1784.0	1798.0
1799	1784.0	1785.0	1799.0
1800	1785.0	1786.0	1800.0
1801	1786.0	1787.0	1801.0
1802	1787.0	1788.0	1802.0
1803	1788.0	1789.0	1803.0
1804	1789.0	1790.0	1804.0
1805	1790.0	1791.0	1805.0
1806	1791.0	1792.0	1806.0
1807	1792.0	1793.0	1807.0
1808	1793.0	1794.0	1808.0
1809	1794.0	1795.0	1809.0
1810	1795.0	1796.0	1810.0
1811	1796.0	1797.0	1811.0
1812	1797.0	1798.0	1812.0
1813	1798.0	1799.0	1813.0
1814	1799.0	1800.0	1814.0
1815	1800.0	1801.0	1815.0
1816	1801.0	1802.0	1816.0
1817	1802.0	1803.0	1817.0
1818	1803.0	1804.0	1818.0
1819	1804.0	1805.0	1819.0
1820	1805.0	1806.0	1820.0
1821	1806.0	1807.0	1821.0
1822	1807.0	1808.0	1822.0
1823	1808.0	1809.0	1823.0
1824	1809.0	1810.0	1824.0
1825	1810.0	1811.0	1825.0
1826	1811.0	1812.0	1826.0
1827	1812.0	1813.0	1827.0
1828	1813.0	1814.0	1828.0
1829	1814.0	1815.0	1829.0
1830	1815.0	1816.0	1830.0
1831	1816.0	1817.0	1831.0
1832	1817.0	1818.0	1832.0
1833	1818.0	1819.0	1833.0
1834	1819.0	1820.0	1834.0
1835	1820.0	1821.0	1835.0
1836	1821.0	1822.0	1836.0
1837	1822.0	1823.0	1837.0
1838	1823.0	1824.0	1838.0
1839	1824.0	1825.0	1839.0
1840	1825.0	1826.0	1840.0
1841	1826.0	1827.0	1841.0
1842	1827.0	1828.0	1842.0
1843	1828.0	1829.0	1843.0
1844	1829.0	1830.0	1844.0
1845	1830.0	1831.0	1845.0
1846	1831.0	1832.0	1846.0
1847	1832.0	1833.0	1847.0
1848	1833.0	1834.0	1848.0
1849	1834.0	1835.0	1849.0
1850	1835.0	1836.0	1850.0
1851	1836.0	1837.0	1851.0
1852	1837.0	1838.0	1852.0
1853	1838.0	1839.0	1853.0
1854	1839.0	1840.0	1854.0
1855	1840.0	1841.0	1855.0
1856	1841.0	1842.0	1856.0
1857	1842.0	1843.0	1857.0
1858	1843.0	1844.0	1858.0
1859	1844.0	1845.0	1859.0
1860	1845.0	1846.0	1860.0
1861	1846.0	1847.0	1861.0
1862	1847.0	1848.0	1862.0
1863	1848.0	1849.0	1863.0
1864	1849.0	1850.0	1864.0
1865	1850.0	1851.0	1865.0
1866	1851.0	1852.0	1866.0
1867	1852.0	1853.0	1867.0
1868	1853.0	1854.0	1868.0
1869	1854.0	1855.0	1869.0
1870	1855.0	1856.0	1870.0
1871	1856.0	1857.0	1871.0
1872	1857.0	1858.0	1872.0
1873	1858.0	1859.0	1873.0
1874	1859.0	1860.0	1874.0
1875	1860.0	1861.0	1875.0
1876	1861.0	1862.0	1876.0
1877	1862.0	1863.0	1877.0
1878	1863.0	1864.0	1878.0
1879	1864.0	1865.0	1879.0
1880	1865.0	1866.0	1880.0
1881	1866.0	1867.0	1881.0
1882	1867.0	1868.0	1882.0
1883	1868.0	1869.0	1883.0
1884	1869.0	1870.0	1884.0
1885	1870.0	1871.0	1885.0
1886	1871.0	1872.0	1886.0
1887	1872.0	1873.0	1887.0
1888	1873.0	1874.0	1888.0
1889	1874.0	1875.0	1889.0
1890	1875.0	1876.0	1890.0
1891	1876.0	1877.0	1891.0
1892	1877.0	1878.0	1892.0
1893	1878.0	1879.0	1893.0
1894	1879.0	1880.0	1894.0
1895	1880.0	1881.0	1895.0
1896	1881.0	1882.0	1896.0
1897	1882.0	1883.0	1897.0
1898	1883.0	1884.0	1898.0
1899	1884.0	1885.0	1899.0
1900	1885.0	1886.0	1900.0
1901	1886.0	1887.0	1901.0
1902	1887.0	1888.0	1902.0
1903	1888.0	1889.0	1903.0
1904	1889.0	1890.0	1904.0
1905	1890.0	1891.0	1905.0
1906	1891.0	1892.0	1906.0
1907	1892.0	1893.0	1907.0
1908	1893.0	1894.0	1908.0
1909	1894.0	1895.0	1909.0
1910	1895.0	1896.0	1910.0
1911	1896.0	1897.0	1911.0
1912	1897.0	1898.0	1912.0
1913	1898.0	1899.0	1913.0
1914	1899.0	1900.0	1914.0
1915	1900.0	1901.0	1915.0
1916	1901.0	1902.0	1916.0
1917	1902.0	1903.0	1917.0
1918	1903.0	1904.0	1918.0
1919	1904.0	1905.0	1919.0
1920	1905.0	1906.0	1920.0
1921	1906.0	1907.0	1921.0
1922	1907.0	1908.0	1922.0
1923	1908.0	1909.0	1923.0
1924	1909.0	1910.0	1924.0
1925	1910.0	1911.0	1925.0
1926	1911.0	1912.0	1926.0
1927	1912.0	1913.0	1927.0
1928	1913.0	1914.0	1928.0
1929	1914.0	1915.0	1929.0
1930	1915.0	1916.0	1930.0
1931	1916.0	1917.0	1931.0
1932	1917.0	1918.0	1932.0
1933	1918.0	1919.0	1933.0
1934	1919.0	1920.0	1934.0
1935	1920.0	1921.0	1935.0
1936	1921.0	1922.0	1936.0
1937	1922.0	1923.0	1937.0
1938	1923.0	1924.0	1938.0
1939	1924.0	1925.0	1939.0
1940	1925.0	1926.0	1940.0
1941	1926.0	1927.0	1941.0
1942	1927.0	1928.0	1942.0
1943	1928.0	1929.0	1943.0
1944	1929.0	1930.0	1944.0
1945	1930.0	1931.0	1945.0
1946	1931.0	1932.0	1946.0
1947	1932.0	1933.0	1947.0
1948	1933.0	1934.0	1948.0
1949	1934.0	1935.0	1949.0
1950	1935.0	1936.0	1950.0
1951	1936.0	1937.0	1951.0
1952	1937.0	1938.0	1952.0
1953	1938.0	1939.0	1953.0
1954	1939.0	1940.0	1954.0
1955	1940.0	1941.0	1955.0
1956	1941.0	1942.0	1956.0
1957	1942.0	1943.0	1957.0
1958	1943.0	1944.0	1958.0
1959	1944.0	1945.0	1959.0
1960	1945.0	1946.0	1960.0
1961	1946.0	1947.0	1961.0
1962	1947.0	1948.0	1962.0
1963	1948.0	1949.0	1963.0
1964	1949.0	1950.0	1964.0
1965	1950.0	1951.0	1965.0
1966	1951.0	1952.0	1966.0
1967	1952.0	1953.0	1967.0
1968	1953.0	1954.0	1968.0
1969	1954.0	1955.0	1969.0
1970	1955.0	1956.0	1970.0
1971	1956.0	1957.0	1971.0
1972	1957.0	1958.0	1972.0
1973	1958.0	1959.0	1973.0
1974	1959.0	1960.0	1974.0
1975	1960.0	1961.0	1975.0
1976	1961.0	1962.0	1976.0
1977	1962.0	1963.0	1977.0
1978	1963.0	1964.0	1978.0
1979	1964.0	1965.0	1979.0
1980	1965.0	1966.0	1980.0
1981	1966.0	1967.0	1981.0
1982	1967.0	1968.0	1982.0
1983	1968.0	1969.0	1983.0
1984	1969.0	1970.0	1984.0
1985	1970.0	1971.0	1985.0
1986	1971.0	1972.0	1986.0
1987	1972.0	1973.0	1987.0
1988	1973.0	1974.0	1988.0
1989	1974.0	1975.0	1989.0
1990	1975.0	1976.0	1990.0
1991	1976.0	1977.0	1991.0
1992	1977.0	1978.0	1992.0
1993	1978.0	1979.0	1993.0
1994	1979.0	1980.0	1994.0
1995	1980.0	1981.0	1995.0
1996	1981.0	1982.0	1996.0
1997	1982.0	1983.0	1997.0
1998	1983.0	1984.0	1998.0
1999	1984.0	1985.0	1999.0
2000	1985.0	1986.0	2000.0
2001	1986.0	1987.0	2001.0
2002	1987.0	1988.0	2002.0
2003	1988.0	1989.0	2003.0
2004	1989.0	1990.0	2004.0
2005	1990.0	1991.0	2005.0
2006	1991.0	1992.0	2006.0
2007	1992.0	1993.0	2007.0
2008	1993.0	1994.0	2008.0
2009	1994.0	1995.0	2009.0
2010	1995.0	1996.0	2010.0
2011	1996.0	1997.0	2011.0
2012	1997.0	1998.0	2012.0
2013	1998.0	1999.0	2013.0
2014	1999.0	2000.0	2014.0
2015	2000.0	2001.0	2015.0
2016	2001.0	2002.0	2016.0
2017	2002.0	2003.0	2017.0
2018	2003.0	2004.0	2018.0
2019	2004.0	2005.0	2019.0
2020	2005.0	2006.0	2020.0
2021	2006.0	2007.0	2021.0
2022	2007.0	2008.0	2022.0
2023	2008.0	2009.0	2023.0
2024	2009.0	2010.0	2024.0
2025	2010.0	2011.0	2025.0
2026	2011.0	2012.0	2026.0
2027	2012.0	2013.0	2027.0
2028	2013.0	2014.0	2028.0
2029	2014.0	2015.0	2029.0
2030	2015.0	2016.0	2030.0
2031	2016.0	2017.0	2031.0
2032	2017.0	2018.0	2032.0
2033	2018.0	2019.0	2033.0
2034	2019.0	2020.0	2034.0
2035	2020.0	2021.0	2035.0
2036	2021.0	2022.0	2036.0
2037	2022.0	2023.0	2037.0
2038	2023.0	2024.0	2038.0
2039	2024.0	2025.0	2039.0
2040	2025.0	2026.0	2040.0
2041	2026.0	2027.0	2041.0
2042	2027.0	2028.0	2042.0
2043	2028.0	2029.0	2043.0
2044	2029.0	2030.0	2044.0
2045	2030.0	2031.0	2045.0
2046	2031.0	2032.0	2046.0
2047	2032.0	2033.0	2047.0
2048	2033.0	2034.0	2048.0
2049	2034.0	2035.0	2049.0
2050	2035.0	2036.0	2050.0
2051	2036.0	2037.0	2051.0
2052	2037.0	2038.0	2052.0
2053	2038.0	2039.0	2053.0
2054	2039.0	2040.0	2054.0
2055	2040.0	2041.0	2055.0
2056	2041.0	2042.0	2056.0
2057	2042.0	2043.0	2057.0
2058	2043.0	2044.0	2058.0
2059	2044.0	2045.0	2059.0
2060	2045.0	2046.0	2060.0
2061	2046.0	2047.0	2061.0
2062	2047.0	2048.0	2062.0
2063	2048.0	2049.0	2063.0
2064	2049.0	2050.0	2064.0
2065	2050.0	2051.0	2065.0
2066	2051.0	2052.0	2066.0
2067	2052.0	2053.0	2067.0
2068	2053.0	2054.0	2068.0
2069	2054.0	2055.0	2069.0
2070	2055.0	2056.0	2070.0
2071	2056.0	2057.0	2071.0
2072	2057.0	2058.0	2072.0
2073	2058.0	2059.0	2073.0
2074	2059.0	2060.0	2074.0
2075	2060.0	2061.0	2075.0
2076	2061.0	2062.0	2076.0
2077	2062.0	2063.0	2077.0
2078	2063.0	2064.0	2078.0
2079	2064.0	2065.0	2079.0
2080	2065.0	2066.0	2080.0
2081	2066.0	2067.0	2081.0
2082	2067.0	2068.0	2082.0
2083	2068.0	2069.0	2083.0
2084	2069.0	2070.0	2084.0
2085	2070.0	2071.0	2085.0
2086	2071.0	2072.0	2086.0
2087	2072.0	2073.0	2087.0
2088	2073.0	2074.0	2088.0
2089	2074.0	2075.0	2089.0
2090	2075.0	2076.0	2090.0
2091	2076.0	2077.0	2091.0
2092	2077.0	2078.0	2092.0
2093	2078.0	2079.0	2093.0
2094	2079.0	2080.0	2094.0
2095	2080.0	2081.0	2095.0
2096	2081.0	2082.0	2096.0
2097	2082.0	2083.0	2097.0
2098	2083.0	2084.0	2098.0
2099	2084.0	2085.0	2099.0
2100	2085.0	2086.0	2100.0
2101	2086.0	2087.0	2101.0
2102	2087.0	2088.0	2102.0
2103	2088.0	2089.0	2103.0
2104	2089.0	2090.0	2104.0
2105	2090.0	2091.0	2105.0
2106	2091.0	2092.0	2106.0
2107	2092.0	2093.0	2107.0
2108	2093.0	2094.0	2108.0
2109	2094.0	2095.0	2109.0
2110	2095.0	2096.0	2110.0
2111	2096.0	2097.0	2111.0
2112	2097.0	2098.0	2112.0
2113	2098.0	2099.0	2113.0
2114	2099.0	2100.0	2114.0
2115	2100.0	2101.0	2115.0
2116	2101.0	2102.0	2116.0
2117	2102.0	2103.0	2117.0
2118	2103.0	2104.0	2118.0
2119	2104.0	2105.0	2119.0
2120	2105.0	2106.0	2120.0
2121	2106.0	2107.0	2121.0
2122	2107.0	2108.0	2122.0
2123	2108.0	2109.0	2123.0
2124	2109.0	2110.0	2124.0
2125	2110.0	2111.0	2125.0
2126	2111.0	2112.0	2126.0
2127	2112.0	2113.0	2127.0
2128	2113.0	2114.0	2128.0
2129	2114.0	2115.0	2129.0
2130	2115.0	2116.0	2130.0
2131	2116.0	2117.0	2131.0
2132	2117.0	2118.0	2132.0
2133	2118.0	2119.0	2133.0
2134	2119.0	2120.0	2134.0
2135	2120.0	2121.0	2135.0
2136	2121.0	2122.0	2136.0
2137	2122.0	2123.0	2137.0
2138	2123.0	2124.0	2138.0
2139	2124.0	2125.0	2139.0
2140	2125.0	2126.0	2140.0
2141	2126.0	2127.0	2141.0
2142	2127.0	2128.0	2142.0
2143	2128.0	2129.0	2143.0
2144	2129.0	2130.0	2144.0
2145	2130.0	2131.0	2145.0
2146	2131.0	2132.0	2146.0
2147	2132.0	2133.0	2147.0
2148	2133.0	2134.0	2148.0
2149	2134.0	2135.0	2149.0
2150	2135.0	2136.0	2150.0
2151	2136.0	2137.0	2151.0
2152	2137.0	2138.0	2152.0
2153	2138.0	2139.0	2153.0
2154	2139.0	2140.0	2154.0
2155	2140.0	2141.0	2155.0
2156	2141.0	2142.0	2156.0
2157	2142.0	2143.0	2157.0
2158	2143.0	2144.0	2158.0
2159	2144.0	2145.0	2159.0
2160	2145.0	2146.0	2160.0
2161	2146.0	2147.0	2161.0
2162	2147.0	2148.0	2162.0
2163	2148.0	2149.0	2163.0
2164	2149.0	2150.0	2164.0
2165	2150.0	2151.0	2165.0
2166	2151.0	2152.0	2166.0
2167	2152.0	2153.0	2167.0
2168	2153.0	2154.0	2168.0
2169	2154.0	2155.0	2169.0
2170	2155.0	2156.0	2170.0
2171	2156.0	2157.0	2171.0
2172	2157.0	2158.0	2172.0
2173	2158.0	2159.0	2173.0
2174	2159.0	2160.0	2174.0
2175	2160.0	2161.0	2175.0
2176	2161.0	2162.0	2176.0
2177	2162.0	2163.0	2177.0
2178	2163.0	2164.0	2178.0
2179	2164.0	2165.0	2179.0
2180	2165.0	2166.0	2180.0
2181	2166.0	2167.0	2181.0
2182	2167.0	2168.0	2182.0
2183	2168.0	2169.0	2183.0
2184	2169.0	2170.0	2184.0
2185	2170.0	2171.0	2185.0
2186	2171.0	2172.0	2186.0
2187	2172.0	2173.0	2187.0
2188	2173.0	2174.0	2188.0
2189	2174.0	2175.0	2189.0
2190	2175.0	2176.0	2190.0
2191	2176.0	2177.0	2191.0
2192	2177.0	2178.0	2192.0
2193	2178.0	2179.0	2193.0
2194	2179.0	2180.0	2194.0
2195	2180.0	2181.0	2195.0
2196	2181.0	2182.0	2196.0
2197	2182.0	2183.0	2197.0
2198	2183.0	2184.0	2198.0
2199	2184.0	2185.0	2199.0
2200	2185.0	2186.0	2200.0
2201	2186.0	2187.0	2201.0
2202	2187.0	2188.0	2202.0
2203	2188.0	2189.0	2203.0
2204	2189.0	2190.0	2204.0
2205	2190.0	2191.0	2205.0
2206	2191.0	2192.0	2206.0
2207	2192.0	2193.0	2207.0
2208	2193.0	2194.0	2208.0
2209	2194.0	2195.0	2209.0
2210	2195.0	2196.0	2210.0
2211	2196.0	2197.0	2211.0
2212	2197.0	2198.0	2212.0
2213	2198.0	2199.0	2213.0
2214	2199.0	2200.0	2214.0
2215	2200.0	2201.0	2215.0
2216	2201.0	2202.0	2216.0
2217	2202.0	2203.0	2217.0
2218	2203.0	2204.0	2218.0
2219	2204.0	2205.0	2219.0
2220	2205.0	2206.0	2220.0
2221	2206.0	2207.0	2221.0
2222	2207.0	2208.0	2222.0
2223	2208.0	2209.0	2223.0
2224	2209.0	2210.0	2224.0
2225	2210.0	2211.0	2225.0
2226	2211.0	2212.0	2226.0
2227	2212.0	2213.0	2227.0
2228	2213.0	2214.0	2228.0
2229	2214.0	2215.0	2229.0
2230	2215.0	2216.0	2230.0
2231	2216.0	2217.0	2231.0
2232	2217.0	2218.0	2232.0
2233	2218.0	2219.0	2233.0
2234	2219.0	2220.0	2234.0
2235	2220.0	2221.0	2235.0
2236	2221.0	2222.0	2236.0
2237	2222.0	2223.0	2237.0
2238	2223.0	2224.0	2238.0
2239	2224.0	2225.0	2239.0
2240	2225.0	2226.0	2240.0
2241	2226.0	2227.0	2241.0
2242	2227.0	2228.0	2242.0
2243	2228.0	2229.0	2243.0
2244	2229.0	2230.0	2244.0
2245	2230.0	2231.0	2245.0
2246	2231.0	2232.0	2246.0
2247	2232.0	2233.0	2247.0
2248	2233.0	2234.0	2248.0
2249	2234.0	2235.0	2249.0
2250	2235.0	2236.0	2250.0
2251	2236.0	2237.0	2251.0
2252	2237.0	2238.0	2252.0
2253	2238.0	2239.0	2253.0
2254	2239.0	2240.0	2254.0
2255	2240.0	2241.0	2255.0
2256	2241.0	2242.0	2256.0
2257	2242.0	2243.0	2257.0
2258	2243.0	2244.0	2258.0
2259	2244.0	2245.0	2259.0
2260	2245.0	2246.0	2260.0
2261	2246.0	2247.0	2261.0
2262	2247.0	2248.0	2262.0
2263	2248.0	2249.0	2263.0
2264	2249.0	2250.0	2264.0
2265	2250.0	2251.0	2265.0
2266	2251.0	2252.0	2266.0
2267	2252.0	2253.0	2267.0
2268	2253.0	2254.0	2268.0
2269	2254.0	2255.0	2269.0
2270	2255.0	2256.0	2270.0
2271	2256.0	2257.0	2271.0
2272	2257.0	2258.0	2272.0
2273	2258.0	2259.0	2273.0
2274	2259.0	2260.0	2274.0
2275	2260.0	2261.0	2275.0
2276	2261.0	2262.0	2276.0
2277	2262.0	2263.0	2277.0
2278	2263.0	2264.0	2278.0
2279	2264.0	2265.0	2279.0
2280	2265.0	2266.0	2280.0
2281	2266.0	2267.0	2281.0
2282	2267.0	2268.0	2282.0
2283	2268.0	2269.0	2283.0
2284	2269.0	2270.0	2284.0
2285	2270.0	2271.0	2285.0
2286	2271.0	2272.0	2286.0
2287	2272.0	2273.0	2287.0
2288	2273.0	2274.0	2288.0
2289	2274.0	2275.0	2289.0
2290	2275.0	2276.0	2290.0
2291	2276.0	2277.0	2291.0
2292	2277.0	2278.0	2292.0
2293	2278.0	2279.0	2293.0
2294	2279.0	2280.0	2294.0
2295	2280.0	2281.0	2295.0
2296	2281.0	2282.0	2296.0
2297	2282.0	2283.0	2297.0
2298	2283.0	2284.0	2298.0
2299	2284.0	2285.0	2299.0
2300	2285.0	2286.0	2300.0
2301	2286.0	2287.0	2301.0
2302	2287.0	2288.0	2302.0
2303	2288.0	2289.0	2303.0
2304	2289.0	2290.0	2304.0
2305	2290.0	2291.0	2305.0
2306	2291.0	2292.0	2306.0
2307	2292.0	2293.0	2307.0
2308	2293.0	2294.0	2308.0
2309	2294.0	2295.0	2309.0
2310	2295.0	2296.0	2310.0
2311	2296.0	2297.0	2311.0
2312	2297.0	2298.0	2312.0
2313	2298.0	2299.0	2313.0
2314	2299.0	2300.0	2314.0
2315	2300.0	2301.0	2315.0
2316	2301.0	2302.0	2316.0
2317	2302.0	2303.0	2317.0
2318	2303.0	2304.0	2318.0
2319	2304.0	2305.0	2319.0
2320	2305.0	2306.0	2320.0
2321	2306.0	2307.0	2321.0
2322	2307.0	2308.0	2322.0
2323	2308.0	2309.0	2323.0
2324	2309.0	2310.0	2324.0
2325	2310.0	2311.0	2325.0
2326	2311.0	2312.0	2326.0
2327	2312.0	2313.0	2327.0
2328	2313.0	2314.0	2328.0
2329	2314.0	2315.0	2329.0
2330	2315.0	2316.0	2330.0
2331	2316.0	2317.0	2331.0
2332	2317.0	2318.0	2332.0
2333	2318.0	2319.0	2333.0
2334	2319.0	2320.0	2334.0
2335	2320.0	2321.0	2335.0
2336	2321.0	2322.0	2336.0
2337	2322.0	2323.0	2337.0
2338	2323.0	2324.0	2338.0
2339	2324.0	2325.0	2339.0
2340	2325.0	2326.0	2340.0
2341	2326.0	2327.0	2341.0
2342	2327.0	2328.0	2342.0
2343	2328.0	2329.0	2343.0
2344	2329.0	2330.0	2344.0
2345	2330.0	2331.0	2345.0
2346	2331.0	2332.0	2346.0
2347	2332.0	2333.0	2347.0
2348	2333.0	2334.0	2348.0
2349	2334.0	2335.0	2349.0
2350	2335.0	2336.0	2350.0
2351	2336.0	2337.0	2351.0
2352	2337.0	2338.0	2352.0
2353	2338.0	2339.0	2353.0
2354	2339.0	2340.0	2354.0
2355	2340.0	2341.0	2355.0
2356	2341.0	2342.0	2356.0
2357	2342.0	2343.0	2357.0
2358	2343.0	2344.0	2358.0
2359	2344.0	2345.0	2359.0
2360	2345.0	2346.0	2360.0
2361	2346.0	2347.0	2361.0
2362	2347.0	2348.0	2362.0
2363	2348.0	2349.0	2363.0
2364	2349.0	2350.0	2364.0
2365	2350.0	2351.0	2365.0
2366	2351.0	2352.0	2366.0
2367	2352.0	2353.0	2367.0
2368	2353.0	2354.0	2368.0
2369	2354.0	2355.0	2369.0
2370	2355.0	2356.0	2370.0
2371	2356.0	2357.0	2371.0
2372	2357.0	2358.0	2372.0
2373	2358.0	2359.0	2373.0
2374	2359.0	2360.0	2374.0
2375	2360.0	2361.0	2375.0
2376	2361.0	2362.0	2376.0
2377	2362.0	2363.0	2377.0
2378	2363.0	2364.0	2378.0
2379	2364.0	2365.0	2379.0
2380	2365.0	2366.0	2380.0
2381	2366.0	2367.0	2381.0
2382	2367.0	2368.0	2382.0
2383	2368.0	2369.0	2383.0
2384	2369.0	2370.0	2384.0
2385	2370.0	2371.0	2385.0
2386	2371.0	2372.0	2386.0
2387	2372.0	2373.0	2387.0
2388	2373.0	2374.0	2388.0
2389	2374.0	2375.0	2389.0
2390	2375.0	2376.0	2390.0
2391	2376.0	2377.0	2391.0
2392	2377.0	2378.0	2392.0
2393	2378.0	2379.0	2393.0
2394	2379.0	2380.0	2394.0
2395	2380.0	2381.0	2395.0
2396	2381.0	2382.0	2396.0
2397	2382.0	2383.0	2397.0
2398	2383.0	2384.0	2398.0
2399	2384.0	2385.0	2399.0
2400	2385.0	2386.0	2400.0
2401	2386.0	2387.0	2401.0
2402	2387.0	2388.0	2402.0
2403	2388.0	2389.0	2403.0
2404	2389.0	2390.0	2404.0
2405	2390.0	2391.0	2405.0
2406	2391.0	2392.0	2406.0
2407	2392.0	2393.0	2407.0
2408	2393.0	2394.0	2408.0
2409	2394.0	2395.0	2409.0
2410	2395.0	2396.0	2410.0
2411	2396.0	2397.0	2411.0
2412	2397.0	2398.0	2412.0
2413	2398.0	2399.0	2413.0
2414	2399.0	2400.0	2414.0
2415	2400.0	2401.0	2415.0
2416	2401.0	2402.0	2416.0
2417	2402.0	2403.0	2417.0
2418	2403.0	2404.0	2418.0
2419	2404.0	2405.0	2419.0
2420	2405.0	2406.0	2420.0
2421	2406.0	2407.0	2421.0
2422	2407.0	2408.0	2422.0
2423	2408.0	2409.0	2423.0
2424	2409.0	2410.0	2424.0
2425	2410.0	2411.0	2425.0
2426	2411.0	2412.0	2426.0
2427	2412.0	2413.0	2427.0
2428	2413.0	2414.0	2428.0
2429	2414.0	2415.0	2429.0
2430	2415.0	2416.0	2430.0
2431	2416.0	2417.0	2431.0
2432	2417.0	2418.0	2432.0
2433	2418.0	2419.0	2433.0
2434	2419.0	2420.0	2434.0
2435	2420.0	2421.0	2435.0
2436	2421.0	2422.0	2436.0
2437	2422.0	2423.0	2437.0
2438	2423.0	2424.0	2438.0
2439	2424.0	2425.0	2439.0
2440	2425.0	2426.0	2440.0
2441	2426.0	2427.0	2441.0
2442	2427.0	2428.0	2442.0
2443	2428.0	2429.0	2443.0
2444	2429.0	2430.0	2444.0
2445	2430.0	2431.0	2445.0
2446	2431.0	2432.0	2446.0
2447	2432.0	2433.0	2447.0
2448	2433.0	2434.0	2448.0
2449	2434.0	2435.0	2449.0
2450	2435.0	2436.0	2450.0
2451	2436.0	2437.0	2451.0
2452	2437.0	2438.0	2452.0
2453	2438.0	2439.0	2453.0
2454	2439.0	2440.0	2454.0
2455	2440.0	2441.0	2455.0
2456	2441.0	2442.0	2456.0
2457	2442.0	2443.0	2457.0
2458	2443.0	2444.0	2458.0
2459	2444.0	2445.0	2459.0
2460	2445.0	2446.0	2460.0
2461	2446.0	2447.0	2461.0
2462	2447.0	2448.0	2462.0
2463	2448.0	2449.0	2463.0
2464	2449.0	2450.0	2464.0
2465	2450.0	2451.0	2465.0
2466	2451.0	2452.0	2466.0
2467	2452.0	2453.0	2467.0
2468	2453.0	2454.0	2468.0
2469	2454.0	2455.0	2469.0
2470	2455.0	2456.0	2470.0
2471	2456.0	2457.0	2471.0
2472	2457.0	2458.0	2472.0
2473	2458.0	2459.0	2473.0
2474	2459.0	2460.0	2474.0
2475	2460.0	2461.0	2475.0
2476	2461.0	2462.0	2476.0
2477	2462.0	2463.0	2477.0
2478	2463.0	2464.0	2478.0
2479	2464.0	2465.0	2479.0
2480	2465.0	2466.0	2480.0
2481	2466.0	2467.0	2481.0
2482	2467.0	2468.0	2482.0
2483	2468.0	2469.0	2483.0
2484	2469.0	2470.0	2484.0
2485	2470.0	2471.0	2485.0
2486	2471.0	2472.0	2486.0
2487	2472.0	2473.0	2487.0
2488	2473.0	2474.0	2488.0
2489	2474.0	2475.0	2489.0
2490	2475.0	2476.0	2490.0
2491	2476.0	2477.0	2491.0
2492	2477.0	2478.0	2492.0
2493	2478.0	2479.0	2493.0
2494	2479.0	2480.0	2494.0
2495	2480.0	2481.0	2495.0
2496	2481.0	2482.0	2496.0
2497	2482.0	2483.0	2497.0
2498	2483.0	2484.0	2498.0
2499	2484.0	2485.0	2499.0
2500	2485.0	2486.0	2500.0
2501	2486.0	2487.0	2501.0
2502	2487.0	2488.0	2502.0
2503	2488.0	2489.0	2503.0
2504	2489.0	2490.0	2504.0
2505	2490.0	2491.0	2505.0
2506	2491.0	2492.0	2506.0
2507	2492.0	2493.0	2507.0
2508	2493.0	2494.0	2508.0
2509	2494.0	2495.0	2509.0
2510	2495.0	2496.0	2510.0
2511	2496.0	2497.0	2511.0
2512	2497.0	2498.0	2512.0
2513	2498.0	2499.0	2513.0
2514	2499.0	2500.0	2514.0
2515	2500.0	2501.0	2515.0
2516	2501.0	2502.0	2516.0
2517	2502.0	2503.0	2517.0
2518	2503.0	2504.0	2518.0
2519	2504.0	2505.0	2519.0
2520	2505.0	2506.0	2520.0
2521	2506.0	2507.0	2521.0
2522	2507.0	2508.0	2522.0
2523	2508.0	2509.0	2523.0
2524	2509.0	2510.0	2524.0
2525	2510.0	2511.0	2525.0
2526	2511.0	2512.0	2526.0
2527	2512.0	2513.0	2527.0
2528	2513.0	2514.0	2528.0
2529	2514.0	2515.0	2529.0
2530	2515.0	2516.0	2530.0
2531	2516.0	2517.0	2531.0
2532	2517.0	2518.0	2532.0
2533	2518.0	2519.0	2533.0
2534	2519.0	2520.0	2534.0
2535	2520.0	2521.0	2535.0
2536			2536.0
2537			2537.0
2538			2538.0
2539			2539.0
2540			2540.0
2541			2541.0
2542			2542.0
2543			2543.0
2544			2544.0
2545			2545.0
2546			2546.0
2547			2547.0
2548			2548.0
2549			2549.0
2550			2550.0
2551	2521.0	2522.0	2551.0
2552	2522.0	2523.0	2552.0
2553	2523.0	2524.0	2553.0
2554	2524.0	2525.0	2554.0
2555	2525.0	2526.0	2555.0
2556	2526.0	2527.0	2556.0
2557	2527.0	2528.0	2557.0
2558	2528.0	2529.0	2558.0
2559	2529.0	2530.0	2559.0
2560	2530.0	2531.0	2560.0
2561	2531.0	2532.0	2561.0
2562	2532.0	2533.0	2562.0
2563	2533.0	2534.0	2563.0
2564	2534.0	2535.0	2564.0
2565	2535.0	2536.0	2565.0
2566	2536.0	2537.0	2566.0
2567	2537.0	2538.0	2567.0
2568	2538.0	2539.0	2568.0
2569	2539.0	2540.0	2569.0
2570	2540.0	2541.0	2570.0
2571	2541.0	2542.0	2571.0
2572	2542.0	2543.0	2572.0
2573	2543.0	2544.0	2573.0
2574	2544.0	2545.0	2574.0
2575	2545.0	2546.0	2575.0
2576	2546.0	2547.0	2576.0
2577	2547.0	2548.0	2577.0
2578	2548.0	2549.0	2578.0
2579	2549.0	2550.0	2579.0
2580	2550.0	2551.0	2580.0
2581	2551.0	2552.0	2581.0
2582	2552.0	2553.0	2582.0
2583	2553.0	2554.0	2583.0
2584	2554.0	2555.0	2584.0
2585	2555.0	2556.0	2585.0
2586	2556.0	2557.0	2586.0
2587	2557.0	2558.0	2587.0
2588	2558.0	2559.0	2588.0
2589	2559.0	2560.0	2589.0
2590	2560.0	2561.0	2590.0
2591	2561.0	2562.0	2591.0
2592	2562.0	2563.0	2592.0
2593	2563.0	2564.0	2593.0
2594	2564.0	2565.0	2594.0
2595	2565.0	2566.0	2595.0
2596	2566.0	2567.0	2596.0
2597	2567.0	2568.0	2597.0
2598	2568.0	2569.0	2598.0
2599	2569.0	2570.0	2599.0
2600	2570.0	2571.0	2600.0
2601	2571.0	2572.0	2601.0
2602	2572.0	2573.0	2602.0
2603	2573.0	2574.0	2603.0
2604	2574.0	2575.0	2604.0
2605	2575.0	2576.0	2605.0
2606	2576.0	2577.0	2606.0
2607	2577.0	2578.0	2607.0
2608	2578.0	2579.0	2608.0
2609	2579.0	2580.0	2609.0
2610	2580.0	2581.0	2610.0
2611	2581.0	2582.0	2611.0
2612	2582.0	2583.0	2612.0
2613	2583.0	2584.0	2613.0
2614	2584.0	2585.0	2614.0
2615	2585.0	2586.0	2615.0
2616	2586.0	2587.0	2616.0
2617	2587.0	2588.0	2617.0
2618	2588.0	2589.0	2618.0
2619	2589.0	2590.0	2619.0
2620	2590.0	2591.0	2620.0
2621	2591.0	2592.0	2621.0
2622	2592.0	2593.0	2622.0
2623	2593.0	2594.0	2623.0
2624	2594.0	2595.0	2624.0
2625	2595.0	2596.0	2625.0
2626	2596.0	2597.0	2626.0
2627	2597.0	2598.0	2627.0
2628	2598.0	2599.0	2628.0
2629	2599.0	2600.0	2629.0
2630	2600.0	2601.0	2630.0
2631	2601.0	2602.0	2631.0
2632	2602.0	2603.0	2632.0
2633	2603.0	2604.0	2633.0
2634	2604.0	2605.0	2634.0
2635	2605.0	2606.0	2635.0
2636	2606.0	2607.0	2636.0
2637	2607.0	2608.0	2637.0
2638	2608.0	2609.0	2638.0
2639	2609.0	2610.0	2639.0
2640	2610.0	2611.0	2640.0
2641	2611.0	2612.0	2641.0
2642	2612.0	2613.0	2642.0
2643	2613.0	2614.0	2643.0
2644	2614.0	2615.0	2644.0
2645	2615.0	2616.0	2645.0
2646	2616.0	2617.0	2646.0
2647	2617.0	2618.0	2647.0
2648	2618.0	2619.0	2648.0
2649	2619.0	2620.0	2649.0
2650	2620.0	2621.0	2650.0
2651	2621.0	2622.0	2651.0
2652	2622.0	2623.0	2652.0
2653	2623.0	2624.0	2653.0
2654	2624.0	2625.0	2654.0
2655	2625.0	2626.0	2655.0
2656	2626.0	2627.0	2656.0
2657	2627.0	2628.0	2657.0
2658	2628.0	2629.0	2658.0
2659	2629.0	2630.0	2659.0
2660	2630.0	2631.0	2660.0
2661	2631.0	2632.0	2661.0
2662	2632.0	2633.0	2662.0
2663	2633.0	2634.0	2663.0
2664	2634.0	2635.0	2664.0
2665	2635.0	2636.0	2665.0
2666	2636.0	2637.0	2666.0
2667	2637.0	2638.0	2667.0
2668	2638.0	2639.0	2668.0
2669	2639.0	2640.0	2669.0
2670	2640.0	2641.0	2670.0
2671	2641.0	2642.0	2671.0
2672	2642.0	2643.0	2672.0
2673	2643.0	2644.0	2673.0
2674	2644.0	2645.0	2674.0
2675	2645.0	2646.0	2675.0
2676	2646.0	2647.0	2676.0
2677	2647.0	2648.0	2677.0
2678	2648.0	2649.0	2678.0
2679	2649.0	2650.0	2679.0
2680	2650.0	2651.0	2680.0
2681	2651.0	2652.0	2681.0
2682	2652.0	2653.0	2682.0
2683	2653.0	2654.0	2683.0
2684	2654.0	2655.0	2684.0
2685	2655.0	2656.0	2685.0
2686	2656.0	2657.0	2686.0
2687	2657.0	2658.0	2687.0
2688	2658.0	2659.0	2688.0
2689	2659.0	2660.0	2689.0
2690	2660.0	2661.0	2690.0
2691	2661.0	2662.0	2691.0
2692	2662.0	2663.0	2692.0
2693	2663.0	2664.0	2693.0
2694	2664.0	2665.0	2694.0
2695	2665.0	2666.0	2695.0
2696	2666.0	2667.0	2696.0
2697	2667.0	2668.0	2697.0
2698	2668.0	2669.0	2698.0
2699	2669.0	2670.0	2699.0
2700	2670.0	2671.0	2700.0
2701	2671.0	2672.0	2701.0
2702	2672.0	2673.0	2702.0
2703	2673.0	2674.0	2703.0
2704	2674.0	2675.0	2704.0
2705	2675.0	2676.0	2705.0
2706	2676.0	2677.0	2706.0
2707	2677.0	2678.0	2707.0
2708	2678.0	2679.0	2708.0
2709	2679.0	2680.0	2709.0
2710	2680.0	2681.0	2710.0
2711	2681.0	2682.0	2711.0
2712	2682.0	2683.0	2712.0
2713	2683.0	2684.0	2713.0
2714	2684.0	2685.0	2714.0
2715	2685.0	2686.0	2715.0
2716	2686.0	2687.0	2716.0
2717	2687.0	2688.0	2717.0
2718	2688.0	2689.0	2718.0
2719	2689.0	2690.0	2719.0
2720	2690.0	2691.0	2720.0
2721	2691.0	2692.0	2721.0
2722	2692.0	2693.0	2722.0
2723	2693.0	2694.0	2723.0
2724	2694.0	2695.0	2724.0
2725	2695.0	2696.0	2725.0
2726	2696.0	2697.0	2726.0
2727	2697.0	2698.0	2727.0
2728	2698.0	2699.0	2728.0
2729	2699.0	2700.0	2729.0
2730	2700.0	2701.0	2730.0
2731	2701.0	2702.0	2731.0
2732	2702.0	2703.0	2732.0
2733	2703.0	2704.0	2733.0
2734	2704.0	2705.0	2734.0
2735	2705.0	2706.0	2735.0
2736	2706.0	2707.0	2736.0
2737	2707.0	2708.0	2737.0
2738	2708.0	2709.0	2738.0
2739	2709.0	2710.0	2739.0
2740	2710.0	2711.0	2740.0
2741	2711.0	2712.0	2741.0
2742	2712.0	2713.0	2742.0
2743	2713.0	2714.0	2743.0
2744	2714.0	2715.0	2744.0
2745	2715.0	2716.0	2745.0
2746	2716.0	2717.0	2746.0
2747	2717.0	2718.0	2747.0
2748	2718.0	2719.0	2748.0
2749	2719.0	2720.0	2749.0
2750	2720.0	2721.0	2750.0
2751	2721.0	2722.0	2751.0
2752	2722.0	2723.0	2752.0
2753	2723.0	2724.0	2753.0
2754	2724.0	2725.0	2754.0
2755	2725.0	2726.0	2755.0
2756	2726.0	2727.0	2756.0
2757	2727.0	2728.0	2757.0
2758	2728.0	2729.0	2758.0
2759	2729.0		2759.0
2760	2730.0		2760.0
