HA	CY207731.1	CY121496.1	KJ942680.1
1			1.0
2			2.0
3			3.0
4			4.0
5			5.0
6			6.0
7			7.0
8			8.0
9			9.0
10			10.0
11			11.0
12			12.0
13	1.0		13.0
14	2.0		14.0
15	3.0		15.0
16	4.0	1.0	16.0
17	5.0	2.0	17.0
18	6.0	3.0	18.0
19	7.0	4.0	19.0
20	8.0	5.0	20.0
21	9.0	6.0	21.0
22	10.0	7.0	22.0
23	11.0	8.0	23.0
24	12.0	9.0	24.0
25	13.0	10.0	25.0
26	14.0	11.0	26.0
27	15.0	12.0	27.0
28	16.0	13.0	28.0
29	17.0	14.0	29.0
30	18.0	15.0	30.0
31	19.0	16.0	31.0
32	20.0	17.0	32.0
33	21.0	18.0	33.0
34	22.0	19.0	34.0
35	23.0	20.0	35.0
36	24.0	21.0	36.0
37	25.0	22.0	37.0
38	26.0	23.0	38.0
39	27.0	24.0	39.0
40	28.0	25.0	40.0
41	29.0	26.0	41.0
42	30.0	27.0	42.0
43	31.0	28.0	43.0
44	32.0	29.0	44.0
45	33.0	30.0	45.0
46	34.0	31.0	46.0
47	35.0	32.0	47.0
48	36.0	33.0	48.0
49	37.0	34.0	49.0
50	38.0	35.0	50.0
51	39.0	36.0	51.0
52	40.0	37.0	52.0
53	41.0	38.0	53.0
54	42.0	39.0	54.0
55	43.0	40.0	55.0
56	44.0	41.0	56.0
57	45.0	42.0	57.0
58	46.0	43.0	58.0
59	47.0	44.0	59.0
60	48.0	45.0	60.0
61	49.0	46.0	61.0
62	50.0	47.0	62.0
63	51.0	48.0	63.0
64	52.0	49.0	64.0
65	53.0	50.0	65.0
66	54.0	51.0	66.0
67	55.0	52.0	67.0
68	56.0	53.0	68.0
69	57.0	54.0	69.0
70	58.0	55.0	70.0
71	59.0	56.0	71.0
72	60.0	57.0	72.0
73	61.0	58.0	73.0
74	62.0	59.0	74.0
75	63.0	60.0	75.0
76	64.0	61.0	76.0
77	65.0	62.0	77.0
78	66.0	63.0	78.0
79	67.0	64.0	79.0
80	68.0	65.0	80.0
81	69.0	66.0	81.0
82	70.0	67.0	82.0
83	71.0	68.0	83.0
84	72.0	69.0	84.0
85	73.0	70.0	85.0
86	74.0	71.0	86.0
87	75.0	72.0	87.0
88	76.0	73.0	88.0
89	77.0	74.0	89.0
90	78.0	75.0	90.0
91	79.0	76.0	91.0
92	80.0	77.0	92.0
93	81.0	78.0	93.0
94	82.0	79.0	94.0
95	83.0	80.0	95.0
96	84.0	81.0	96.0
97	85.0	82.0	97.0
98	86.0	83.0	98.0
99	87.0	84.0	99.0
100	88.0	85.0	100.0
101	89.0	86.0	101.0
102	90.0	87.0	102.0
103	91.0	88.0	103.0
104	92.0	89.0	104.0
105	93.0	90.0	105.0
106	94.0	91.0	106.0
107	95.0	92.0	107.0
108	96.0	93.0	108.0
109	97.0	94.0	109.0
110	98.0	95.0	110.0
111	99.0	96.0	111.0
112	100.0	97.0	112.0
113	101.0	98.0	113.0
114	102.0	99.0	114.0
115	103.0	100.0	115.0
116	104.0	101.0	116.0
117	105.0	102.0	117.0
118	106.0	103.0	118.0
119	107.0	104.0	119.0
120	108.0	105.0	120.0
121	109.0	106.0	121.0
122	110.0	107.0	122.0
123	111.0	108.0	123.0
124	112.0	109.0	124.0
125	113.0	110.0	125.0
126	114.0	111.0	126.0
127	115.0	112.0	127.0
128	116.0	113.0	128.0
129	117.0	114.0	129.0
130	118.0	115.0	130.0
131	119.0	116.0	131.0
132	120.0	117.0	132.0
133	121.0	118.0	133.0
134	122.0	119.0	134.0
135	123.0	120.0	135.0
136	124.0	121.0	136.0
137	125.0	122.0	137.0
138	126.0	123.0	138.0
139	127.0	124.0	139.0
140	128.0	125.0	140.0
141	129.0	126.0	141.0
142	130.0	127.0	142.0
143	131.0	128.0	143.0
144	132.0	129.0	144.0
145	133.0	130.0	145.0
146	134.0	131.0	146.0
147	135.0	132.0	147.0
148	136.0	133.0	148.0
149	137.0	134.0	149.0
150	138.0	135.0	150.0
151	139.0	136.0	151.0
152	140.0	137.0	152.0
153	141.0	138.0	153.0
154	142.0	139.0	154.0
155	143.0	140.0	155.0
156	144.0	141.0	156.0
157	145.0	142.0	157.0
158	146.0	143.0	158.0
159	147.0	144.0	159.0
160	148.0	145.0	160.0
161	149.0	146.0	161.0
162	150.0	147.0	162.0
163	151.0	148.0	163.0
164	152.0	149.0	164.0
165	153.0	150.0	165.0
166	154.0	151.0	166.0
167	155.0	152.0	167.0
168	156.0	153.0	168.0
169	157.0	154.0	169.0
170	158.0	155.0	170.0
171	159.0	156.0	171.0
172	160.0	157.0	172.0
173	161.0	158.0	173.0
174	162.0	159.0	174.0
175	163.0	160.0	175.0
176	164.0	161.0	176.0
177	165.0	162.0	177.0
178	166.0	163.0	178.0
179	167.0	164.0	179.0
180	168.0	165.0	180.0
181	169.0	166.0	181.0
182	170.0	167.0	182.0
183	171.0	168.0	183.0
184	172.0	169.0	184.0
185	173.0	170.0	185.0
186	174.0	171.0	186.0
187	175.0	172.0	187.0
188	176.0	173.0	188.0
189	177.0	174.0	189.0
190	178.0	175.0	190.0
191	179.0	176.0	191.0
192	180.0	177.0	192.0
193	181.0	178.0	193.0
194	182.0	179.0	194.0
195	183.0	180.0	195.0
196	184.0	181.0	196.0
197	185.0	182.0	197.0
198	186.0	183.0	198.0
199	187.0	184.0	199.0
200	188.0	185.0	200.0
201	189.0	186.0	201.0
202	190.0	187.0	202.0
203	191.0	188.0	203.0
204	192.0	189.0	204.0
205	193.0	190.0	205.0
206	194.0	191.0	206.0
207	195.0	192.0	207.0
208	196.0	193.0	208.0
209	197.0	194.0	209.0
210	198.0	195.0	210.0
211	199.0	196.0	211.0
212	200.0	197.0	212.0
213	201.0	198.0	213.0
214	202.0	199.0	214.0
215	203.0	200.0	215.0
216	204.0	201.0	216.0
217	205.0	202.0	217.0
218	206.0	203.0	218.0
219	207.0	204.0	219.0
220	208.0	205.0	220.0
221	209.0	206.0	221.0
222	210.0	207.0	222.0
223	211.0	208.0	223.0
224	212.0	209.0	224.0
225	213.0	210.0	225.0
226	214.0	211.0	226.0
227	215.0	212.0	227.0
228	216.0	213.0	228.0
229	217.0	214.0	229.0
230	218.0	215.0	230.0
231	219.0	216.0	231.0
232	220.0	217.0	232.0
233	221.0	218.0	233.0
234	222.0	219.0	234.0
235	223.0	220.0	235.0
236	224.0	221.0	236.0
237	225.0	222.0	237.0
238	226.0	223.0	238.0
239	227.0	224.0	239.0
240	228.0	225.0	240.0
241	229.0	226.0	241.0
242	230.0	227.0	242.0
243	231.0	228.0	243.0
244	232.0	229.0	244.0
245	233.0	230.0	245.0
246	234.0	231.0	246.0
247	235.0	232.0	247.0
248	236.0	233.0	248.0
249	237.0	234.0	249.0
250	238.0	235.0	250.0
251	239.0	236.0	251.0
252	240.0	237.0	252.0
253	241.0	238.0	253.0
254	242.0	239.0	254.0
255	243.0	240.0	255.0
256	244.0	241.0	256.0
257	245.0	242.0	257.0
258	246.0	243.0	258.0
259	247.0	244.0	259.0
260	248.0	245.0	260.0
261	249.0	246.0	261.0
262	250.0	247.0	262.0
263	251.0	248.0	263.0
264	252.0	249.0	264.0
265	253.0	250.0	265.0
266	254.0	251.0	266.0
267	255.0	252.0	267.0
268	256.0	253.0	268.0
269	257.0	254.0	269.0
270	258.0	255.0	270.0
271	259.0	256.0	271.0
272	260.0	257.0	272.0
273	261.0	258.0	273.0
274	262.0	259.0	274.0
275	263.0	260.0	275.0
276	264.0	261.0	276.0
277	265.0	262.0	277.0
278	266.0	263.0	278.0
279	267.0	264.0	279.0
280	268.0	265.0	280.0
281	269.0	266.0	281.0
282	270.0	267.0	282.0
283	271.0	268.0	283.0
284	272.0	269.0	284.0
285	273.0	270.0	285.0
286	274.0	271.0	286.0
287	275.0	272.0	287.0
288	276.0	273.0	288.0
289	277.0	274.0	289.0
290	278.0	275.0	290.0
291	279.0	276.0	291.0
292	280.0	277.0	292.0
293	281.0	278.0	293.0
294	282.0	279.0	294.0
295	283.0	280.0	295.0
296	284.0	281.0	296.0
297	285.0	282.0	297.0
298	286.0	283.0	298.0
299	287.0	284.0	299.0
300	288.0	285.0	300.0
301	289.0	286.0	301.0
302	290.0	287.0	302.0
303	291.0	288.0	303.0
304	292.0	289.0	304.0
305	293.0	290.0	305.0
306	294.0	291.0	306.0
307	295.0	292.0	307.0
308	296.0	293.0	308.0
309	297.0	294.0	309.0
310	298.0	295.0	310.0
311	299.0	296.0	311.0
312	300.0	297.0	312.0
313	301.0	298.0	313.0
314	302.0	299.0	314.0
315	303.0	300.0	315.0
316	304.0	301.0	316.0
317	305.0	302.0	317.0
318	306.0	303.0	318.0
319	307.0	304.0	319.0
320	308.0	305.0	320.0
321	309.0	306.0	321.0
322	310.0	307.0	322.0
323	311.0	308.0	323.0
324	312.0	309.0	324.0
325	313.0	310.0	325.0
326	314.0	311.0	326.0
327	315.0	312.0	327.0
328	316.0	313.0	328.0
329	317.0	314.0	329.0
330	318.0	315.0	330.0
331	319.0	316.0	331.0
332	320.0	317.0	332.0
333	321.0	318.0	333.0
334	322.0	319.0	334.0
335	323.0	320.0	335.0
336	324.0	321.0	336.0
337	325.0	322.0	337.0
338	326.0	323.0	338.0
339	327.0	324.0	339.0
340	328.0	325.0	340.0
341	329.0	326.0	341.0
342	330.0	327.0	342.0
343	331.0	328.0	343.0
344	332.0	329.0	344.0
345	333.0	330.0	345.0
346	334.0	331.0	346.0
347	335.0	332.0	347.0
348	336.0	333.0	348.0
349	337.0	334.0	349.0
350	338.0	335.0	350.0
351	339.0	336.0	351.0
352	340.0	337.0	352.0
353	341.0	338.0	353.0
354	342.0	339.0	354.0
355	343.0	340.0	355.0
356	344.0	341.0	356.0
357	345.0	342.0	357.0
358	346.0	343.0	358.0
359	347.0	344.0	359.0
360	348.0	345.0	360.0
361	349.0	346.0	361.0
362	350.0	347.0	362.0
363	351.0	348.0	363.0
364	352.0	349.0	364.0
365	353.0	350.0	365.0
366	354.0	351.0	366.0
367	355.0	352.0	367.0
368	356.0	353.0	368.0
369	357.0	354.0	369.0
370	358.0	355.0	370.0
371	359.0	356.0	371.0
372	360.0	357.0	372.0
373	361.0	358.0	373.0
374	362.0	359.0	374.0
375	363.0	360.0	375.0
376	364.0	361.0	376.0
377	365.0	362.0	377.0
378	366.0	363.0	378.0
379	367.0	364.0	379.0
380	368.0	365.0	380.0
381	369.0	366.0	381.0
382	370.0	367.0	382.0
383	371.0	368.0	383.0
384	372.0	369.0	384.0
385	373.0	370.0	385.0
386	374.0	371.0	386.0
387	375.0	372.0	387.0
388	376.0	373.0	388.0
389	377.0	374.0	389.0
390	378.0	375.0	390.0
391	379.0	376.0	391.0
392	380.0	377.0	392.0
393	381.0	378.0	393.0
394	382.0	379.0	394.0
395	383.0	380.0	395.0
396	384.0	381.0	396.0
397	385.0	382.0	397.0
398	386.0	383.0	398.0
399	387.0	384.0	399.0
400	388.0	385.0	400.0
401	389.0	386.0	401.0
402	390.0	387.0	402.0
403	391.0	388.0	403.0
404	392.0	389.0	404.0
405	393.0	390.0	405.0
406	394.0	391.0	406.0
407	395.0	392.0	407.0
408	396.0	393.0	408.0
409	397.0	394.0	409.0
410	398.0	395.0	410.0
411	399.0	396.0	411.0
412	400.0	397.0	412.0
413	401.0	398.0	413.0
414	402.0	399.0	414.0
415	403.0	400.0	415.0
416	404.0	401.0	416.0
417	405.0	402.0	417.0
418	406.0	403.0	418.0
419	407.0	404.0	419.0
420	408.0	405.0	420.0
421	409.0	406.0	421.0
422	410.0	407.0	422.0
423	411.0	408.0	423.0
424	412.0	409.0	424.0
425	413.0	410.0	425.0
426	414.0	411.0	426.0
427	415.0	412.0	427.0
428	416.0	413.0	428.0
429	417.0	414.0	429.0
430	418.0	415.0	430.0
431	419.0	416.0	431.0
432	420.0	417.0	432.0
433	421.0	418.0	433.0
434	422.0	419.0	434.0
435	423.0	420.0	435.0
436	424.0	421.0	436.0
437	425.0	422.0	437.0
438	426.0	423.0	438.0
439	427.0	424.0	439.0
440	428.0	425.0	440.0
441	429.0	426.0	441.0
442	430.0	427.0	442.0
443	431.0	428.0	443.0
444	432.0	429.0	444.0
445	433.0	430.0	445.0
446	434.0	431.0	446.0
447	435.0	432.0	447.0
448	436.0	433.0	448.0
449	437.0	434.0	449.0
450	438.0	435.0	450.0
451	439.0	436.0	451.0
452	440.0	437.0	452.0
453	441.0	438.0	453.0
454	442.0	439.0	454.0
455	443.0	440.0	455.0
456	444.0	441.0	456.0
457	445.0	442.0	457.0
458	446.0	443.0	458.0
459	447.0	444.0	459.0
460	448.0	445.0	460.0
461	449.0	446.0	461.0
462	450.0	447.0	462.0
463	451.0	448.0	463.0
464	452.0	449.0	464.0
465	453.0	450.0	465.0
466	454.0	451.0	466.0
467	455.0	452.0	467.0
468	456.0	453.0	468.0
469	457.0	454.0	469.0
470	458.0	455.0	470.0
471	459.0	456.0	471.0
472	460.0	457.0	472.0
473	461.0	458.0	473.0
474	462.0	459.0	474.0
475	463.0	460.0	475.0
476	464.0	461.0	476.0
477	465.0	462.0	477.0
478	466.0	463.0	478.0
479	467.0	464.0	479.0
480	468.0	465.0	480.0
481	469.0	466.0	481.0
482	470.0	467.0	482.0
483	471.0	468.0	483.0
484	472.0	469.0	484.0
485	473.0	470.0	485.0
486	474.0	471.0	486.0
487	475.0	472.0	487.0
488	476.0	473.0	488.0
489	477.0	474.0	489.0
490	478.0	475.0	490.0
491	479.0	476.0	491.0
492	480.0	477.0	492.0
493	481.0	478.0	493.0
494	482.0	479.0	494.0
495	483.0	480.0	495.0
496	484.0	481.0	496.0
497	485.0	482.0	497.0
498	486.0	483.0	498.0
499	487.0	484.0	499.0
500	488.0	485.0	500.0
501	489.0	486.0	501.0
502	490.0	487.0	502.0
503	491.0	488.0	503.0
504	492.0	489.0	504.0
505	493.0	490.0	505.0
506	494.0	491.0	506.0
507	495.0	492.0	507.0
508	496.0	493.0	508.0
509	497.0	494.0	509.0
510	498.0	495.0	510.0
511	499.0	496.0	511.0
512	500.0	497.0	512.0
513	501.0	498.0	513.0
514	502.0	499.0	514.0
515	503.0	500.0	515.0
516	504.0	501.0	516.0
517	505.0	502.0	517.0
518	506.0	503.0	518.0
519	507.0	504.0	519.0
520	508.0	505.0	520.0
521	509.0	506.0	521.0
522	510.0	507.0	522.0
523	511.0	508.0	523.0
524	512.0	509.0	524.0
525	513.0	510.0	525.0
526	514.0	511.0	526.0
527	515.0	512.0	527.0
528	516.0	513.0	528.0
529	517.0	514.0	529.0
530	518.0	515.0	530.0
531	519.0	516.0	531.0
532	520.0	517.0	532.0
533	521.0	518.0	533.0
534	522.0	519.0	534.0
535	523.0	520.0	535.0
536	524.0	521.0	536.0
537	525.0	522.0	537.0
538	526.0	523.0	538.0
539	527.0	524.0	539.0
540	528.0	525.0	540.0
541	529.0	526.0	541.0
542	530.0	527.0	542.0
543	531.0	528.0	543.0
544	532.0	529.0	544.0
545	533.0	530.0	545.0
546	534.0	531.0	546.0
547	535.0	532.0	547.0
548	536.0	533.0	548.0
549	537.0	534.0	549.0
550	538.0	535.0	550.0
551	539.0	536.0	551.0
552	540.0	537.0	552.0
553	541.0	538.0	553.0
554	542.0	539.0	554.0
555	543.0	540.0	555.0
556	544.0	541.0	556.0
557	545.0	542.0	557.0
558	546.0	543.0	558.0
559	547.0	544.0	559.0
560	548.0	545.0	560.0
561	549.0	546.0	561.0
562	550.0	547.0	562.0
563	551.0	548.0	563.0
564	552.0	549.0	564.0
565	553.0	550.0	565.0
566	554.0	551.0	566.0
567	555.0	552.0	567.0
568	556.0	553.0	568.0
569	557.0	554.0	569.0
570	558.0	555.0	570.0
571	559.0	556.0	571.0
572	560.0	557.0	572.0
573	561.0	558.0	573.0
574	562.0	559.0	574.0
575	563.0	560.0	575.0
576	564.0	561.0	576.0
577	565.0	562.0	577.0
578	566.0	563.0	578.0
579	567.0	564.0	579.0
580	568.0	565.0	580.0
581	569.0	566.0	581.0
582	570.0	567.0	582.0
583	571.0	568.0	583.0
584	572.0	569.0	584.0
585	573.0	570.0	585.0
586	574.0	571.0	586.0
587	575.0	572.0	587.0
588	576.0	573.0	588.0
589	577.0	574.0	589.0
590	578.0	575.0	590.0
591	579.0	576.0	591.0
592	580.0	577.0	592.0
593	581.0	578.0	593.0
594	582.0	579.0	594.0
595	583.0	580.0	595.0
596	584.0	581.0	596.0
597	585.0	582.0	597.0
598	586.0	583.0	598.0
599	587.0	584.0	599.0
600	588.0	585.0	600.0
601	589.0	586.0	601.0
602	590.0	587.0	602.0
603	591.0	588.0	603.0
604	592.0	589.0	604.0
605	593.0	590.0	605.0
606	594.0	591.0	606.0
607	595.0	592.0	607.0
608	596.0	593.0	608.0
609	597.0	594.0	609.0
610	598.0	595.0	610.0
611	599.0	596.0	611.0
612	600.0	597.0	612.0
613	601.0	598.0	613.0
614	602.0	599.0	614.0
615	603.0	600.0	615.0
616	604.0	601.0	616.0
617	605.0	602.0	617.0
618	606.0	603.0	618.0
619	607.0	604.0	619.0
620	608.0	605.0	620.0
621	609.0	606.0	621.0
622	610.0	607.0	622.0
623	611.0	608.0	623.0
624	612.0	609.0	624.0
625	613.0	610.0	625.0
626	614.0	611.0	626.0
627	615.0	612.0	627.0
628	616.0	613.0	628.0
629	617.0	614.0	629.0
630	618.0	615.0	630.0
631	619.0	616.0	631.0
632	620.0	617.0	632.0
633	621.0	618.0	633.0
634	622.0	619.0	634.0
635	623.0	620.0	635.0
636	624.0	621.0	636.0
637	625.0	622.0	637.0
638	626.0	623.0	638.0
639	627.0	624.0	639.0
640	628.0	625.0	640.0
641	629.0	626.0	641.0
642	630.0	627.0	642.0
643	631.0	628.0	643.0
644	632.0	629.0	644.0
645	633.0	630.0	645.0
646	634.0	631.0	646.0
647	635.0	632.0	647.0
648	636.0	633.0	648.0
649	637.0	634.0	649.0
650	638.0	635.0	650.0
651	639.0	636.0	651.0
652	640.0	637.0	652.0
653	641.0	638.0	653.0
654	642.0	639.0	654.0
655	643.0	640.0	655.0
656	644.0	641.0	656.0
657	645.0	642.0	657.0
658	646.0	643.0	658.0
659	647.0	644.0	659.0
660	648.0	645.0	660.0
661	649.0	646.0	661.0
662	650.0	647.0	662.0
663	651.0	648.0	663.0
664	652.0	649.0	664.0
665	653.0	650.0	665.0
666	654.0	651.0	666.0
667	655.0	652.0	667.0
668	656.0	653.0	668.0
669	657.0	654.0	669.0
670	658.0	655.0	670.0
671	659.0	656.0	671.0
672	660.0	657.0	672.0
673	661.0	658.0	673.0
674	662.0	659.0	674.0
675	663.0	660.0	675.0
676	664.0	661.0	676.0
677	665.0	662.0	677.0
678	666.0	663.0	678.0
679	667.0	664.0	679.0
680	668.0	665.0	680.0
681	669.0	666.0	681.0
682	670.0	667.0	682.0
683	671.0	668.0	683.0
684	672.0	669.0	684.0
685	673.0	670.0	685.0
686	674.0	671.0	686.0
687	675.0	672.0	687.0
688	676.0	673.0	688.0
689	677.0	674.0	689.0
690	678.0	675.0	690.0
691	679.0	676.0	691.0
692	680.0	677.0	692.0
693	681.0	678.0	693.0
694	682.0	679.0	694.0
695	683.0	680.0	695.0
696	684.0	681.0	696.0
697	685.0	682.0	697.0
698	686.0	683.0	698.0
699	687.0	684.0	699.0
700	688.0	685.0	700.0
701	689.0	686.0	701.0
702	690.0	687.0	702.0
703	691.0	688.0	703.0
704	692.0	689.0	704.0
705	693.0	690.0	705.0
706	694.0	691.0	706.0
707	695.0	692.0	707.0
708	696.0	693.0	708.0
709	697.0	694.0	709.0
710	698.0	695.0	710.0
711	699.0	696.0	711.0
712	700.0	697.0	712.0
713	701.0	698.0	713.0
714	702.0	699.0	714.0
715	703.0	700.0	715.0
716	704.0	701.0	716.0
717	705.0	702.0	717.0
718	706.0	703.0	718.0
719	707.0	704.0	719.0
720	708.0	705.0	720.0
721	709.0	706.0	721.0
722	710.0	707.0	722.0
723	711.0	708.0	723.0
724	712.0	709.0	724.0
725	713.0	710.0	725.0
726	714.0	711.0	726.0
727	715.0	712.0	727.0
728	716.0	713.0	728.0
729	717.0	714.0	729.0
730	718.0	715.0	730.0
731	719.0	716.0	731.0
732	720.0	717.0	732.0
733	721.0	718.0	733.0
734	722.0	719.0	734.0
735	723.0	720.0	735.0
736	724.0	721.0	736.0
737	725.0	722.0	737.0
738	726.0	723.0	738.0
739	727.0	724.0	739.0
740	728.0	725.0	740.0
741	729.0	726.0	741.0
742	730.0	727.0	742.0
743	731.0	728.0	743.0
744	732.0	729.0	744.0
745	733.0	730.0	745.0
746	734.0	731.0	746.0
747	735.0	732.0	747.0
748	736.0	733.0	748.0
749	737.0	734.0	749.0
750	738.0	735.0	750.0
751	739.0	736.0	751.0
752	740.0	737.0	752.0
753	741.0	738.0	753.0
754	742.0	739.0	754.0
755	743.0	740.0	755.0
756	744.0	741.0	756.0
757	745.0	742.0	757.0
758	746.0	743.0	758.0
759	747.0	744.0	759.0
760	748.0	745.0	760.0
761	749.0	746.0	761.0
762	750.0	747.0	762.0
763	751.0	748.0	763.0
764	752.0	749.0	764.0
765	753.0	750.0	765.0
766	754.0	751.0	766.0
767	755.0	752.0	767.0
768	756.0	753.0	768.0
769	757.0	754.0	769.0
770	758.0	755.0	770.0
771	759.0	756.0	771.0
772	760.0	757.0	772.0
773	761.0	758.0	773.0
774	762.0	759.0	774.0
775	763.0	760.0	775.0
776	764.0	761.0	776.0
777	765.0	762.0	777.0
778	766.0	763.0	778.0
779	767.0	764.0	779.0
780	768.0	765.0	780.0
781	769.0	766.0	781.0
782	770.0	767.0	782.0
783	771.0	768.0	783.0
784	772.0	769.0	784.0
785	773.0	770.0	785.0
786	774.0	771.0	786.0
787	775.0	772.0	787.0
788	776.0	773.0	788.0
789	777.0	774.0	789.0
790	778.0	775.0	790.0
791	779.0	776.0	791.0
792	780.0	777.0	792.0
793	781.0	778.0	793.0
794	782.0	779.0	794.0
795	783.0	780.0	795.0
796	784.0	781.0	796.0
797	785.0	782.0	797.0
798	786.0	783.0	798.0
799	787.0	784.0	799.0
800	788.0	785.0	800.0
801	789.0	786.0	801.0
802	790.0	787.0	802.0
803	791.0	788.0	803.0
804	792.0	789.0	804.0
805	793.0	790.0	805.0
806	794.0	791.0	806.0
807	795.0	792.0	807.0
808	796.0	793.0	808.0
809	797.0	794.0	809.0
810	798.0	795.0	810.0
811	799.0	796.0	811.0
812	800.0	797.0	812.0
813	801.0	798.0	813.0
814	802.0	799.0	814.0
815	803.0	800.0	815.0
816	804.0	801.0	816.0
817	805.0	802.0	817.0
818	806.0	803.0	818.0
819	807.0	804.0	819.0
820	808.0	805.0	820.0
821	809.0	806.0	821.0
822	810.0	807.0	822.0
823	811.0	808.0	823.0
824	812.0	809.0	824.0
825	813.0	810.0	825.0
826	814.0	811.0	826.0
827	815.0	812.0	827.0
828	816.0	813.0	828.0
829	817.0	814.0	829.0
830	818.0	815.0	830.0
831	819.0	816.0	831.0
832	820.0	817.0	832.0
833	821.0	818.0	833.0
834	822.0	819.0	834.0
835	823.0	820.0	835.0
836	824.0	821.0	836.0
837	825.0	822.0	837.0
838	826.0	823.0	838.0
839	827.0	824.0	839.0
840	828.0	825.0	840.0
841	829.0	826.0	841.0
842	830.0	827.0	842.0
843	831.0	828.0	843.0
844	832.0	829.0	844.0
845	833.0	830.0	845.0
846	834.0	831.0	846.0
847	835.0	832.0	847.0
848	836.0	833.0	848.0
849	837.0	834.0	849.0
850	838.0	835.0	850.0
851	839.0	836.0	851.0
852	840.0	837.0	852.0
853	841.0	838.0	853.0
854	842.0	839.0	854.0
855	843.0	840.0	855.0
856	844.0	841.0	856.0
857	845.0	842.0	857.0
858	846.0	843.0	858.0
859	847.0	844.0	859.0
860	848.0	845.0	860.0
861	849.0	846.0	861.0
862	850.0	847.0	862.0
863	851.0	848.0	863.0
864	852.0	849.0	864.0
865	853.0	850.0	865.0
866	854.0	851.0	866.0
867	855.0	852.0	867.0
868	856.0	853.0	868.0
869	857.0	854.0	869.0
870	858.0	855.0	870.0
871	859.0	856.0	871.0
872	860.0	857.0	872.0
873	861.0	858.0	873.0
874	862.0	859.0	874.0
875	863.0	860.0	875.0
876	864.0	861.0	876.0
877	865.0	862.0	877.0
878	866.0	863.0	878.0
879	867.0	864.0	879.0
880	868.0	865.0	880.0
881	869.0	866.0	881.0
882	870.0	867.0	882.0
883	871.0	868.0	883.0
884	872.0	869.0	884.0
885	873.0	870.0	885.0
886	874.0	871.0	886.0
887	875.0	872.0	887.0
888	876.0	873.0	888.0
889	877.0	874.0	889.0
890	878.0	875.0	890.0
891	879.0	876.0	891.0
892	880.0	877.0	892.0
893	881.0	878.0	893.0
894	882.0	879.0	894.0
895	883.0	880.0	895.0
896	884.0	881.0	896.0
897	885.0	882.0	897.0
898	886.0	883.0	898.0
899	887.0	884.0	899.0
900	888.0	885.0	900.0
901	889.0	886.0	901.0
902	890.0	887.0	902.0
903	891.0	888.0	903.0
904	892.0	889.0	904.0
905	893.0	890.0	905.0
906	894.0	891.0	906.0
907	895.0	892.0	907.0
908	896.0	893.0	908.0
909	897.0	894.0	909.0
910	898.0	895.0	910.0
911	899.0	896.0	911.0
912	900.0	897.0	912.0
913	901.0	898.0	913.0
914	902.0	899.0	914.0
915	903.0	900.0	915.0
916	904.0	901.0	916.0
917	905.0	902.0	917.0
918	906.0	903.0	918.0
919	907.0	904.0	919.0
920	908.0	905.0	920.0
921	909.0	906.0	921.0
922	910.0	907.0	922.0
923	911.0	908.0	923.0
924	912.0	909.0	924.0
925	913.0	910.0	925.0
926	914.0	911.0	926.0
927	915.0	912.0	927.0
928	916.0	913.0	928.0
929	917.0	914.0	929.0
930	918.0	915.0	930.0
931	919.0	916.0	931.0
932	920.0	917.0	932.0
933	921.0	918.0	933.0
934	922.0	919.0	934.0
935	923.0	920.0	935.0
936	924.0	921.0	936.0
937	925.0	922.0	937.0
938	926.0	923.0	938.0
939	927.0	924.0	939.0
940	928.0	925.0	940.0
941	929.0	926.0	941.0
942	930.0	927.0	942.0
943	931.0	928.0	943.0
944	932.0	929.0	944.0
945	933.0	930.0	945.0
946	934.0	931.0	946.0
947	935.0	932.0	947.0
948	936.0	933.0	948.0
949	937.0	934.0	949.0
950	938.0	935.0	950.0
951	939.0	936.0	951.0
952	940.0	937.0	952.0
953	941.0	938.0	953.0
954	942.0	939.0	954.0
955	943.0	940.0	955.0
956	944.0	941.0	956.0
957	945.0	942.0	957.0
958	946.0	943.0	958.0
959	947.0	944.0	959.0
960	948.0	945.0	960.0
961	949.0	946.0	961.0
962	950.0	947.0	962.0
963	951.0	948.0	963.0
964	952.0	949.0	964.0
965	953.0	950.0	965.0
966	954.0	951.0	966.0
967	955.0	952.0	967.0
968	956.0	953.0	968.0
969	957.0	954.0	969.0
970	958.0	955.0	970.0
971	959.0	956.0	971.0
972	960.0	957.0	972.0
973	961.0	958.0	973.0
974	962.0	959.0	974.0
975	963.0	960.0	975.0
976	964.0	961.0	976.0
977	965.0	962.0	977.0
978	966.0	963.0	978.0
979	967.0	964.0	979.0
980	968.0	965.0	980.0
981	969.0	966.0	981.0
982	970.0	967.0	982.0
983	971.0	968.0	983.0
984	972.0	969.0	984.0
985	973.0	970.0	985.0
986	974.0	971.0	986.0
987	975.0	972.0	987.0
988	976.0	973.0	988.0
989	977.0	974.0	989.0
990	978.0	975.0	990.0
991	979.0	976.0	991.0
992	980.0	977.0	992.0
993	981.0	978.0	993.0
994	982.0	979.0	994.0
995	983.0	980.0	995.0
996	984.0	981.0	996.0
997	985.0	982.0	997.0
998	986.0	983.0	998.0
999	987.0	984.0	999.0
1000	988.0	985.0	1000.0
1001	989.0	986.0	1001.0
1002	990.0	987.0	1002.0
1003	991.0	988.0	1003.0
1004	992.0	989.0	1004.0
1005	993.0	990.0	1005.0
1006	994.0	991.0	1006.0
1007	995.0	992.0	1007.0
1008	996.0	993.0	1008.0
1009	997.0	994.0	1009.0
1010	998.0	995.0	1010.0
1011	999.0	996.0	1011.0
1012	1000.0	997.0	1012.0
1013	1001.0	998.0	1013.0
1014	1002.0	999.0	1014.0
1015	1003.0	1000.0	1015.0
1016	1004.0	1001.0	1016.0
1017	1005.0	1002.0	1017.0
1018	1006.0	1003.0	1018.0
1019	1007.0	1004.0	1019.0
1020	1008.0	1005.0	1020.0
1021	1009.0	1006.0	1021.0
1022	1010.0	1007.0	1022.0
1023	1011.0	1008.0	1023.0
1024	1012.0	1009.0	1024.0
1025	1013.0	1010.0	1025.0
1026	1014.0	1011.0	1026.0
1027	1015.0	1012.0	1027.0
1028	1016.0	1013.0	1028.0
1029	1017.0	1014.0	1029.0
1030	1018.0	1015.0	1030.0
1031	1019.0	1016.0	1031.0
1032	1020.0	1017.0	1032.0
1033	1021.0	1018.0	1033.0
1034	1022.0	1019.0	1034.0
1035	1023.0	1020.0	1035.0
1036	1024.0	1021.0	1036.0
1037	1025.0	1022.0	1037.0
1038	1026.0	1023.0	1038.0
1039	1027.0	1024.0	1039.0
1040	1028.0	1025.0	1040.0
1041	1029.0	1026.0	1041.0
1042	1030.0	1027.0	1042.0
1043	1031.0	1028.0	1043.0
1044	1032.0	1029.0	1044.0
1045	1033.0	1030.0	1045.0
1046	1034.0	1031.0	1046.0
1047	1035.0	1032.0	1047.0
1048	1036.0	1033.0	1048.0
1049	1037.0	1034.0	1049.0
1050	1038.0	1035.0	1050.0
1051	1039.0	1036.0	1051.0
1052	1040.0	1037.0	1052.0
1053	1041.0	1038.0	1053.0
1054	1042.0	1039.0	1054.0
1055	1043.0	1040.0	1055.0
1056	1044.0	1041.0	1056.0
1057	1045.0	1042.0	1057.0
1058	1046.0	1043.0	1058.0
1059	1047.0	1044.0	1059.0
1060	1048.0	1045.0	1060.0
1061	1049.0	1046.0	1061.0
1062	1050.0	1047.0	1062.0
1063	1051.0	1048.0	1063.0
1064	1052.0	1049.0	1064.0
1065	1053.0	1050.0	1065.0
1066	1054.0	1051.0	1066.0
1067	1055.0	1052.0	1067.0
1068	1056.0	1053.0	1068.0
1069	1057.0	1054.0	1069.0
1070	1058.0	1055.0	1070.0
1071	1059.0	1056.0	1071.0
1072	1060.0	1057.0	1072.0
1073	1061.0	1058.0	1073.0
1074	1062.0	1059.0	1074.0
1075	1063.0	1060.0	1075.0
1076	1064.0	1061.0	1076.0
1077	1065.0	1062.0	1077.0
1078	1066.0	1063.0	1078.0
1079	1067.0	1064.0	1079.0
1080	1068.0	1065.0	1080.0
1081	1069.0	1066.0	1081.0
1082	1070.0	1067.0	1082.0
1083	1071.0	1068.0	1083.0
1084	1072.0	1069.0	1084.0
1085	1073.0	1070.0	1085.0
1086	1074.0	1071.0	1086.0
1087	1075.0	1072.0	1087.0
1088	1076.0	1073.0	1088.0
1089	1077.0	1074.0	1089.0
1090	1078.0	1075.0	1090.0
1091	1079.0	1076.0	1091.0
1092	1080.0	1077.0	1092.0
1093	1081.0	1078.0	1093.0
1094	1082.0	1079.0	1094.0
1095	1083.0	1080.0	1095.0
1096	1084.0	1081.0	1096.0
1097	1085.0	1082.0	1097.0
1098	1086.0	1083.0	1098.0
1099	1087.0	1084.0	1099.0
1100	1088.0	1085.0	1100.0
1101	1089.0	1086.0	1101.0
1102	1090.0	1087.0	1102.0
1103	1091.0	1088.0	1103.0
1104	1092.0	1089.0	1104.0
1105	1093.0	1090.0	1105.0
1106	1094.0	1091.0	1106.0
1107	1095.0	1092.0	1107.0
1108	1096.0	1093.0	1108.0
1109	1097.0	1094.0	1109.0
1110	1098.0	1095.0	1110.0
1111	1099.0	1096.0	1111.0
1112	1100.0	1097.0	1112.0
1113	1101.0	1098.0	1113.0
1114	1102.0	1099.0	1114.0
1115	1103.0	1100.0	1115.0
1116	1104.0	1101.0	1116.0
1117	1105.0	1102.0	1117.0
1118	1106.0	1103.0	1118.0
1119	1107.0	1104.0	1119.0
1120	1108.0	1105.0	1120.0
1121	1109.0	1106.0	1121.0
1122	1110.0	1107.0	1122.0
1123	1111.0	1108.0	1123.0
1124	1112.0	1109.0	1124.0
1125	1113.0	1110.0	1125.0
1126	1114.0	1111.0	1126.0
1127	1115.0	1112.0	1127.0
1128	1116.0	1113.0	1128.0
1129	1117.0	1114.0	1129.0
1130	1118.0	1115.0	1130.0
1131	1119.0	1116.0	1131.0
1132	1120.0	1117.0	1132.0
1133	1121.0	1118.0	1133.0
1134	1122.0	1119.0	1134.0
1135	1123.0	1120.0	1135.0
1136	1124.0	1121.0	1136.0
1137	1125.0	1122.0	1137.0
1138	1126.0	1123.0	1138.0
1139	1127.0	1124.0	1139.0
1140	1128.0	1125.0	1140.0
1141	1129.0	1126.0	1141.0
1142	1130.0	1127.0	1142.0
1143	1131.0	1128.0	1143.0
1144	1132.0	1129.0	1144.0
1145	1133.0	1130.0	1145.0
1146	1134.0	1131.0	1146.0
1147	1135.0	1132.0	1147.0
1148	1136.0	1133.0	1148.0
1149	1137.0	1134.0	1149.0
1150	1138.0	1135.0	1150.0
1151	1139.0	1136.0	1151.0
1152	1140.0	1137.0	1152.0
1153	1141.0	1138.0	1153.0
1154	1142.0	1139.0	1154.0
1155	1143.0	1140.0	1155.0
1156	1144.0	1141.0	1156.0
1157	1145.0	1142.0	1157.0
1158	1146.0	1143.0	1158.0
1159	1147.0	1144.0	1159.0
1160	1148.0	1145.0	1160.0
1161	1149.0	1146.0	1161.0
1162	1150.0	1147.0	1162.0
1163	1151.0	1148.0	1163.0
1164	1152.0	1149.0	1164.0
1165	1153.0	1150.0	1165.0
1166	1154.0	1151.0	1166.0
1167	1155.0	1152.0	1167.0
1168	1156.0	1153.0	1168.0
1169	1157.0	1154.0	1169.0
1170	1158.0	1155.0	1170.0
1171	1159.0	1156.0	1171.0
1172	1160.0	1157.0	1172.0
1173	1161.0	1158.0	1173.0
1174	1162.0	1159.0	1174.0
1175	1163.0	1160.0	1175.0
1176	1164.0	1161.0	1176.0
1177	1165.0	1162.0	1177.0
1178	1166.0	1163.0	1178.0
1179	1167.0	1164.0	1179.0
1180	1168.0	1165.0	1180.0
1181	1169.0	1166.0	1181.0
1182	1170.0	1167.0	1182.0
1183	1171.0	1168.0	1183.0
1184	1172.0	1169.0	1184.0
1185	1173.0	1170.0	1185.0
1186	1174.0	1171.0	1186.0
1187	1175.0	1172.0	1187.0
1188	1176.0	1173.0	1188.0
1189	1177.0	1174.0	1189.0
1190	1178.0	1175.0	1190.0
1191	1179.0	1176.0	1191.0
1192	1180.0	1177.0	1192.0
1193	1181.0	1178.0	1193.0
1194	1182.0	1179.0	1194.0
1195	1183.0	1180.0	1195.0
1196	1184.0	1181.0	1196.0
1197	1185.0	1182.0	1197.0
1198	1186.0	1183.0	1198.0
1199	1187.0	1184.0	1199.0
1200	1188.0	1185.0	1200.0
1201	1189.0	1186.0	1201.0
1202	1190.0	1187.0	1202.0
1203	1191.0	1188.0	1203.0
1204	1192.0	1189.0	1204.0
1205	1193.0	1190.0	1205.0
1206	1194.0	1191.0	1206.0
1207	1195.0	1192.0	1207.0
1208	1196.0	1193.0	1208.0
1209	1197.0	1194.0	1209.0
1210	1198.0	1195.0	1210.0
1211	1199.0	1196.0	1211.0
1212	1200.0	1197.0	1212.0
1213	1201.0	1198.0	1213.0
1214	1202.0	1199.0	1214.0
1215	1203.0	1200.0	1215.0
1216	1204.0	1201.0	1216.0
1217	1205.0	1202.0	1217.0
1218	1206.0	1203.0	1218.0
1219	1207.0	1204.0	1219.0
1220	1208.0	1205.0	1220.0
1221	1209.0	1206.0	1221.0
1222	1210.0	1207.0	1222.0
1223	1211.0	1208.0	1223.0
1224	1212.0	1209.0	1224.0
1225	1213.0	1210.0	1225.0
1226	1214.0	1211.0	1226.0
1227	1215.0	1212.0	1227.0
1228	1216.0	1213.0	1228.0
1229	1217.0	1214.0	1229.0
1230	1218.0	1215.0	1230.0
1231	1219.0	1216.0	1231.0
1232	1220.0	1217.0	1232.0
1233	1221.0	1218.0	1233.0
1234	1222.0	1219.0	1234.0
1235	1223.0	1220.0	1235.0
1236	1224.0	1221.0	1236.0
1237	1225.0	1222.0	1237.0
1238	1226.0	1223.0	1238.0
1239	1227.0	1224.0	1239.0
1240	1228.0	1225.0	1240.0
1241	1229.0	1226.0	1241.0
1242	1230.0	1227.0	1242.0
1243	1231.0	1228.0	1243.0
1244	1232.0	1229.0	1244.0
1245	1233.0	1230.0	1245.0
1246	1234.0	1231.0	1246.0
1247	1235.0	1232.0	1247.0
1248	1236.0	1233.0	1248.0
1249	1237.0	1234.0	1249.0
1250	1238.0	1235.0	1250.0
1251	1239.0	1236.0	1251.0
1252	1240.0	1237.0	1252.0
1253	1241.0	1238.0	1253.0
1254	1242.0	1239.0	1254.0
1255	1243.0	1240.0	1255.0
1256	1244.0	1241.0	1256.0
1257	1245.0	1242.0	1257.0
1258	1246.0	1243.0	1258.0
1259	1247.0	1244.0	1259.0
1260	1248.0	1245.0	1260.0
1261	1249.0	1246.0	1261.0
1262	1250.0	1247.0	1262.0
1263	1251.0	1248.0	1263.0
1264	1252.0	1249.0	1264.0
1265	1253.0	1250.0	1265.0
1266	1254.0	1251.0	1266.0
1267	1255.0	1252.0	1267.0
1268	1256.0	1253.0	1268.0
1269	1257.0	1254.0	1269.0
1270	1258.0	1255.0	1270.0
1271	1259.0	1256.0	1271.0
1272	1260.0	1257.0	1272.0
1273	1261.0	1258.0	1273.0
1274	1262.0	1259.0	1274.0
1275	1263.0	1260.0	1275.0
1276	1264.0	1261.0	1276.0
1277	1265.0	1262.0	1277.0
1278	1266.0	1263.0	1278.0
1279	1267.0	1264.0	1279.0
1280	1268.0	1265.0	1280.0
1281	1269.0	1266.0	1281.0
1282	1270.0	1267.0	1282.0
1283	1271.0	1268.0	1283.0
1284	1272.0	1269.0	1284.0
1285	1273.0	1270.0	1285.0
1286	1274.0	1271.0	1286.0
1287	1275.0	1272.0	1287.0
1288	1276.0	1273.0	1288.0
1289	1277.0	1274.0	1289.0
1290	1278.0	1275.0	1290.0
1291	1279.0	1276.0	1291.0
1292	1280.0	1277.0	1292.0
1293	1281.0	1278.0	1293.0
1294	1282.0	1279.0	1294.0
1295	1283.0	1280.0	1295.0
1296	1284.0	1281.0	1296.0
1297	1285.0	1282.0	1297.0
1298	1286.0	1283.0	1298.0
1299	1287.0	1284.0	1299.0
1300	1288.0	1285.0	1300.0
1301	1289.0	1286.0	1301.0
1302	1290.0	1287.0	1302.0
1303	1291.0	1288.0	1303.0
1304	1292.0	1289.0	1304.0
1305	1293.0	1290.0	1305.0
1306	1294.0	1291.0	1306.0
1307	1295.0	1292.0	1307.0
1308	1296.0	1293.0	1308.0
1309	1297.0	1294.0	1309.0
1310	1298.0	1295.0	1310.0
1311	1299.0	1296.0	1311.0
1312	1300.0	1297.0	1312.0
1313	1301.0	1298.0	1313.0
1314	1302.0	1299.0	1314.0
1315	1303.0	1300.0	1315.0
1316	1304.0	1301.0	1316.0
1317	1305.0	1302.0	1317.0
1318	1306.0	1303.0	1318.0
1319	1307.0	1304.0	1319.0
1320	1308.0	1305.0	1320.0
1321	1309.0	1306.0	1321.0
1322	1310.0	1307.0	1322.0
1323	1311.0	1308.0	1323.0
1324	1312.0	1309.0	1324.0
1325	1313.0	1310.0	1325.0
1326	1314.0	1311.0	1326.0
1327	1315.0	1312.0	1327.0
1328	1316.0	1313.0	1328.0
1329	1317.0	1314.0	1329.0
1330	1318.0	1315.0	1330.0
1331	1319.0	1316.0	1331.0
1332	1320.0	1317.0	1332.0
1333	1321.0	1318.0	1333.0
1334	1322.0	1319.0	1334.0
1335	1323.0	1320.0	1335.0
1336	1324.0	1321.0	1336.0
1337	1325.0	1322.0	1337.0
1338	1326.0	1323.0	1338.0
1339	1327.0	1324.0	1339.0
1340	1328.0	1325.0	1340.0
1341	1329.0	1326.0	1341.0
1342	1330.0	1327.0	1342.0
1343	1331.0	1328.0	1343.0
1344	1332.0	1329.0	1344.0
1345	1333.0	1330.0	1345.0
1346	1334.0	1331.0	1346.0
1347	1335.0	1332.0	1347.0
1348	1336.0	1333.0	1348.0
1349	1337.0	1334.0	1349.0
1350	1338.0	1335.0	1350.0
1351	1339.0	1336.0	1351.0
1352	1340.0	1337.0	1352.0
1353	1341.0	1338.0	1353.0
1354	1342.0	1339.0	1354.0
1355	1343.0	1340.0	1355.0
1356	1344.0	1341.0	1356.0
1357	1345.0	1342.0	1357.0
1358	1346.0	1343.0	1358.0
1359	1347.0	1344.0	1359.0
1360	1348.0	1345.0	1360.0
1361	1349.0	1346.0	1361.0
1362	1350.0	1347.0	1362.0
1363	1351.0	1348.0	1363.0
1364	1352.0	1349.0	1364.0
1365	1353.0	1350.0	1365.0
1366	1354.0	1351.0	1366.0
1367	1355.0	1352.0	1367.0
1368	1356.0	1353.0	1368.0
1369	1357.0	1354.0	1369.0
1370	1358.0	1355.0	1370.0
1371	1359.0	1356.0	1371.0
1372	1360.0	1357.0	1372.0
1373	1361.0	1358.0	1373.0
1374	1362.0	1359.0	1374.0
1375	1363.0	1360.0	1375.0
1376	1364.0	1361.0	1376.0
1377	1365.0	1362.0	1377.0
1378	1366.0	1363.0	1378.0
1379	1367.0	1364.0	1379.0
1380	1368.0	1365.0	1380.0
1381	1369.0	1366.0	1381.0
1382	1370.0	1367.0	1382.0
1383	1371.0	1368.0	1383.0
1384	1372.0	1369.0	1384.0
1385	1373.0	1370.0	1385.0
1386	1374.0	1371.0	1386.0
1387	1375.0	1372.0	1387.0
1388	1376.0	1373.0	1388.0
1389	1377.0	1374.0	1389.0
1390	1378.0	1375.0	1390.0
1391	1379.0	1376.0	1391.0
1392	1380.0	1377.0	1392.0
1393	1381.0	1378.0	1393.0
1394	1382.0	1379.0	1394.0
1395	1383.0	1380.0	1395.0
1396	1384.0	1381.0	1396.0
1397	1385.0	1382.0	1397.0
1398	1386.0	1383.0	1398.0
1399	1387.0	1384.0	1399.0
1400	1388.0	1385.0	1400.0
1401	1389.0	1386.0	1401.0
1402	1390.0	1387.0	1402.0
1403	1391.0	1388.0	1403.0
1404	1392.0	1389.0	1404.0
1405	1393.0	1390.0	1405.0
1406	1394.0	1391.0	1406.0
1407	1395.0	1392.0	1407.0
1408	1396.0	1393.0	1408.0
1409	1397.0	1394.0	1409.0
1410	1398.0	1395.0	1410.0
1411	1399.0	1396.0	1411.0
1412	1400.0	1397.0	1412.0
1413	1401.0	1398.0	1413.0
1414	1402.0	1399.0	1414.0
1415	1403.0	1400.0	1415.0
1416	1404.0	1401.0	1416.0
1417	1405.0	1402.0	1417.0
1418	1406.0	1403.0	1418.0
1419	1407.0	1404.0	1419.0
1420	1408.0	1405.0	1420.0
1421	1409.0	1406.0	1421.0
1422	1410.0	1407.0	1422.0
1423	1411.0	1408.0	1423.0
1424	1412.0	1409.0	1424.0
1425	1413.0	1410.0	1425.0
1426	1414.0	1411.0	1426.0
1427	1415.0	1412.0	1427.0
1428	1416.0	1413.0	1428.0
1429	1417.0	1414.0	1429.0
1430	1418.0	1415.0	1430.0
1431	1419.0	1416.0	1431.0
1432	1420.0	1417.0	1432.0
1433	1421.0	1418.0	1433.0
1434	1422.0	1419.0	1434.0
1435	1423.0	1420.0	1435.0
1436	1424.0	1421.0	1436.0
1437	1425.0	1422.0	1437.0
1438	1426.0	1423.0	1438.0
1439	1427.0	1424.0	1439.0
1440	1428.0	1425.0	1440.0
1441	1429.0	1426.0	1441.0
1442	1430.0	1427.0	1442.0
1443	1431.0	1428.0	1443.0
1444	1432.0	1429.0	1444.0
1445	1433.0	1430.0	1445.0
1446	1434.0	1431.0	1446.0
1447	1435.0	1432.0	1447.0
1448	1436.0	1433.0	1448.0
1449	1437.0	1434.0	1449.0
1450	1438.0	1435.0	1450.0
1451	1439.0	1436.0	1451.0
1452	1440.0	1437.0	1452.0
1453	1441.0	1438.0	1453.0
1454	1442.0	1439.0	1454.0
1455	1443.0	1440.0	1455.0
1456	1444.0	1441.0	1456.0
1457	1445.0	1442.0	1457.0
1458	1446.0	1443.0	1458.0
1459	1447.0	1444.0	1459.0
1460	1448.0	1445.0	1460.0
1461	1449.0	1446.0	1461.0
1462	1450.0	1447.0	1462.0
1463	1451.0	1448.0	1463.0
1464	1452.0	1449.0	1464.0
1465	1453.0	1450.0	1465.0
1466	1454.0	1451.0	1466.0
1467	1455.0	1452.0	1467.0
1468	1456.0	1453.0	1468.0
1469	1457.0	1454.0	1469.0
1470	1458.0	1455.0	1470.0
1471	1459.0	1456.0	1471.0
1472	1460.0	1457.0	1472.0
1473	1461.0	1458.0	1473.0
1474	1462.0	1459.0	1474.0
1475	1463.0	1460.0	1475.0
1476	1464.0	1461.0	1476.0
1477	1465.0	1462.0	1477.0
1478	1466.0	1463.0	1478.0
1479	1467.0	1464.0	1479.0
1480	1468.0	1465.0	1480.0
1481	1469.0	1466.0	1481.0
1482	1470.0	1467.0	1482.0
1483	1471.0	1468.0	1483.0
1484	1472.0	1469.0	1484.0
1485	1473.0	1470.0	1485.0
1486	1474.0	1471.0	1486.0
1487	1475.0	1472.0	1487.0
1488	1476.0	1473.0	1488.0
1489	1477.0	1474.0	1489.0
1490	1478.0	1475.0	1490.0
1491	1479.0	1476.0	1491.0
1492	1480.0	1477.0	1492.0
1493	1481.0	1478.0	1493.0
1494	1482.0	1479.0	1494.0
1495	1483.0	1480.0	1495.0
1496	1484.0	1481.0	1496.0
1497	1485.0	1482.0	1497.0
1498	1486.0	1483.0	1498.0
1499	1487.0	1484.0	1499.0
1500	1488.0	1485.0	1500.0
1501	1489.0	1486.0	1501.0
1502	1490.0	1487.0	1502.0
1503	1491.0	1488.0	1503.0
1504	1492.0	1489.0	1504.0
1505	1493.0	1490.0	1505.0
1506	1494.0	1491.0	1506.0
1507	1495.0	1492.0	1507.0
1508	1496.0	1493.0	1508.0
1509	1497.0	1494.0	1509.0
1510	1498.0	1495.0	1510.0
1511	1499.0	1496.0	1511.0
1512	1500.0	1497.0	1512.0
1513	1501.0	1498.0	1513.0
1514	1502.0	1499.0	1514.0
1515	1503.0	1500.0	1515.0
1516	1504.0	1501.0	1516.0
1517	1505.0	1502.0	1517.0
1518	1506.0	1503.0	1518.0
1519	1507.0	1504.0	1519.0
1520	1508.0	1505.0	1520.0
1521	1509.0	1506.0	1521.0
1522	1510.0	1507.0	1522.0
1523	1511.0	1508.0	1523.0
1524	1512.0	1509.0	1524.0
1525	1513.0	1510.0	1525.0
1526	1514.0	1511.0	1526.0
1527	1515.0	1512.0	1527.0
1528	1516.0	1513.0	1528.0
1529	1517.0	1514.0	1529.0
1530	1518.0	1515.0	1530.0
1531	1519.0	1516.0	1531.0
1532	1520.0	1517.0	1532.0
1533	1521.0	1518.0	1533.0
1534	1522.0	1519.0	1534.0
1535	1523.0	1520.0	1535.0
1536	1524.0	1521.0	1536.0
1537	1525.0	1522.0	1537.0
1538	1526.0	1523.0	1538.0
1539	1527.0	1524.0	1539.0
1540	1528.0	1525.0	1540.0
1541	1529.0	1526.0	1541.0
1542	1530.0	1527.0	1542.0
1543	1531.0	1528.0	1543.0
1544	1532.0	1529.0	1544.0
1545	1533.0	1530.0	1545.0
1546	1534.0	1531.0	1546.0
1547	1535.0	1532.0	1547.0
1548	1536.0	1533.0	1548.0
1549	1537.0	1534.0	1549.0
1550	1538.0	1535.0	1550.0
1551	1539.0	1536.0	1551.0
1552	1540.0	1537.0	1552.0
1553	1541.0	1538.0	1553.0
1554	1542.0	1539.0	1554.0
1555	1543.0	1540.0	1555.0
1556	1544.0	1541.0	1556.0
1557	1545.0	1542.0	1557.0
1558	1546.0	1543.0	1558.0
1559	1547.0	1544.0	1559.0
1560	1548.0	1545.0	1560.0
1561	1549.0	1546.0	1561.0
1562	1550.0	1547.0	1562.0
1563	1551.0	1548.0	1563.0
1564	1552.0	1549.0	1564.0
1565	1553.0	1550.0	1565.0
1566	1554.0	1551.0	1566.0
1567	1555.0	1552.0	1567.0
1568	1556.0	1553.0	1568.0
1569	1557.0	1554.0	1569.0
1570	1558.0	1555.0	1570.0
1571	1559.0	1556.0	1571.0
1572	1560.0	1557.0	1572.0
1573	1561.0	1558.0	1573.0
1574	1562.0	1559.0	1574.0
1575	1563.0	1560.0	1575.0
1576	1564.0	1561.0	1576.0
1577	1565.0	1562.0	1577.0
1578	1566.0	1563.0	1578.0
1579	1567.0	1564.0	1579.0
1580	1568.0	1565.0	1580.0
1581	1569.0	1566.0	1581.0
1582	1570.0	1567.0	1582.0
1583	1571.0	1568.0	1583.0
1584	1572.0	1569.0	1584.0
1585	1573.0	1570.0	1585.0
1586	1574.0	1571.0	1586.0
1587	1575.0	1572.0	1587.0
1588	1576.0	1573.0	1588.0
1589	1577.0	1574.0	1589.0
1590	1578.0	1575.0	1590.0
1591	1579.0	1576.0	1591.0
1592	1580.0	1577.0	1592.0
1593	1581.0	1578.0	1593.0
1594	1582.0	1579.0	1594.0
1595	1583.0	1580.0	1595.0
1596	1584.0	1581.0	1596.0
1597	1585.0	1582.0	1597.0
1598	1586.0	1583.0	1598.0
1599	1587.0	1584.0	1599.0
1600	1588.0	1585.0	1600.0
1601	1589.0	1586.0	1601.0
1602	1590.0	1587.0	1602.0
1603	1591.0	1588.0	1603.0
1604	1592.0	1589.0	1604.0
1605	1593.0	1590.0	1605.0
1606	1594.0	1591.0	1606.0
1607	1595.0	1592.0	1607.0
1608	1596.0	1593.0	1608.0
1609	1597.0	1594.0	1609.0
1610	1598.0	1595.0	1610.0
1611	1599.0	1596.0	1611.0
1612	1600.0	1597.0	1612.0
1613	1601.0	1598.0	1613.0
1614	1602.0	1599.0	1614.0
1615	1603.0	1600.0	1615.0
1616	1604.0	1601.0	1616.0
1617	1605.0	1602.0	1617.0
1618	1606.0	1603.0	1618.0
1619	1607.0	1604.0	1619.0
1620	1608.0	1605.0	1620.0
1621	1609.0	1606.0	1621.0
1622	1610.0	1607.0	1622.0
1623	1611.0	1608.0	1623.0
1624	1612.0	1609.0	1624.0
1625	1613.0	1610.0	1625.0
1626	1614.0	1611.0	1626.0
1627	1615.0	1612.0	1627.0
1628	1616.0	1613.0	1628.0
1629	1617.0	1614.0	1629.0
1630	1618.0	1615.0	1630.0
1631	1619.0	1616.0	1631.0
1632	1620.0	1617.0	1632.0
1633	1621.0	1618.0	1633.0
1634	1622.0	1619.0	1634.0
1635	1623.0	1620.0	1635.0
1636	1624.0	1621.0	1636.0
1637	1625.0	1622.0	1637.0
1638	1626.0	1623.0	1638.0
1639	1627.0	1624.0	1639.0
1640	1628.0	1625.0	1640.0
1641	1629.0	1626.0	1641.0
1642	1630.0	1627.0	1642.0
1643	1631.0	1628.0	1643.0
1644	1632.0	1629.0	1644.0
1645	1633.0	1630.0	1645.0
1646	1634.0	1631.0	1646.0
1647	1635.0	1632.0	1647.0
1648	1636.0	1633.0	1648.0
1649	1637.0	1634.0	1649.0
1650	1638.0	1635.0	1650.0
1651	1639.0	1636.0	1651.0
1652	1640.0	1637.0	1652.0
1653	1641.0	1638.0	1653.0
1654	1642.0	1639.0	1654.0
1655	1643.0	1640.0	1655.0
1656	1644.0	1641.0	1656.0
1657	1645.0	1642.0	1657.0
1658	1646.0	1643.0	1658.0
1659	1647.0	1644.0	1659.0
1660	1648.0	1645.0	1660.0
1661	1649.0	1646.0	1661.0
1662	1650.0	1647.0	1662.0
1663	1651.0	1648.0	1663.0
1664	1652.0	1649.0	1664.0
1665	1653.0	1650.0	1665.0
1666	1654.0	1651.0	1666.0
1667	1655.0	1652.0	1667.0
1668	1656.0	1653.0	1668.0
1669	1657.0	1654.0	1669.0
1670	1658.0	1655.0	1670.0
1671	1659.0	1656.0	1671.0
1672	1660.0	1657.0	1672.0
1673	1661.0	1658.0	1673.0
1674	1662.0	1659.0	1674.0
1675	1663.0	1660.0	1675.0
1676	1664.0	1661.0	1676.0
1677	1665.0	1662.0	1677.0
1678	1666.0	1663.0	1678.0
1679	1667.0	1664.0	1679.0
1680	1668.0	1665.0	1680.0
1681	1669.0	1666.0	1681.0
1682	1670.0	1667.0	1682.0
1683	1671.0	1668.0	1683.0
1684	1672.0	1669.0	1684.0
1685	1673.0	1670.0	1685.0
1686	1674.0	1671.0	1686.0
1687	1675.0	1672.0	1687.0
1688	1676.0	1673.0	1688.0
1689	1677.0	1674.0	1689.0
1690	1678.0	1675.0	1690.0
1691	1679.0	1676.0	1691.0
1692	1680.0	1677.0	1692.0
1693	1681.0	1678.0	1693.0
1694	1682.0	1679.0	1694.0
1695	1683.0	1680.0	1695.0
1696	1684.0	1681.0	1696.0
1697	1685.0	1682.0	1697.0
1698	1686.0	1683.0	1698.0
1699	1687.0	1684.0	1699.0
1700	1688.0	1685.0	1700.0
1701	1689.0	1686.0	1701.0
1702	1690.0	1687.0	1702.0
1703	1691.0	1688.0	1703.0
1704	1692.0	1689.0	1704.0
1705	1693.0	1690.0	1705.0
1706	1694.0	1691.0	1706.0
1707	1695.0	1692.0	1707.0
1708	1696.0	1693.0	1708.0
1709	1697.0	1694.0	1709.0
1710	1698.0	1695.0	1710.0
1711	1699.0	1696.0	1711.0
1712	1700.0	1697.0	1712.0
1713	1701.0	1698.0	1713.0
1714	1702.0	1699.0	1714.0
1715	1703.0	1700.0	1715.0
1716	1704.0	1701.0	1716.0
1717	1705.0	1702.0	1717.0
1718	1706.0	1703.0	1718.0
1719	1707.0	1704.0	1719.0
1720	1708.0	1705.0	1720.0
1721	1709.0	1706.0	1721.0
1722	1710.0	1707.0	1722.0
1723	1711.0	1708.0	1723.0
1724	1712.0	1709.0	1724.0
1725	1713.0	1710.0	1725.0
1726	1714.0	1711.0	1726.0
1727	1715.0	1712.0	1727.0
1728	1716.0	1713.0	1728.0
1729	1717.0	1714.0	1729.0
1730	1718.0	1715.0	1730.0
1731	1719.0	1716.0	1731.0
1732	1720.0	1717.0	1732.0
1733	1721.0	1718.0	1733.0
1734	1722.0	1719.0	1734.0
1735	1723.0	1720.0	1735.0
1736	1724.0	1721.0	1736.0
1737	1725.0	1722.0	1737.0
1738	1726.0	1723.0	1738.0
1739	1727.0	1724.0	1739.0
1740	1728.0	1725.0	1740.0
1741	1729.0	1726.0	1741.0
1742	1730.0	1727.0	1742.0
1743	1731.0	1728.0	1743.0
1744	1732.0	1729.0	1744.0
1745	1733.0	1730.0	1745.0
1746	1734.0	1731.0	1746.0
1747	1735.0	1732.0	1747.0
1748	1736.0	1733.0	1748.0
1749	1737.0	1734.0	1749.0
1750	1738.0	1735.0	1750.0
1751	1739.0	1736.0	1751.0
1752	1740.0	1737.0	1752.0
1753	1741.0	1738.0	1753.0
1754	1742.0	1739.0	1754.0
1755	1743.0	1740.0	1755.0
1756	1744.0	1741.0	1756.0
1757	1745.0	1742.0	1757.0
1758	1746.0	1743.0	1758.0
1759	1747.0	1744.0	1759.0
1760	1748.0	1745.0	1760.0
1761	1749.0	1746.0	1761.0
1762	1750.0	1747.0	1762.0
1763	1751.0	1748.0	1763.0
1764	1752.0	1749.0	1764.0
1765	1753.0	1750.0	1765.0
1766	1754.0	1751.0	1766.0
1767	1755.0	1752.0	1767.0
1768	1756.0	1753.0	1768.0
1769	1757.0	1754.0	1769.0
1770	1758.0	1755.0	1770.0
1771	1759.0	1756.0	1771.0
1772	1760.0	1757.0	1772.0
1773	1761.0	1758.0	1773.0
1774	1762.0	1759.0	1774.0
1775	1763.0	1760.0	1775.0
1776	1764.0	1761.0	1776.0
1777	1765.0	1762.0	1777.0
1778	1766.0	1763.0	1778.0
1779	1767.0	1764.0	1779.0
1780	1768.0	1765.0	1780.0
1781	1769.0	1766.0	1781.0
1782	1770.0	1767.0	1782.0
1783	1771.0	1768.0	1783.0
1784	1772.0	1769.0	1784.0
1785	1773.0	1770.0	1785.0
1786	1774.0	1771.0	1786.0
1787	1775.0	1772.0	1787.0
1788	1776.0	1773.0	1788.0
1789	1777.0	1774.0	1789.0
1790	1778.0	1775.0	1790.0
1791	1779.0	1776.0	1791.0
1792	1780.0	1777.0	1792.0
1793	1781.0	1778.0	1793.0
1794	1782.0	1779.0	1794.0
1795	1783.0	1780.0	1795.0
1796	1784.0	1781.0	1796.0
1797	1785.0	1782.0	1797.0
1798	1786.0	1783.0	1798.0
1799	1787.0	1784.0	1799.0
1800	1788.0	1785.0	1800.0
1801	1789.0	1786.0	1801.0
1802	1790.0	1787.0	1802.0
1803	1791.0	1788.0	1803.0
1804	1792.0	1789.0	1804.0
1805	1793.0	1790.0	1805.0
1806	1794.0	1791.0	1806.0
1807	1795.0	1792.0	1807.0
1808	1796.0	1793.0	1808.0
1809	1797.0	1794.0	1809.0
1810	1798.0	1795.0	1810.0
1811	1799.0	1796.0	1811.0
1812	1800.0	1797.0	1812.0
1813	1801.0	1798.0	1813.0
1814	1802.0	1799.0	1814.0
1815	1803.0	1800.0	1815.0
1816	1804.0	1801.0	1816.0
1817	1805.0	1802.0	1817.0
1818	1806.0	1803.0	1818.0
1819	1807.0	1804.0	1819.0
1820	1808.0	1805.0	1820.0
1821	1809.0	1806.0	1821.0
1822	1810.0	1807.0	1822.0
1823	1811.0	1808.0	1823.0
1824	1812.0	1809.0	1824.0
1825	1813.0	1810.0	1825.0
1826	1814.0	1811.0	1826.0
1827	1815.0	1812.0	1827.0
1828	1816.0	1813.0	1828.0
1829	1817.0	1814.0	1829.0
1830	1818.0	1815.0	1830.0
1831	1819.0	1816.0	1831.0
1832	1820.0	1817.0	1832.0
1833	1821.0	1818.0	1833.0
1834	1822.0	1819.0	1834.0
1835	1823.0	1820.0	1835.0
1836	1824.0	1821.0	1836.0
1837	1825.0	1822.0	1837.0
1838	1826.0	1823.0	1838.0
1839	1827.0	1824.0	1839.0
1840	1828.0	1825.0	1840.0
1841	1829.0	1826.0	1841.0
1842	1830.0	1827.0	1842.0
1843	1831.0	1828.0	1843.0
1844	1832.0	1829.0	1844.0
1845	1833.0	1830.0	1845.0
1846	1834.0	1831.0	1846.0
1847	1835.0	1832.0	1847.0
1848	1836.0	1833.0	1848.0
1849	1837.0	1834.0	1849.0
1850	1838.0	1835.0	1850.0
1851	1839.0	1836.0	1851.0
1852	1840.0	1837.0	1852.0
1853	1841.0	1838.0	1853.0
1854	1842.0	1839.0	1854.0
1855	1843.0	1840.0	1855.0
1856	1844.0	1841.0	1856.0
1857	1845.0	1842.0	1857.0
1858	1846.0	1843.0	1858.0
1859	1847.0	1844.0	1859.0
1860	1848.0	1845.0	1860.0
1861	1849.0	1846.0	1861.0
1862	1850.0	1847.0	1862.0
1863	1851.0	1848.0	1863.0
1864	1852.0	1849.0	1864.0
1865	1853.0	1850.0	1865.0
1866	1854.0	1851.0	1866.0
1867	1855.0	1852.0	1867.0
1868	1856.0	1853.0	1868.0
1869	1857.0	1854.0	1869.0
1870	1858.0	1855.0	1870.0
1871	1859.0	1856.0	1871.0
1872	1860.0	1857.0	1872.0
1873	1861.0	1858.0	1873.0
1874	1862.0	1859.0	1874.0
1875	1863.0	1860.0	1875.0
1876	1864.0	1861.0	1876.0
1877	1865.0	1862.0	1877.0
1878	1866.0	1863.0	1878.0
1879	1867.0	1864.0	1879.0
1880	1868.0	1865.0	1880.0
1881	1869.0	1866.0	1881.0
1882	1870.0	1867.0	1882.0
1883	1871.0	1868.0	1883.0
1884	1872.0	1869.0	1884.0
1885	1873.0	1870.0	1885.0
1886	1874.0	1871.0	1886.0
1887	1875.0	1872.0	1887.0
1888	1876.0	1873.0	1888.0
1889	1877.0	1874.0	1889.0
1890	1878.0	1875.0	1890.0
1891	1879.0	1876.0	1891.0
1892	1880.0	1877.0	1892.0
1893	1881.0	1878.0	1893.0
1894	1882.0	1879.0	1894.0
1895	1883.0	1880.0	1895.0
1896	1884.0	1881.0	1896.0
1897	1885.0	1882.0	1897.0
1898	1886.0	1883.0	1898.0
1899	1887.0	1884.0	1899.0
1900	1888.0	1885.0	1900.0
1901	1889.0	1886.0	1901.0
1902	1890.0	1887.0	1902.0
1903	1891.0	1888.0	1903.0
1904	1892.0	1889.0	1904.0
1905	1893.0	1890.0	1905.0
1906	1894.0	1891.0	1906.0
1907	1895.0	1892.0	1907.0
1908	1896.0	1893.0	1908.0
1909	1897.0	1894.0	1909.0
1910	1898.0	1895.0	1910.0
1911	1899.0	1896.0	1911.0
1912	1900.0	1897.0	1912.0
1913	1901.0	1898.0	1913.0
1914	1902.0	1899.0	1914.0
1915	1903.0	1900.0	1915.0
1916	1904.0	1901.0	1916.0
1917	1905.0	1902.0	1917.0
1918	1906.0	1903.0	1918.0
1919	1907.0	1904.0	1919.0
1920	1908.0	1905.0	1920.0
1921	1909.0	1906.0	1921.0
1922	1910.0	1907.0	1922.0
1923	1911.0	1908.0	1923.0
1924	1912.0	1909.0	1924.0
1925	1913.0	1910.0	1925.0
1926	1914.0	1911.0	1926.0
1927	1915.0	1912.0	1927.0
1928	1916.0	1913.0	1928.0
1929	1917.0	1914.0	1929.0
1930	1918.0	1915.0	1930.0
1931	1919.0	1916.0	1931.0
1932	1920.0	1917.0	1932.0
1933	1921.0	1918.0	1933.0
1934	1922.0	1919.0	1934.0
1935	1923.0	1920.0	1935.0
1936	1924.0	1921.0	1936.0
1937	1925.0	1922.0	1937.0
1938	1926.0	1923.0	1938.0
1939	1927.0	1924.0	1939.0
1940	1928.0	1925.0	1940.0
1941	1929.0	1926.0	1941.0
1942	1930.0	1927.0	1942.0
1943	1931.0	1928.0	1943.0
1944	1932.0	1929.0	1944.0
1945	1933.0	1930.0	1945.0
1946	1934.0	1931.0	1946.0
1947	1935.0	1932.0	1947.0
1948	1936.0	1933.0	1948.0
1949	1937.0	1934.0	1949.0
1950	1938.0	1935.0	1950.0
1951	1939.0	1936.0	1951.0
1952	1940.0	1937.0	1952.0
1953	1941.0	1938.0	1953.0
1954	1942.0	1939.0	1954.0
1955	1943.0	1940.0	1955.0
1956	1944.0	1941.0	1956.0
1957	1945.0	1942.0	1957.0
1958	1946.0	1943.0	1958.0
1959	1947.0	1944.0	1959.0
1960	1948.0	1945.0	1960.0
1961	1949.0	1946.0	1961.0
1962	1950.0	1947.0	1962.0
1963	1951.0	1948.0	1963.0
1964	1952.0	1949.0	1964.0
1965	1953.0	1950.0	1965.0
1966	1954.0	1951.0	1966.0
1967	1955.0	1952.0	1967.0
1968	1956.0	1953.0	1968.0
1969	1957.0	1954.0	1969.0
1970	1958.0	1955.0	1970.0
1971	1959.0	1956.0	1971.0
1972	1960.0	1957.0	1972.0
1973	1961.0	1958.0	1973.0
1974	1962.0	1959.0	1974.0
1975	1963.0	1960.0	1975.0
1976	1964.0	1961.0	1976.0
1977	1965.0	1962.0	1977.0
1978	1966.0	1963.0	1978.0
1979	1967.0	1964.0	1979.0
1980	1968.0	1965.0	1980.0
1981	1969.0	1966.0	1981.0
1982	1970.0	1967.0	1982.0
1983	1971.0	1968.0	1983.0
1984	1972.0	1969.0	1984.0
1985	1973.0	1970.0	1985.0
1986	1974.0	1971.0	1986.0
1987	1975.0	1972.0	1987.0
1988	1976.0	1973.0	1988.0
1989	1977.0	1974.0	1989.0
1990	1978.0	1975.0	1990.0
1991	1979.0	1976.0	1991.0
1992	1980.0	1977.0	1992.0
1993	1981.0	1978.0	1993.0
1994	1982.0	1979.0	1994.0
1995	1983.0	1980.0	1995.0
1996	1984.0	1981.0	1996.0
1997	1985.0	1982.0	1997.0
1998	1986.0	1983.0	1998.0
1999	1987.0	1984.0	1999.0
2000	1988.0	1985.0	2000.0
2001	1989.0	1986.0	2001.0
2002	1990.0	1987.0	2002.0
2003	1991.0	1988.0	2003.0
2004	1992.0	1989.0	2004.0
2005	1993.0	1990.0	2005.0
2006	1994.0	1991.0	2006.0
2007	1995.0	1992.0	2007.0
2008	1996.0	1993.0	2008.0
2009	1997.0	1994.0	2009.0
2010	1998.0	1995.0	2010.0
2011	1999.0	1996.0	2011.0
2012	2000.0	1997.0	2012.0
2013	2001.0	1998.0	2013.0
2014	2002.0	1999.0	2014.0
2015	2003.0	2000.0	2015.0
2016	2004.0	2001.0	2016.0
2017	2005.0	2002.0	2017.0
2018	2006.0	2003.0	2018.0
2019	2007.0	2004.0	2019.0
2020	2008.0	2005.0	2020.0
2021	2009.0	2006.0	2021.0
2022	2010.0	2007.0	2022.0
2023	2011.0	2008.0	2023.0
2024	2012.0	2009.0	2024.0
2025	2013.0	2010.0	2025.0
2026	2014.0	2011.0	2026.0
2027	2015.0	2012.0	2027.0
2028	2016.0	2013.0	2028.0
2029	2017.0	2014.0	2029.0
2030	2018.0	2015.0	2030.0
2031	2019.0	2016.0	2031.0
2032	2020.0	2017.0	2032.0
2033	2021.0	2018.0	2033.0
2034	2022.0	2019.0	2034.0
2035	2023.0	2020.0	2035.0
2036	2024.0	2021.0	2036.0
2037	2025.0	2022.0	2037.0
2038	2026.0	2023.0	2038.0
2039	2027.0	2024.0	2039.0
2040	2028.0	2025.0	2040.0
2041	2029.0	2026.0	2041.0
2042	2030.0	2027.0	2042.0
2043	2031.0	2028.0	2043.0
2044	2032.0	2029.0	2044.0
2045	2033.0	2030.0	2045.0
2046	2034.0	2031.0	2046.0
2047	2035.0	2032.0	2047.0
2048	2036.0	2033.0	2048.0
2049	2037.0	2034.0	2049.0
2050	2038.0	2035.0	2050.0
2051	2039.0	2036.0	2051.0
2052	2040.0	2037.0	2052.0
2053	2041.0	2038.0	2053.0
2054	2042.0	2039.0	2054.0
2055	2043.0	2040.0	2055.0
2056	2044.0	2041.0	2056.0
2057	2045.0	2042.0	2057.0
2058	2046.0	2043.0	2058.0
2059	2047.0	2044.0	2059.0
2060	2048.0	2045.0	2060.0
2061	2049.0	2046.0	2061.0
2062	2050.0	2047.0	2062.0
2063	2051.0	2048.0	2063.0
2064	2052.0	2049.0	2064.0
2065	2053.0	2050.0	2065.0
2066	2054.0	2051.0	2066.0
2067	2055.0	2052.0	2067.0
2068	2056.0	2053.0	2068.0
2069	2057.0	2054.0	2069.0
2070	2058.0	2055.0	2070.0
2071	2059.0	2056.0	2071.0
2072	2060.0	2057.0	2072.0
2073	2061.0	2058.0	2073.0
2074	2062.0	2059.0	2074.0
2075	2063.0	2060.0	2075.0
2076	2064.0	2061.0	2076.0
2077	2065.0	2062.0	2077.0
2078	2066.0	2063.0	2078.0
2079	2067.0	2064.0	2079.0
2080	2068.0	2065.0	2080.0
2081	2069.0	2066.0	2081.0
2082	2070.0	2067.0	2082.0
2083	2071.0	2068.0	2083.0
2084	2072.0	2069.0	2084.0
2085	2073.0	2070.0	2085.0
2086	2074.0	2071.0	2086.0
2087	2075.0	2072.0	2087.0
2088	2076.0	2073.0	2088.0
2089	2077.0	2074.0	2089.0
2090	2078.0	2075.0	2090.0
2091	2079.0	2076.0	2091.0
2092	2080.0	2077.0	2092.0
2093	2081.0	2078.0	2093.0
2094	2082.0	2079.0	2094.0
2095	2083.0	2080.0	2095.0
2096	2084.0	2081.0	2096.0
2097	2085.0	2082.0	2097.0
2098	2086.0	2083.0	2098.0
2099	2087.0	2084.0	2099.0
2100	2088.0	2085.0	2100.0
2101	2089.0	2086.0	2101.0
2102	2090.0	2087.0	2102.0
2103	2091.0	2088.0	2103.0
2104	2092.0	2089.0	2104.0
2105	2093.0	2090.0	2105.0
2106	2094.0	2091.0	2106.0
2107	2095.0	2092.0	2107.0
2108	2096.0	2093.0	2108.0
2109	2097.0	2094.0	2109.0
2110	2098.0	2095.0	2110.0
2111	2099.0	2096.0	2111.0
2112	2100.0	2097.0	2112.0
2113	2101.0	2098.0	2113.0
2114	2102.0	2099.0	2114.0
2115	2103.0	2100.0	2115.0
2116	2104.0	2101.0	2116.0
2117	2105.0	2102.0	2117.0
2118	2106.0	2103.0	2118.0
2119	2107.0	2104.0	2119.0
2120	2108.0	2105.0	2120.0
2121	2109.0	2106.0	2121.0
2122	2110.0	2107.0	2122.0
2123	2111.0	2108.0	2123.0
2124	2112.0	2109.0	2124.0
2125	2113.0	2110.0	2125.0
2126	2114.0	2111.0	2126.0
2127	2115.0	2112.0	2127.0
2128	2116.0	2113.0	2128.0
2129	2117.0	2114.0	2129.0
2130	2118.0	2115.0	2130.0
2131	2119.0	2116.0	2131.0
2132	2120.0	2117.0	2132.0
2133	2121.0	2118.0	2133.0
2134	2122.0	2119.0	2134.0
2135	2123.0	2120.0	2135.0
2136	2124.0	2121.0	2136.0
2137	2125.0	2122.0	2137.0
2138	2126.0	2123.0	2138.0
2139	2127.0	2124.0	2139.0
2140	2128.0	2125.0	2140.0
2141	2129.0	2126.0	2141.0
2142	2130.0	2127.0	2142.0
2143	2131.0	2128.0	2143.0
2144	2132.0	2129.0	2144.0
2145	2133.0	2130.0	2145.0
2146	2134.0	2131.0	2146.0
2147	2135.0	2132.0	2147.0
2148	2136.0	2133.0	2148.0
2149	2137.0	2134.0	2149.0
2150	2138.0	2135.0	2150.0
2151	2139.0	2136.0	2151.0
2152	2140.0	2137.0	2152.0
2153	2141.0	2138.0	2153.0
2154	2142.0	2139.0	2154.0
2155	2143.0	2140.0	2155.0
2156	2144.0	2141.0	2156.0
2157	2145.0	2142.0	2157.0
2158	2146.0	2143.0	2158.0
2159	2147.0	2144.0	2159.0
2160	2148.0	2145.0	2160.0
2161	2149.0	2146.0	2161.0
2162	2150.0	2147.0	2162.0
2163	2151.0	2148.0	2163.0
2164	2152.0	2149.0	2164.0
2165	2153.0	2150.0	2165.0
2166	2154.0	2151.0	2166.0
2167	2155.0	2152.0	2167.0
2168	2156.0		2168.0
2169	2157.0		2169.0
2170			2170.0
2171			2171.0
