NA	CY207733.1	CY121498.1	KJ942682.1
1			1.0
2			2.0
3			3.0
4			4.0
5			5.0
6			6.0
7			7.0
8			8.0
9			9.0
10			10.0
11			11.0
12			12.0
13		1.0	13.0
14		2.0	14.0
15		3.0	15.0
16		4.0	16.0
17		5.0	17.0
18		6.0	18.0
19		7.0	19.0
20	1.0	8.0	20.0
21	2.0	9.0	21.0
22	3.0	10.0	22.0
23	4.0	11.0	23.0
24	5.0	12.0	24.0
25	6.0	13.0	25.0
26	7.0	14.0	26.0
27	8.0	15.0	27.0
28	9.0	16.0	28.0
29	10.0	17.0	29.0
30	11.0	18.0	30.0
31	12.0	19.0	31.0
32	13.0	20.0	32.0
33	14.0	21.0	33.0
34	15.0	22.0	34.0
35	16.0	23.0	35.0
36	17.0	24.0	36.0
37	18.0	25.0	37.0
38	19.0	26.0	38.0
39	20.0	27.0	39.0
40	21.0	28.0	40.0
41	22.0	29.0	41.0
42	23.0	30.0	42.0
43	24.0	31.0	43.0
44	25.0	32.0	44.0
45	26.0	33.0	45.0
46	27.0	34.0	46.0
47	28.0	35.0	47.0
48	29.0	36.0	48.0
49	30.0	37.0	49.0
50	31.0	38.0	50.0
51	32.0	39.0	51.0
52	33.0	40.0	52.0
53	34.0	41.0	53.0
54	35.0	42.0	54.0
55	36.0	43.0	55.0
56	37.0	44.0	56.0
57	38.0	45.0	57.0
58	39.0	46.0	58.0
59	40.0	47.0	59.0
60	41.0	48.0	60.0
61	42.0	49.0	61.0
62	43.0	50.0	62.0
63	44.0	51.0	63.0
64	45.0	52.0	64.0
65	46.0	53.0	65.0
66	47.0	54.0	66.0
67	48.0	55.0	67.0
68	49.0	56.0	68.0
69	50.0	57.0	69.0
70	51.0	58.0	70.0
71	52.0	59.0	71.0
72	53.0	60.0	72.0
73	54.0	61.0	73.0
74	55.0	62.0	74.0
75	56.0	63.0	75.0
76	57.0	64.0	76.0
77	58.0	65.0	77.0
78	59.0	66.0	78.0
79	60.0	67.0	79.0
80	61.0	68.0	80.0
81	62.0	69.0	81.0
82	63.0	70.0	82.0
83	64.0	71.0	83.0
84	65.0	72.0	84.0
85	66.0	73.0	85.0
86	67.0	74.0	86.0
87	68.0	75.0	87.0
88	69.0	76.0	88.0
89	70.0	77.0	89.0
90	71.0	78.0	90.0
91	72.0	79.0	91.0
92	73.0	80.0	92.0
93	74.0	81.0	93.0
94	75.0	82.0	94.0
95	76.0	83.0	95.0
96	77.0	84.0	96.0
97	78.0	85.0	97.0
98	79.0	86.0	98.0
99	80.0	87.0	99.0
100	81.0	88.0	100.0
101	82.0	89.0	101.0
102	83.0	90.0	102.0
103	84.0	91.0	103.0
104	85.0	92.0	104.0
105	86.0	93.0	105.0
106	87.0	94.0	106.0
107	88.0	95.0	107.0
108	89.0	96.0	108.0
109	90.0	97.0	109.0
110	91.0	98.0	110.0
111	92.0	99.0	111.0
112	93.0	100.0	112.0
113	94.0	101.0	113.0
114	95.0	102.0	114.0
115	96.0	103.0	115.0
116	97.0	104.0	116.0
117	98.0	105.0	117.0
118	99.0	106.0	118.0
119	100.0	107.0	119.0
120	101.0	108.0	120.0
121	102.0	109.0	121.0
122	103.0	110.0	122.0
123	104.0	111.0	123.0
124	105.0	112.0	124.0
125	106.0	113.0	125.0
126	107.0	114.0	126.0
127	108.0	115.0	127.0
128	109.0	116.0	128.0
129	110.0	117.0	129.0
130	111.0	118.0	130.0
131	112.0	119.0	131.0
132	113.0	120.0	132.0
133	114.0	121.0	133.0
134	115.0	122.0	134.0
135	116.0	123.0	135.0
136	117.0	124.0	136.0
137	118.0	125.0	137.0
138	119.0	126.0	138.0
139	120.0	127.0	139.0
140	121.0	128.0	140.0
141	122.0	129.0	141.0
142	123.0	130.0	142.0
143	124.0	131.0	143.0
144	125.0	132.0	144.0
145	126.0	133.0	145.0
146	127.0	134.0	146.0
147	128.0	135.0	147.0
148	129.0	136.0	148.0
149	130.0	137.0	149.0
150	131.0	138.0	150.0
151	132.0	139.0	151.0
152	133.0	140.0	152.0
153	134.0	141.0	153.0
154	135.0	142.0	154.0
155	136.0	143.0	155.0
156	137.0	144.0	156.0
157	138.0	145.0	157.0
158	139.0	146.0	158.0
159	140.0	147.0	159.0
160	141.0	148.0	160.0
161	142.0	149.0	161.0
162	143.0	150.0	162.0
163	144.0	151.0	163.0
164	145.0	152.0	164.0
165	146.0	153.0	165.0
166	147.0	154.0	166.0
167	148.0	155.0	167.0
168	149.0	156.0	168.0
169	150.0	157.0	169.0
170	151.0	158.0	170.0
171	152.0	159.0	171.0
172	153.0	160.0	172.0
173	154.0	161.0	173.0
174	155.0	162.0	174.0
175	156.0	163.0	175.0
176	157.0	164.0	176.0
177	158.0	165.0	177.0
178	159.0	166.0	178.0
179	160.0	167.0	179.0
180	161.0	168.0	180.0
181	162.0	169.0	181.0
182	163.0	170.0	182.0
183	164.0	171.0	183.0
184	165.0	172.0	184.0
185	166.0	173.0	185.0
186	167.0	174.0	186.0
187	168.0	175.0	187.0
188	169.0	176.0	188.0
189	170.0	177.0	189.0
190	171.0	178.0	190.0
191	172.0	179.0	191.0
192	173.0	180.0	192.0
193	174.0	181.0	193.0
194	175.0	182.0	194.0
195	176.0	183.0	195.0
196	177.0	184.0	196.0
197	178.0	185.0	197.0
198	179.0	186.0	198.0
199	180.0	187.0	199.0
200	181.0	188.0	200.0
201	182.0	189.0	201.0
202	183.0	190.0	202.0
203	184.0	191.0	203.0
204	185.0	192.0	204.0
205	186.0	193.0	205.0
206	187.0	194.0	206.0
207	188.0	195.0	207.0
208	189.0	196.0	208.0
209	190.0	197.0	209.0
210	191.0	198.0	210.0
211	192.0	199.0	211.0
212	193.0	200.0	212.0
213	194.0	201.0	213.0
214	195.0	202.0	214.0
215	196.0	203.0	215.0
216	197.0	204.0	216.0
217	198.0	205.0	217.0
218	199.0	206.0	218.0
219	200.0	207.0	219.0
220	201.0	208.0	220.0
221	202.0	209.0	221.0
222	203.0	210.0	222.0
223	204.0	211.0	223.0
224	205.0	212.0	224.0
225	206.0	213.0	225.0
226	207.0	214.0	226.0
227	208.0	215.0	227.0
228	209.0	216.0	228.0
229	210.0	217.0	229.0
230	211.0	218.0	230.0
231	212.0	219.0	231.0
232	213.0	220.0	232.0
233	214.0	221.0	233.0
234	215.0	222.0	234.0
235	216.0	223.0	235.0
236	217.0	224.0	236.0
237	218.0	225.0	237.0
238	219.0	226.0	238.0
239	220.0	227.0	239.0
240	221.0	228.0	240.0
241	222.0	229.0	241.0
242	223.0	230.0	242.0
243	224.0	231.0	243.0
244	225.0	232.0	244.0
245	226.0	233.0	245.0
246	227.0	234.0	246.0
247	228.0	235.0	247.0
248	229.0	236.0	248.0
249	230.0	237.0	249.0
250	231.0	238.0	250.0
251	232.0	239.0	251.0
252	233.0	240.0	252.0
253	234.0	241.0	253.0
254	235.0	242.0	254.0
255	236.0	243.0	255.0
256	237.0	244.0	256.0
257	238.0	245.0	257.0
258	239.0	246.0	258.0
259	240.0	247.0	259.0
260	241.0	248.0	260.0
261	242.0	249.0	261.0
262	243.0	250.0	262.0
263	244.0	251.0	263.0
264	245.0	252.0	264.0
265	246.0	253.0	265.0
266	247.0	254.0	266.0
267	248.0	255.0	267.0
268	249.0	256.0	268.0
269	250.0	257.0	269.0
270	251.0	258.0	270.0
271	252.0	259.0	271.0
272	253.0	260.0	272.0
273	254.0	261.0	273.0
274	255.0	262.0	274.0
275	256.0	263.0	275.0
276	257.0	264.0	276.0
277	258.0	265.0	277.0
278	259.0	266.0	278.0
279	260.0	267.0	279.0
280	261.0	268.0	280.0
281	262.0	269.0	281.0
282	263.0	270.0	282.0
283	264.0	271.0	283.0
284	265.0	272.0	284.0
285	266.0	273.0	285.0
286	267.0	274.0	286.0
287	268.0	275.0	287.0
288	269.0	276.0	288.0
289	270.0	277.0	289.0
290	271.0	278.0	290.0
291	272.0	279.0	291.0
292	273.0	280.0	292.0
293	274.0	281.0	293.0
294	275.0	282.0	294.0
295	276.0	283.0	295.0
296	277.0	284.0	296.0
297	278.0	285.0	297.0
298	279.0	286.0	298.0
299	280.0	287.0	299.0
300	281.0	288.0	300.0
301	282.0	289.0	301.0
302	283.0	290.0	302.0
303	284.0	291.0	303.0
304	285.0	292.0	304.0
305	286.0	293.0	305.0
306	287.0	294.0	306.0
307	288.0	295.0	307.0
308	289.0	296.0	308.0
309	290.0	297.0	309.0
310	291.0	298.0	310.0
311	292.0	299.0	311.0
312	293.0	300.0	312.0
313	294.0	301.0	313.0
314	295.0	302.0	314.0
315	296.0	303.0	315.0
316	297.0	304.0	316.0
317	298.0	305.0	317.0
318	299.0	306.0	318.0
319	300.0	307.0	319.0
320	301.0	308.0	320.0
321	302.0	309.0	321.0
322	303.0	310.0	322.0
323	304.0	311.0	323.0
324	305.0	312.0	324.0
325	306.0	313.0	325.0
326	307.0	314.0	326.0
327	308.0	315.0	327.0
328	309.0	316.0	328.0
329	310.0	317.0	329.0
330	311.0	318.0	330.0
331	312.0	319.0	331.0
332	313.0	320.0	332.0
333	314.0	321.0	333.0
334	315.0	322.0	334.0
335	316.0	323.0	335.0
336	317.0	324.0	336.0
337	318.0	325.0	337.0
338	319.0	326.0	338.0
339	320.0	327.0	339.0
340	321.0	328.0	340.0
341	322.0	329.0	341.0
342	323.0	330.0	342.0
343	324.0	331.0	343.0
344	325.0	332.0	344.0
345	326.0	333.0	345.0
346	327.0	334.0	346.0
347	328.0	335.0	347.0
348	329.0	336.0	348.0
349	330.0	337.0	349.0
350	331.0	338.0	350.0
351	332.0	339.0	351.0
352	333.0	340.0	352.0
353	334.0	341.0	353.0
354	335.0	342.0	354.0
355	336.0	343.0	355.0
356	337.0	344.0	356.0
357	338.0	345.0	357.0
358	339.0	346.0	358.0
359	340.0	347.0	359.0
360	341.0	348.0	360.0
361	342.0	349.0	361.0
362	343.0	350.0	362.0
363	344.0	351.0	363.0
364	345.0	352.0	364.0
365	346.0	353.0	365.0
366	347.0	354.0	366.0
367	348.0	355.0	367.0
368	349.0	356.0	368.0
369	350.0	357.0	369.0
370	351.0	358.0	370.0
371	352.0	359.0	371.0
372	353.0	360.0	372.0
373	354.0	361.0	373.0
374	355.0	362.0	374.0
375	356.0	363.0	375.0
376	357.0	364.0	376.0
377	358.0	365.0	377.0
378	359.0	366.0	378.0
379	360.0	367.0	379.0
380	361.0	368.0	380.0
381	362.0	369.0	381.0
382	363.0	370.0	382.0
383	364.0	371.0	383.0
384	365.0	372.0	384.0
385	366.0	373.0	385.0
386	367.0	374.0	386.0
387	368.0	375.0	387.0
388	369.0	376.0	388.0
389	370.0	377.0	389.0
390	371.0	378.0	390.0
391	372.0	379.0	391.0
392	373.0	380.0	392.0
393	374.0	381.0	393.0
394	375.0	382.0	394.0
395	376.0	383.0	395.0
396	377.0	384.0	396.0
397	378.0	385.0	397.0
398	379.0	386.0	398.0
399	380.0	387.0	399.0
400	381.0	388.0	400.0
401	382.0	389.0	401.0
402	383.0	390.0	402.0
403	384.0	391.0	403.0
404	385.0	392.0	404.0
405	386.0	393.0	405.0
406	387.0	394.0	406.0
407	388.0	395.0	407.0
408	389.0	396.0	408.0
409	390.0	397.0	409.0
410	391.0	398.0	410.0
411	392.0	399.0	411.0
412	393.0	400.0	412.0
413	394.0	401.0	413.0
414	395.0	402.0	414.0
415	396.0	403.0	415.0
416	397.0	404.0	416.0
417	398.0	405.0	417.0
418	399.0	406.0	418.0
419	400.0	407.0	419.0
420	401.0	408.0	420.0
421	402.0	409.0	421.0
422	403.0	410.0	422.0
423	404.0	411.0	423.0
424	405.0	412.0	424.0
425	406.0	413.0	425.0
426	407.0	414.0	426.0
427	408.0	415.0	427.0
428	409.0	416.0	428.0
429	410.0	417.0	429.0
430	411.0	418.0	430.0
431	412.0	419.0	431.0
432	413.0	420.0	432.0
433	414.0	421.0	433.0
434	415.0	422.0	434.0
435	416.0	423.0	435.0
436	417.0	424.0	436.0
437	418.0	425.0	437.0
438	419.0	426.0	438.0
439	420.0	427.0	439.0
440	421.0	428.0	440.0
441	422.0	429.0	441.0
442	423.0	430.0	442.0
443	424.0	431.0	443.0
444	425.0	432.0	444.0
445	426.0	433.0	445.0
446	427.0	434.0	446.0
447	428.0	435.0	447.0
448	429.0	436.0	448.0
449	430.0	437.0	449.0
450	431.0	438.0	450.0
451	432.0	439.0	451.0
452	433.0	440.0	452.0
453	434.0	441.0	453.0
454	435.0	442.0	454.0
455	436.0	443.0	455.0
456	437.0	444.0	456.0
457	438.0	445.0	457.0
458	439.0	446.0	458.0
459	440.0	447.0	459.0
460	441.0	448.0	460.0
461	442.0	449.0	461.0
462	443.0	450.0	462.0
463	444.0	451.0	463.0
464	445.0	452.0	464.0
465	446.0	453.0	465.0
466	447.0	454.0	466.0
467	448.0	455.0	467.0
468	449.0	456.0	468.0
469	450.0	457.0	469.0
470	451.0	458.0	470.0
471	452.0	459.0	471.0
472	453.0	460.0	472.0
473	454.0	461.0	473.0
474	455.0	462.0	474.0
475	456.0	463.0	475.0
476	457.0	464.0	476.0
477	458.0	465.0	477.0
478	459.0	466.0	478.0
479	460.0	467.0	479.0
480	461.0	468.0	480.0
481	462.0	469.0	481.0
482	463.0	470.0	482.0
483	464.0	471.0	483.0
484	465.0	472.0	484.0
485	466.0	473.0	485.0
486	467.0	474.0	486.0
487	468.0	475.0	487.0
488	469.0	476.0	488.0
489	470.0	477.0	489.0
490	471.0	478.0	490.0
491	472.0	479.0	491.0
492	473.0	480.0	492.0
493	474.0	481.0	493.0
494	475.0	482.0	494.0
495	476.0	483.0	495.0
496	477.0	484.0	496.0
497	478.0	485.0	497.0
498	479.0	486.0	498.0
499	480.0	487.0	499.0
500	481.0	488.0	500.0
501	482.0	489.0	501.0
502	483.0	490.0	502.0
503	484.0	491.0	503.0
504	485.0	492.0	504.0
505	486.0	493.0	505.0
506	487.0	494.0	506.0
507	488.0	495.0	507.0
508	489.0	496.0	508.0
509	490.0	497.0	509.0
510	491.0	498.0	510.0
511	492.0	499.0	511.0
512	493.0	500.0	512.0
513	494.0	501.0	513.0
514	495.0	502.0	514.0
515	496.0	503.0	515.0
516	497.0	504.0	516.0
517	498.0	505.0	517.0
518	499.0	506.0	518.0
519	500.0	507.0	519.0
520	501.0	508.0	520.0
521	502.0	509.0	521.0
522	503.0	510.0	522.0
523	504.0	511.0	523.0
524	505.0	512.0	524.0
525	506.0	513.0	525.0
526	507.0	514.0	526.0
527	508.0	515.0	527.0
528	509.0	516.0	528.0
529	510.0	517.0	529.0
530	511.0	518.0	530.0
531	512.0	519.0	531.0
532	513.0	520.0	532.0
533	514.0	521.0	533.0
534	515.0	522.0	534.0
535	516.0	523.0	535.0
536	517.0	524.0	536.0
537	518.0	525.0	537.0
538	519.0	526.0	538.0
539	520.0	527.0	539.0
540	521.0	528.0	540.0
541	522.0	529.0	541.0
542	523.0	530.0	542.0
543	524.0	531.0	543.0
544	525.0	532.0	544.0
545	526.0	533.0	545.0
546	527.0	534.0	546.0
547	528.0	535.0	547.0
548	529.0	536.0	548.0
549	530.0	537.0	549.0
550	531.0	538.0	550.0
551	532.0	539.0	551.0
552	533.0	540.0	552.0
553	534.0	541.0	553.0
554	535.0	542.0	554.0
555	536.0	543.0	555.0
556	537.0	544.0	556.0
557	538.0	545.0	557.0
558	539.0	546.0	558.0
559	540.0	547.0	559.0
560	541.0	548.0	560.0
561	542.0	549.0	561.0
562	543.0	550.0	562.0
563	544.0	551.0	563.0
564	545.0	552.0	564.0
565	546.0	553.0	565.0
566	547.0	554.0	566.0
567	548.0	555.0	567.0
568	549.0	556.0	568.0
569	550.0	557.0	569.0
570	551.0	558.0	570.0
571	552.0	559.0	571.0
572	553.0	560.0	572.0
573	554.0	561.0	573.0
574	555.0	562.0	574.0
575	556.0	563.0	575.0
576	557.0	564.0	576.0
577	558.0	565.0	577.0
578	559.0	566.0	578.0
579	560.0	567.0	579.0
580	561.0	568.0	580.0
581	562.0	569.0	581.0
582	563.0	570.0	582.0
583	564.0	571.0	583.0
584	565.0	572.0	584.0
585	566.0	573.0	585.0
586	567.0	574.0	586.0
587	568.0	575.0	587.0
588	569.0	576.0	588.0
589	570.0	577.0	589.0
590	571.0	578.0	590.0
591	572.0	579.0	591.0
592	573.0	580.0	592.0
593	574.0	581.0	593.0
594	575.0	582.0	594.0
595	576.0	583.0	595.0
596	577.0	584.0	596.0
597	578.0	585.0	597.0
598	579.0	586.0	598.0
599	580.0	587.0	599.0
600	581.0	588.0	600.0
601	582.0	589.0	601.0
602	583.0	590.0	602.0
603	584.0	591.0	603.0
604	585.0	592.0	604.0
605	586.0	593.0	605.0
606	587.0	594.0	606.0
607	588.0	595.0	607.0
608	589.0	596.0	608.0
609	590.0	597.0	609.0
610	591.0	598.0	610.0
611	592.0	599.0	611.0
612	593.0	600.0	612.0
613	594.0	601.0	613.0
614	595.0	602.0	614.0
615	596.0	603.0	615.0
616	597.0	604.0	616.0
617	598.0	605.0	617.0
618	599.0	606.0	618.0
619	600.0	607.0	619.0
620	601.0	608.0	620.0
621	602.0	609.0	621.0
622	603.0	610.0	622.0
623	604.0	611.0	623.0
624	605.0	612.0	624.0
625	606.0	613.0	625.0
626	607.0	614.0	626.0
627	608.0	615.0	627.0
628	609.0	616.0	628.0
629	610.0	617.0	629.0
630	611.0	618.0	630.0
631	612.0	619.0	631.0
632	613.0	620.0	632.0
633	614.0	621.0	633.0
634	615.0	622.0	634.0
635	616.0	623.0	635.0
636	617.0	624.0	636.0
637	618.0	625.0	637.0
638	619.0	626.0	638.0
639	620.0	627.0	639.0
640	621.0	628.0	640.0
641	622.0	629.0	641.0
642	623.0	630.0	642.0
643	624.0	631.0	643.0
644	625.0	632.0	644.0
645	626.0	633.0	645.0
646	627.0	634.0	646.0
647	628.0	635.0	647.0
648	629.0	636.0	648.0
649	630.0	637.0	649.0
650	631.0	638.0	650.0
651	632.0	639.0	651.0
652	633.0	640.0	652.0
653	634.0	641.0	653.0
654	635.0	642.0	654.0
655	636.0	643.0	655.0
656	637.0	644.0	656.0
657	638.0	645.0	657.0
658	639.0	646.0	658.0
659	640.0	647.0	659.0
660	641.0	648.0	660.0
661	642.0	649.0	661.0
662	643.0	650.0	662.0
663	644.0	651.0	663.0
664	645.0	652.0	664.0
665	646.0	653.0	665.0
666	647.0	654.0	666.0
667	648.0	655.0	667.0
668	649.0	656.0	668.0
669	650.0	657.0	669.0
670	651.0	658.0	670.0
671	652.0	659.0	671.0
672	653.0	660.0	672.0
673	654.0	661.0	673.0
674	655.0	662.0	674.0
675	656.0	663.0	675.0
676	657.0	664.0	676.0
677	658.0	665.0	677.0
678	659.0	666.0	678.0
679	660.0	667.0	679.0
680	661.0	668.0	680.0
681	662.0	669.0	681.0
682	663.0	670.0	682.0
683	664.0	671.0	683.0
684	665.0	672.0	684.0
685	666.0	673.0	685.0
686	667.0	674.0	686.0
687	668.0	675.0	687.0
688	669.0	676.0	688.0
689	670.0	677.0	689.0
690	671.0	678.0	690.0
691	672.0	679.0	691.0
692	673.0	680.0	692.0
693	674.0	681.0	693.0
694	675.0	682.0	694.0
695	676.0	683.0	695.0
696	677.0	684.0	696.0
697	678.0	685.0	697.0
698	679.0	686.0	698.0
699	680.0	687.0	699.0
700	681.0	688.0	700.0
701	682.0	689.0	701.0
702	683.0	690.0	702.0
703	684.0	691.0	703.0
704	685.0	692.0	704.0
705	686.0	693.0	705.0
706	687.0	694.0	706.0
707	688.0	695.0	707.0
708	689.0	696.0	708.0
709	690.0	697.0	709.0
710	691.0	698.0	710.0
711	692.0	699.0	711.0
712	693.0	700.0	712.0
713	694.0	701.0	713.0
714	695.0	702.0	714.0
715	696.0	703.0	715.0
716	697.0	704.0	716.0
717	698.0	705.0	717.0
718	699.0	706.0	718.0
719	700.0	707.0	719.0
720	701.0	708.0	720.0
721	702.0	709.0	721.0
722	703.0	710.0	722.0
723	704.0	711.0	723.0
724	705.0	712.0	724.0
725	706.0	713.0	725.0
726	707.0	714.0	726.0
727	708.0	715.0	727.0
728	709.0	716.0	728.0
729	710.0	717.0	729.0
730	711.0	718.0	730.0
731	712.0	719.0	731.0
732	713.0	720.0	732.0
733	714.0	721.0	733.0
734	715.0	722.0	734.0
735	716.0	723.0	735.0
736	717.0	724.0	736.0
737	718.0	725.0	737.0
738	719.0	726.0	738.0
739	720.0	727.0	739.0
740	721.0	728.0	740.0
741	722.0	729.0	741.0
742	723.0	730.0	742.0
743	724.0	731.0	743.0
744	725.0	732.0	744.0
745	726.0	733.0	745.0
746	727.0	734.0	746.0
747	728.0	735.0	747.0
748	729.0	736.0	748.0
749	730.0	737.0	749.0
750	731.0	738.0	750.0
751	732.0	739.0	751.0
752	733.0	740.0	752.0
753	734.0	741.0	753.0
754	735.0	742.0	754.0
755	736.0	743.0	755.0
756	737.0	744.0	756.0
757	738.0	745.0	757.0
758	739.0	746.0	758.0
759	740.0	747.0	759.0
760	741.0	748.0	760.0
761	742.0	749.0	761.0
762	743.0	750.0	762.0
763	744.0	751.0	763.0
764	745.0	752.0	764.0
765	746.0	753.0	765.0
766	747.0	754.0	766.0
767	748.0	755.0	767.0
768	749.0	756.0	768.0
769	750.0	757.0	769.0
770	751.0	758.0	770.0
771	752.0	759.0	771.0
772	753.0	760.0	772.0
773	754.0	761.0	773.0
774	755.0	762.0	774.0
775	756.0	763.0	775.0
776	757.0	764.0	776.0
777	758.0	765.0	777.0
778	759.0	766.0	778.0
779	760.0	767.0	779.0
780	761.0	768.0	780.0
781	762.0	769.0	781.0
782	763.0	770.0	782.0
783	764.0	771.0	783.0
784	765.0	772.0	784.0
785	766.0	773.0	785.0
786	767.0	774.0	786.0
787	768.0	775.0	787.0
788	769.0	776.0	788.0
789	770.0	777.0	789.0
790	771.0	778.0	790.0
791	772.0	779.0	791.0
792	773.0	780.0	792.0
793	774.0	781.0	793.0
794	775.0	782.0	794.0
795	776.0	783.0	795.0
796	777.0	784.0	796.0
797	778.0	785.0	797.0
798	779.0	786.0	798.0
799	780.0	787.0	799.0
800	781.0	788.0	800.0
801	782.0	789.0	801.0
802	783.0	790.0	802.0
803	784.0	791.0	803.0
804	785.0	792.0	804.0
805	786.0	793.0	805.0
806	787.0	794.0	806.0
807	788.0	795.0	807.0
808	789.0	796.0	808.0
809	790.0	797.0	809.0
810	791.0	798.0	810.0
811	792.0	799.0	811.0
812	793.0	800.0	812.0
813	794.0	801.0	813.0
814	795.0	802.0	814.0
815	796.0	803.0	815.0
816	797.0	804.0	816.0
817	798.0	805.0	817.0
818	799.0	806.0	818.0
819	800.0	807.0	819.0
820	801.0	808.0	820.0
821	802.0	809.0	821.0
822	803.0	810.0	822.0
823	804.0	811.0	823.0
824	805.0	812.0	824.0
825	806.0	813.0	825.0
826	807.0	814.0	826.0
827	808.0	815.0	827.0
828	809.0	816.0	828.0
829	810.0	817.0	829.0
830	811.0	818.0	830.0
831	812.0	819.0	831.0
832	813.0	820.0	832.0
833	814.0	821.0	833.0
834	815.0	822.0	834.0
835	816.0	823.0	835.0
836	817.0	824.0	836.0
837	818.0	825.0	837.0
838	819.0	826.0	838.0
839	820.0	827.0	839.0
840	821.0	828.0	840.0
841	822.0	829.0	841.0
842	823.0	830.0	842.0
843	824.0	831.0	843.0
844	825.0	832.0	844.0
845	826.0	833.0	845.0
846	827.0	834.0	846.0
847	828.0	835.0	847.0
848	829.0	836.0	848.0
849	830.0	837.0	849.0
850	831.0	838.0	850.0
851	832.0	839.0	851.0
852	833.0	840.0	852.0
853	834.0	841.0	853.0
854	835.0	842.0	854.0
855	836.0	843.0	855.0
856	837.0	844.0	856.0
857	838.0	845.0	857.0
858	839.0	846.0	858.0
859	840.0	847.0	859.0
860	841.0	848.0	860.0
861	842.0	849.0	861.0
862	843.0	850.0	862.0
863	844.0	851.0	863.0
864	845.0	852.0	864.0
865	846.0	853.0	865.0
866	847.0	854.0	866.0
867	848.0	855.0	867.0
868	849.0	856.0	868.0
869	850.0	857.0	869.0
870	851.0	858.0	870.0
871	852.0	859.0	871.0
872	853.0	860.0	872.0
873	854.0	861.0	873.0
874	855.0	862.0	874.0
875	856.0	863.0	875.0
876	857.0	864.0	876.0
877	858.0	865.0	877.0
878	859.0	866.0	878.0
879	860.0	867.0	879.0
880	861.0	868.0	880.0
881	862.0	869.0	881.0
882	863.0	870.0	882.0
883	864.0	871.0	883.0
884	865.0	872.0	884.0
885	866.0	873.0	885.0
886	867.0	874.0	886.0
887	868.0	875.0	887.0
888	869.0	876.0	888.0
889	870.0	877.0	889.0
890	871.0	878.0	890.0
891	872.0	879.0	891.0
892	873.0	880.0	892.0
893	874.0	881.0	893.0
894	875.0	882.0	894.0
895	876.0	883.0	895.0
896	877.0	884.0	896.0
897	878.0	885.0	897.0
898	879.0	886.0	898.0
899	880.0	887.0	899.0
900	881.0	888.0	900.0
901	882.0	889.0	901.0
902	883.0	890.0	902.0
903	884.0	891.0	903.0
904	885.0	892.0	904.0
905	886.0	893.0	905.0
906	887.0	894.0	906.0
907	888.0	895.0	907.0
908	889.0	896.0	908.0
909	890.0	897.0	909.0
910	891.0	898.0	910.0
911	892.0	899.0	911.0
912	893.0	900.0	912.0
913	894.0	901.0	913.0
914	895.0	902.0	914.0
915	896.0	903.0	915.0
916	897.0	904.0	916.0
917	898.0	905.0	917.0
918	899.0	906.0	918.0
919	900.0	907.0	919.0
920	901.0	908.0	920.0
921	902.0	909.0	921.0
922	903.0	910.0	922.0
923	904.0	911.0	923.0
924	905.0	912.0	924.0
925	906.0	913.0	925.0
926	907.0	914.0	926.0
927	908.0	915.0	927.0
928	909.0	916.0	928.0
929	910.0	917.0	929.0
930	911.0	918.0	930.0
931	912.0	919.0	931.0
932	913.0	920.0	932.0
933	914.0	921.0	933.0
934	915.0	922.0	934.0
935	916.0	923.0	935.0
936	917.0	924.0	936.0
937	918.0	925.0	937.0
938	919.0	926.0	938.0
939	920.0	927.0	939.0
940	921.0	928.0	940.0
941	922.0	929.0	941.0
942	923.0	930.0	942.0
943	924.0	931.0	943.0
944	925.0	932.0	944.0
945	926.0	933.0	945.0
946	927.0	934.0	946.0
947	928.0	935.0	947.0
948	929.0	936.0	948.0
949	930.0	937.0	949.0
950	931.0	938.0	950.0
951	932.0	939.0	951.0
952	933.0	940.0	952.0
953	934.0	941.0	953.0
954	935.0	942.0	954.0
955	936.0	943.0	955.0
956	937.0	944.0	956.0
957	938.0	945.0	957.0
958	939.0	946.0	958.0
959	940.0	947.0	959.0
960	941.0	948.0	960.0
961	942.0	949.0	961.0
962	943.0	950.0	962.0
963	944.0	951.0	963.0
964	945.0	952.0	964.0
965	946.0	953.0	965.0
966	947.0	954.0	966.0
967	948.0	955.0	967.0
968	949.0	956.0	968.0
969	950.0	957.0	969.0
970	951.0	958.0	970.0
971	952.0	959.0	971.0
972	953.0	960.0	972.0
973	954.0	961.0	973.0
974	955.0	962.0	974.0
975	956.0	963.0	975.0
976	957.0	964.0	976.0
977	958.0	965.0	977.0
978	959.0	966.0	978.0
979	960.0	967.0	979.0
980	961.0	968.0	980.0
981	962.0	969.0	981.0
982	963.0	970.0	982.0
983	964.0	971.0	983.0
984	965.0	972.0	984.0
985	966.0	973.0	985.0
986	967.0	974.0	986.0
987	968.0	975.0	987.0
988	969.0	976.0	988.0
989	970.0	977.0	989.0
990	971.0	978.0	990.0
991	972.0	979.0	991.0
992	973.0	980.0	992.0
993	974.0	981.0	993.0
994	975.0	982.0	994.0
995	976.0	983.0	995.0
996	977.0	984.0	996.0
997	978.0	985.0	997.0
998	979.0	986.0	998.0
999	980.0	987.0	999.0
1000	981.0	988.0	1000.0
1001	982.0	989.0	1001.0
1002	983.0	990.0	1002.0
1003	984.0	991.0	1003.0
1004	985.0	992.0	1004.0
1005	986.0	993.0	1005.0
1006	987.0	994.0	1006.0
1007	988.0	995.0	1007.0
1008	989.0	996.0	1008.0
1009	990.0	997.0	1009.0
1010	991.0	998.0	1010.0
1011	992.0	999.0	1011.0
1012	993.0	1000.0	1012.0
1013	994.0	1001.0	1013.0
1014	995.0	1002.0	1014.0
1015	996.0	1003.0	1015.0
1016	997.0	1004.0	1016.0
1017	998.0	1005.0	1017.0
1018	999.0	1006.0	1018.0
1019	1000.0	1007.0	1019.0
1020	1001.0	1008.0	1020.0
1021	1002.0	1009.0	1021.0
1022	1003.0	1010.0	1022.0
1023	1004.0	1011.0	1023.0
1024	1005.0	1012.0	1024.0
1025	1006.0	1013.0	1025.0
1026	1007.0	1014.0	1026.0
1027	1008.0	1015.0	1027.0
1028	1009.0	1016.0	1028.0
1029	1010.0	1017.0	1029.0
1030	1011.0	1018.0	1030.0
1031	1012.0	1019.0	1031.0
1032	1013.0	1020.0	1032.0
1033	1014.0	1021.0	1033.0
1034	1015.0	1022.0	1034.0
1035	1016.0	1023.0	1035.0
1036	1017.0	1024.0	1036.0
1037	1018.0	1025.0	1037.0
1038	1019.0	1026.0	1038.0
1039	1020.0	1027.0	1039.0
1040	1021.0	1028.0	1040.0
1041	1022.0	1029.0	1041.0
1042	1023.0	1030.0	1042.0
1043	1024.0	1031.0	1043.0
1044	1025.0	1032.0	1044.0
1045	1026.0	1033.0	1045.0
1046	1027.0	1034.0	1046.0
1047	1028.0	1035.0	1047.0
1048	1029.0	1036.0	1048.0
1049	1030.0	1037.0	1049.0
1050	1031.0	1038.0	1050.0
1051	1032.0	1039.0	1051.0
1052	1033.0	1040.0	1052.0
1053	1034.0	1041.0	1053.0
1054	1035.0	1042.0	1054.0
1055	1036.0	1043.0	1055.0
1056	1037.0	1044.0	1056.0
1057	1038.0	1045.0	1057.0
1058	1039.0	1046.0	1058.0
1059	1040.0	1047.0	1059.0
1060	1041.0	1048.0	1060.0
1061	1042.0	1049.0	1061.0
1062	1043.0	1050.0	1062.0
1063	1044.0	1051.0	1063.0
1064	1045.0	1052.0	1064.0
1065	1046.0	1053.0	1065.0
1066	1047.0	1054.0	1066.0
1067	1048.0	1055.0	1067.0
1068	1049.0	1056.0	1068.0
1069	1050.0	1057.0	1069.0
1070	1051.0	1058.0	1070.0
1071	1052.0	1059.0	1071.0
1072	1053.0	1060.0	1072.0
1073	1054.0	1061.0	1073.0
1074	1055.0	1062.0	1074.0
1075	1056.0	1063.0	1075.0
1076	1057.0	1064.0	1076.0
1077	1058.0	1065.0	1077.0
1078	1059.0	1066.0	1078.0
1079	1060.0	1067.0	1079.0
1080	1061.0	1068.0	1080.0
1081	1062.0	1069.0	1081.0
1082	1063.0	1070.0	1082.0
1083	1064.0	1071.0	1083.0
1084	1065.0	1072.0	1084.0
1085	1066.0	1073.0	1085.0
1086	1067.0	1074.0	1086.0
1087	1068.0	1075.0	1087.0
1088	1069.0	1076.0	1088.0
1089	1070.0	1077.0	1089.0
1090	1071.0	1078.0	1090.0
1091	1072.0	1079.0	1091.0
1092	1073.0	1080.0	1092.0
1093	1074.0	1081.0	1093.0
1094	1075.0	1082.0	1094.0
1095	1076.0	1083.0	1095.0
1096	1077.0	1084.0	1096.0
1097	1078.0	1085.0	1097.0
1098	1079.0	1086.0	1098.0
1099	1080.0	1087.0	1099.0
1100	1081.0	1088.0	1100.0
1101	1082.0	1089.0	1101.0
1102	1083.0	1090.0	1102.0
1103	1084.0	1091.0	1103.0
1104	1085.0	1092.0	1104.0
1105	1086.0	1093.0	1105.0
1106	1087.0	1094.0	1106.0
1107	1088.0	1095.0	1107.0
1108	1089.0	1096.0	1108.0
1109	1090.0	1097.0	1109.0
1110	1091.0	1098.0	1110.0
1111	1092.0	1099.0	1111.0
1112	1093.0	1100.0	1112.0
1113	1094.0	1101.0	1113.0
1114	1095.0	1102.0	1114.0
1115	1096.0	1103.0	1115.0
1116	1097.0	1104.0	1116.0
1117	1098.0	1105.0	1117.0
1118	1099.0	1106.0	1118.0
1119	1100.0	1107.0	1119.0
1120	1101.0	1108.0	1120.0
1121	1102.0	1109.0	1121.0
1122	1103.0	1110.0	1122.0
1123	1104.0	1111.0	1123.0
1124	1105.0	1112.0	1124.0
1125	1106.0	1113.0	1125.0
1126	1107.0	1114.0	1126.0
1127	1108.0	1115.0	1127.0
1128	1109.0	1116.0	1128.0
1129	1110.0	1117.0	1129.0
1130	1111.0	1118.0	1130.0
1131	1112.0	1119.0	1131.0
1132	1113.0	1120.0	1132.0
1133	1114.0	1121.0	1133.0
1134	1115.0	1122.0	1134.0
1135	1116.0	1123.0	1135.0
1136	1117.0	1124.0	1136.0
1137	1118.0	1125.0	1137.0
1138	1119.0	1126.0	1138.0
1139	1120.0	1127.0	1139.0
1140	1121.0	1128.0	1140.0
1141	1122.0	1129.0	1141.0
1142	1123.0	1130.0	1142.0
1143	1124.0	1131.0	1143.0
1144	1125.0	1132.0	1144.0
1145	1126.0	1133.0	1145.0
1146	1127.0	1134.0	1146.0
1147	1128.0	1135.0	1147.0
1148	1129.0	1136.0	1148.0
1149	1130.0	1137.0	1149.0
1150	1131.0	1138.0	1150.0
1151	1132.0	1139.0	1151.0
1152	1133.0	1140.0	1152.0
1153	1134.0	1141.0	1153.0
1154	1135.0	1142.0	1154.0
1155	1136.0	1143.0	1155.0
1156	1137.0	1144.0	1156.0
1157	1138.0	1145.0	1157.0
1158	1139.0	1146.0	1158.0
1159	1140.0	1147.0	1159.0
1160	1141.0	1148.0	1160.0
1161	1142.0	1149.0	1161.0
1162	1143.0	1150.0	1162.0
1163	1144.0	1151.0	1163.0
1164	1145.0	1152.0	1164.0
1165	1146.0	1153.0	1165.0
1166	1147.0	1154.0	1166.0
1167	1148.0	1155.0	1167.0
1168	1149.0	1156.0	1168.0
1169	1150.0	1157.0	1169.0
1170	1151.0	1158.0	1170.0
1171	1152.0	1159.0	1171.0
1172	1153.0	1160.0	1172.0
1173	1154.0	1161.0	1173.0
1174	1155.0	1162.0	1174.0
1175	1156.0	1163.0	1175.0
1176	1157.0	1164.0	1176.0
1177	1158.0	1165.0	1177.0
1178	1159.0	1166.0	1178.0
1179	1160.0	1167.0	1179.0
1180	1161.0	1168.0	1180.0
1181	1162.0	1169.0	1181.0
1182	1163.0	1170.0	1182.0
1183	1164.0	1171.0	1183.0
1184	1165.0	1172.0	1184.0
1185	1166.0	1173.0	1185.0
1186	1167.0	1174.0	1186.0
1187	1168.0	1175.0	1187.0
1188	1169.0	1176.0	1188.0
1189	1170.0	1177.0	1189.0
1190	1171.0	1178.0	1190.0
1191	1172.0	1179.0	1191.0
1192	1173.0	1180.0	1192.0
1193	1174.0	1181.0	1193.0
1194	1175.0	1182.0	1194.0
1195	1176.0	1183.0	1195.0
1196	1177.0	1184.0	1196.0
1197	1178.0	1185.0	1197.0
1198	1179.0	1186.0	1198.0
1199	1180.0	1187.0	1199.0
1200	1181.0	1188.0	1200.0
1201	1182.0	1189.0	1201.0
1202	1183.0	1190.0	1202.0
1203	1184.0	1191.0	1203.0
1204	1185.0	1192.0	1204.0
1205	1186.0	1193.0	1205.0
1206	1187.0	1194.0	1206.0
1207	1188.0	1195.0	1207.0
1208	1189.0	1196.0	1208.0
1209	1190.0	1197.0	1209.0
1210	1191.0	1198.0	1210.0
1211	1192.0	1199.0	1211.0
1212	1193.0	1200.0	1212.0
1213	1194.0	1201.0	1213.0
1214	1195.0	1202.0	1214.0
1215	1196.0	1203.0	1215.0
1216	1197.0	1204.0	1216.0
1217	1198.0	1205.0	1217.0
1218	1199.0	1206.0	1218.0
1219	1200.0	1207.0	1219.0
1220	1201.0	1208.0	1220.0
1221	1202.0	1209.0	1221.0
1222	1203.0	1210.0	1222.0
1223	1204.0	1211.0	1223.0
1224	1205.0	1212.0	1224.0
1225	1206.0	1213.0	1225.0
1226	1207.0	1214.0	1226.0
1227	1208.0	1215.0	1227.0
1228	1209.0	1216.0	1228.0
1229	1210.0	1217.0	1229.0
1230	1211.0	1218.0	1230.0
1231	1212.0	1219.0	1231.0
1232	1213.0	1220.0	1232.0
1233	1214.0	1221.0	1233.0
1234	1215.0	1222.0	1234.0
1235	1216.0	1223.0	1235.0
1236	1217.0	1224.0	1236.0
1237	1218.0	1225.0	1237.0
1238	1219.0	1226.0	1238.0
1239	1220.0	1227.0	1239.0
1240	1221.0	1228.0	1240.0
1241	1222.0	1229.0	1241.0
1242	1223.0	1230.0	1242.0
1243	1224.0	1231.0	1243.0
1244	1225.0	1232.0	1244.0
1245	1226.0	1233.0	1245.0
1246	1227.0	1234.0	1246.0
1247	1228.0	1235.0	1247.0
1248	1229.0	1236.0	1248.0
1249	1230.0	1237.0	1249.0
1250	1231.0	1238.0	1250.0
1251	1232.0	1239.0	1251.0
1252	1233.0	1240.0	1252.0
1253	1234.0	1241.0	1253.0
1254	1235.0	1242.0	1254.0
1255	1236.0	1243.0	1255.0
1256	1237.0	1244.0	1256.0
1257	1238.0	1245.0	1257.0
1258	1239.0	1246.0	1258.0
1259	1240.0	1247.0	1259.0
1260	1241.0	1248.0	1260.0
1261	1242.0	1249.0	1261.0
1262	1243.0	1250.0	1262.0
1263	1244.0	1251.0	1263.0
1264	1245.0	1252.0	1264.0
1265	1246.0	1253.0	1265.0
1266	1247.0	1254.0	1266.0
1267	1248.0	1255.0	1267.0
1268	1249.0	1256.0	1268.0
1269	1250.0	1257.0	1269.0
1270	1251.0	1258.0	1270.0
1271	1252.0	1259.0	1271.0
1272	1253.0	1260.0	1272.0
1273	1254.0	1261.0	1273.0
1274	1255.0	1262.0	1274.0
1275	1256.0	1263.0	1275.0
1276	1257.0	1264.0	1276.0
1277	1258.0	1265.0	1277.0
1278	1259.0	1266.0	1278.0
1279	1260.0	1267.0	1279.0
1280	1261.0	1268.0	1280.0
1281	1262.0	1269.0	1281.0
1282	1263.0	1270.0	1282.0
1283	1264.0	1271.0	1283.0
1284	1265.0	1272.0	1284.0
1285	1266.0	1273.0	1285.0
1286	1267.0	1274.0	1286.0
1287	1268.0	1275.0	1287.0
1288	1269.0	1276.0	1288.0
1289	1270.0	1277.0	1289.0
1290	1271.0	1278.0	1290.0
1291	1272.0	1279.0	1291.0
1292	1273.0	1280.0	1292.0
1293	1274.0	1281.0	1293.0
1294	1275.0	1282.0	1294.0
1295	1276.0	1283.0	1295.0
1296	1277.0	1284.0	1296.0
1297	1278.0	1285.0	1297.0
1298	1279.0	1286.0	1298.0
1299	1280.0	1287.0	1299.0
1300	1281.0	1288.0	1300.0
1301	1282.0	1289.0	1301.0
1302	1283.0	1290.0	1302.0
1303	1284.0	1291.0	1303.0
1304	1285.0	1292.0	1304.0
1305	1286.0	1293.0	1305.0
1306	1287.0	1294.0	1306.0
1307	1288.0	1295.0	1307.0
1308	1289.0	1296.0	1308.0
1309	1290.0	1297.0	1309.0
1310	1291.0	1298.0	1310.0
1311	1292.0	1299.0	1311.0
1312	1293.0	1300.0	1312.0
1313	1294.0	1301.0	1313.0
1314	1295.0	1302.0	1314.0
1315	1296.0	1303.0	1315.0
1316	1297.0	1304.0	1316.0
1317	1298.0	1305.0	1317.0
1318	1299.0	1306.0	1318.0
1319	1300.0	1307.0	1319.0
1320	1301.0	1308.0	1320.0
1321	1302.0	1309.0	1321.0
1322	1303.0	1310.0	1322.0
1323	1304.0	1311.0	1323.0
1324	1305.0	1312.0	1324.0
1325	1306.0	1313.0	1325.0
1326	1307.0	1314.0	1326.0
1327	1308.0	1315.0	1327.0
1328	1309.0	1316.0	1328.0
1329	1310.0	1317.0	1329.0
1330	1311.0	1318.0	1330.0
1331	1312.0	1319.0	1331.0
1332	1313.0	1320.0	1332.0
1333	1314.0	1321.0	1333.0
1334	1315.0	1322.0	1334.0
1335	1316.0	1323.0	1335.0
1336	1317.0	1324.0	1336.0
1337	1318.0	1325.0	1337.0
1338	1319.0	1326.0	1338.0
1339	1320.0	1327.0	1339.0
1340	1321.0	1328.0	1340.0
1341	1322.0	1329.0	1341.0
1342	1323.0	1330.0	1342.0
1343	1324.0	1331.0	1343.0
1344	1325.0	1332.0	1344.0
1345	1326.0	1333.0	1345.0
1346	1327.0	1334.0	1346.0
1347	1328.0	1335.0	1347.0
1348	1329.0	1336.0	1348.0
1349	1330.0	1337.0	1349.0
1350	1331.0	1338.0	1350.0
1351	1332.0	1339.0	1351.0
1352	1333.0	1340.0	1352.0
1353	1334.0	1341.0	1353.0
1354	1335.0	1342.0	1354.0
1355	1336.0	1343.0	1355.0
1356	1337.0	1344.0	1356.0
1357	1338.0	1345.0	1357.0
1358	1339.0	1346.0	1358.0
1359	1340.0	1347.0	1359.0
1360	1341.0	1348.0	1360.0
1361	1342.0	1349.0	1361.0
1362	1343.0	1350.0	1362.0
1363	1344.0	1351.0	1363.0
1364	1345.0	1352.0	1364.0
1365	1346.0	1353.0	1365.0
1366	1347.0	1354.0	1366.0
1367	1348.0	1355.0	1367.0
1368	1349.0	1356.0	1368.0
1369	1350.0	1357.0	1369.0
1370	1351.0	1358.0	1370.0
1371	1352.0	1359.0	1371.0
1372	1353.0	1360.0	1372.0
1373	1354.0	1361.0	1373.0
1374	1355.0	1362.0	1374.0
1375	1356.0	1363.0	1375.0
1376	1357.0	1364.0	1376.0
1377	1358.0	1365.0	1377.0
1378	1359.0	1366.0	1378.0
1379	1360.0	1367.0	1379.0
1380	1361.0	1368.0	1380.0
1381	1362.0	1369.0	1381.0
1382	1363.0	1370.0	1382.0
1383	1364.0	1371.0	1383.0
1384	1365.0	1372.0	1384.0
1385	1366.0	1373.0	1385.0
1386	1367.0	1374.0	1386.0
1387	1368.0	1375.0	1387.0
1388	1369.0	1376.0	1388.0
1389	1370.0	1377.0	1389.0
1390	1371.0	1378.0	1390.0
1391	1372.0	1379.0	1391.0
1392	1373.0	1380.0	1392.0
1393	1374.0	1381.0	1393.0
1394	1375.0	1382.0	1394.0
1395	1376.0	1383.0	1395.0
1396	1377.0	1384.0	1396.0
1397	1378.0	1385.0	1397.0
1398	1379.0	1386.0	1398.0
1399	1380.0	1387.0	1399.0
1400	1381.0	1388.0	1400.0
1401	1382.0	1389.0	1401.0
1402	1383.0	1390.0	1402.0
1403	1384.0	1391.0	1403.0
1404	1385.0	1392.0	1404.0
1405	1386.0	1393.0	1405.0
1406	1387.0	1394.0	1406.0
1407	1388.0	1395.0	1407.0
1408	1389.0	1396.0	1408.0
1409	1390.0	1397.0	1409.0
1410	1391.0	1398.0	1410.0
1411	1392.0	1399.0	1411.0
1412	1393.0	1400.0	1412.0
1413	1394.0	1401.0	1413.0
1414	1395.0	1402.0	1414.0
1415	1396.0	1403.0	1415.0
1416	1397.0	1404.0	1416.0
1417	1398.0	1405.0	1417.0
1418	1399.0	1406.0	1418.0
1419	1400.0	1407.0	1419.0
1420	1401.0	1408.0	1420.0
1421	1402.0	1409.0	1421.0
1422	1403.0	1410.0	1422.0
1423	1404.0	1411.0	1423.0
1424	1405.0	1412.0	1424.0
1425	1406.0	1413.0	1425.0
1426	1407.0	1414.0	1426.0
1427	1408.0	1415.0	1427.0
1428	1409.0	1416.0	1428.0
1429	1410.0	1417.0	1429.0
1430	1411.0	1418.0	1430.0
1431	1412.0	1419.0	1431.0
1432	1413.0	1420.0	1432.0
1433	1414.0	1421.0	1433.0
1434	1415.0	1422.0	1434.0
1435	1416.0	1423.0	1435.0
1436	1417.0	1424.0	1436.0
1437	1418.0	1425.0	1437.0
1438	1419.0	1426.0	1438.0
1439	1420.0	1427.0	1439.0
1440	1421.0	1428.0	1440.0
1441	1422.0	1429.0	1441.0
1442	1423.0	1430.0	1442.0
1443	1424.0	1431.0	1443.0
1444	1425.0	1432.0	1444.0
1445	1426.0	1433.0	1445.0
1446	1427.0	1434.0	1446.0
1447	1428.0	1435.0	1447.0
1448	1429.0	1436.0	1448.0
1449	1430.0	1437.0	1449.0
1450	1431.0	1438.0	1450.0
1451	1432.0	1439.0	1451.0
1452	1433.0	1440.0	1452.0
1453	1434.0	1441.0	1453.0
1454	1435.0	1442.0	1454.0
1455	1436.0	1443.0	1455.0
1456	1437.0	1444.0	1456.0
1457	1438.0	1445.0	1457.0
1458	1439.0	1446.0	1458.0
1459	1440.0	1447.0	1459.0
1460	1441.0	1448.0	1460.0
1461	1442.0	1449.0	1461.0
1462	1443.0	1450.0	1462.0
1463	1444.0	1451.0	1463.0
1464	1445.0	1452.0	1464.0
1465	1446.0	1453.0	1465.0
1466	1447.0	1454.0	1466.0
1467	1448.0	1455.0	1467.0
1468	1449.0	1456.0	1468.0
1469	1450.0	1457.0	1469.0
1470	1451.0	1458.0	1470.0
1471	1452.0	1459.0	1471.0
1472	1453.0	1460.0	1472.0
1473	1454.0	1461.0	1473.0
1474	1455.0	1462.0	1474.0
1475	1456.0	1463.0	1475.0
1476	1457.0	1464.0	1476.0
1477	1458.0	1465.0	1477.0
1478	1459.0	1466.0	1478.0
1479	1460.0	1467.0	1479.0
1480	1461.0	1468.0	1480.0
1481	1462.0	1469.0	1481.0
1482	1463.0	1470.0	1482.0
1483	1464.0	1471.0	1483.0
1484	1465.0	1472.0	1484.0
1485	1466.0	1473.0	1485.0
1486	1467.0	1474.0	1486.0
1487	1468.0	1475.0	1487.0
1488	1469.0	1476.0	1488.0
1489	1470.0	1477.0	1489.0
1490	1471.0	1478.0	1490.0
1491	1472.0	1479.0	1491.0
1492	1473.0	1480.0	1492.0
1493	1474.0	1481.0	1493.0
1494	1475.0	1482.0	1494.0
1495	1476.0	1483.0	1495.0
1496	1477.0	1484.0	1496.0
1497	1478.0	1485.0	1497.0
1498	1479.0	1486.0	1498.0
1499	1480.0	1487.0	1499.0
1500	1481.0	1488.0	1500.0
1501	1482.0	1489.0	1501.0
1502	1483.0	1490.0	1502.0
1503	1484.0	1491.0	1503.0
1504	1485.0	1492.0	1504.0
1505	1486.0	1493.0	1505.0
1506	1487.0	1494.0	1506.0
1507	1488.0	1495.0	1507.0
1508	1489.0	1496.0	1508.0
1509	1490.0	1497.0	1509.0
1510	1491.0	1498.0	1510.0
1511	1492.0	1499.0	1511.0
1512	1493.0	1500.0	1512.0
1513	1494.0	1501.0	1513.0
1514	1495.0	1502.0	1514.0
1515	1496.0	1503.0	1515.0
1516	1497.0	1504.0	1516.0
1517	1498.0	1505.0	1517.0
1518	1499.0	1506.0	1518.0
1519	1500.0	1507.0	1519.0
1520	1501.0	1508.0	1520.0
1521	1502.0	1509.0	1521.0
1522	1503.0	1510.0	1522.0
1523	1504.0	1511.0	1523.0
1524	1505.0	1512.0	1524.0
1525	1506.0	1513.0	1525.0
1526	1507.0	1514.0	1526.0
1527	1508.0	1515.0	1527.0
1528	1509.0	1516.0	1528.0
1529	1510.0	1517.0	1529.0
1530	1511.0	1518.0	1530.0
1531	1512.0	1519.0	1531.0
1532	1513.0	1520.0	1532.0
1533	1514.0	1521.0	1533.0
1534	1515.0	1522.0	1534.0
1535	1516.0	1523.0	1535.0
1536	1517.0	1524.0	1536.0
1537	1518.0	1525.0	1537.0
1538	1519.0	1526.0	1538.0
1539	1520.0	1527.0	1539.0
1540	1521.0	1528.0	1540.0
1541	1522.0	1529.0	1541.0
1542	1523.0	1530.0	1542.0
1543	1524.0	1531.0	1543.0
1544	1525.0	1532.0	1544.0
1545	1526.0	1533.0	1545.0
1546	1527.0	1534.0	1546.0
1547	1528.0	1535.0	1547.0
1548	1529.0	1536.0	1548.0
1549	1530.0	1537.0	1549.0
1550	1531.0	1538.0	1550.0
1551	1532.0	1539.0	1551.0
1552	1533.0	1540.0	1552.0
1553	1534.0	1541.0	1553.0
1554	1535.0	1542.0	1554.0
1555	1536.0	1543.0	1555.0
1556	1537.0	1544.0	1556.0
1557	1538.0	1545.0	1557.0
1558	1539.0	1546.0	1558.0
1559	1540.0	1547.0	1559.0
1560	1541.0	1548.0	1560.0
1561	1542.0	1549.0	1561.0
1562	1543.0	1550.0	1562.0
1563	1544.0	1551.0	1563.0
1564	1545.0	1552.0	1564.0
1565	1546.0	1553.0	1565.0
1566	1547.0	1554.0	1566.0
1567	1548.0	1555.0	1567.0
1568	1549.0	1556.0	1568.0
1569	1550.0	1557.0	1569.0
1570	1551.0	1558.0	1570.0
1571	1552.0	1559.0	1571.0
1572	1553.0	1560.0	1572.0
1573	1554.0	1561.0	1573.0
1574	1555.0	1562.0	1574.0
1575	1556.0	1563.0	1575.0
1576	1557.0	1564.0	1576.0
1577	1558.0	1565.0	1577.0
1578	1559.0	1566.0	1578.0
1579	1560.0	1567.0	1579.0
1580	1561.0	1568.0	1580.0
1581	1562.0	1569.0	1581.0
1582	1563.0	1570.0	1582.0
1583	1564.0	1571.0	1583.0
1584	1565.0	1572.0	1584.0
1585	1566.0	1573.0	1585.0
1586	1567.0	1574.0	1586.0
1587	1568.0	1575.0	1587.0
1588	1569.0	1576.0	1588.0
1589	1570.0	1577.0	1589.0
1590	1571.0	1578.0	1590.0
1591	1572.0	1579.0	1591.0
1592	1573.0	1580.0	1592.0
1593	1574.0	1581.0	1593.0
1594	1575.0	1582.0	1594.0
1595	1576.0	1583.0	1595.0
1596	1577.0	1584.0	1596.0
1597	1578.0	1585.0	1597.0
1598	1579.0	1586.0	1598.0
1599	1580.0	1587.0	1599.0
1600	1581.0	1588.0	1600.0
1601	1582.0	1589.0	1601.0
1602	1583.0	1590.0	1602.0
1603	1584.0	1591.0	1603.0
1604	1585.0	1592.0	1604.0
1605	1586.0	1593.0	1605.0
1606	1587.0	1594.0	1606.0
1607	1588.0	1595.0	1607.0
1608	1589.0	1596.0	1608.0
1609	1590.0	1597.0	1609.0
1610	1591.0	1598.0	1610.0
1611	1592.0	1599.0	1611.0
1612	1593.0	1600.0	1612.0
1613	1594.0	1601.0	1613.0
1614	1595.0	1602.0	1614.0
1615	1596.0	1603.0	1615.0
1616	1597.0	1604.0	1616.0
1617	1598.0	1605.0	1617.0
1618	1599.0	1606.0	1618.0
1619	1600.0	1607.0	1619.0
1620	1601.0	1608.0	1620.0
1621	1602.0	1609.0	1621.0
1622	1603.0	1610.0	1622.0
1623	1604.0	1611.0	1623.0
1624	1605.0	1612.0	1624.0
1625	1606.0	1613.0	1625.0
1626	1607.0	1614.0	1626.0
1627	1608.0	1615.0	1627.0
1628	1609.0	1616.0	1628.0
1629	1610.0	1617.0	1629.0
1630	1611.0	1618.0	1630.0
1631	1612.0	1619.0	1631.0
1632	1613.0	1620.0	1632.0
1633	1614.0	1621.0	1633.0
1634	1615.0	1622.0	1634.0
1635	1616.0	1623.0	1635.0
1636	1617.0	1624.0	1636.0
1637	1618.0	1625.0	1637.0
1638	1619.0	1626.0	1638.0
1639	1620.0	1627.0	1639.0
1640		1628.0	1640.0
1641		1629.0	1641.0
1642		1630.0	1642.0
1643		1631.0	1643.0
1644		1632.0	1644.0
1645		1633.0	1645.0
1646		1634.0	1646.0
1647		1635.0	1647.0
1648		1636.0	1648.0
1649		1637.0	1649.0
1650		1638.0	1650.0
1651		1639.0	1651.0
1652		1640.0	1652.0
1653		1641.0	1653.0
1654		1642.0	1654.0
1655		1643.0	1655.0
1656		1644.0	1656.0
1657		1645.0	1657.0
1658		1646.0	1658.0
1659		1647.0	1659.0
1660		1648.0	1660.0
1661		1649.0	1661.0
1662		1650.0	1662.0
1663		1651.0	1663.0
1664		1652.0	1664.0
1665		1653.0	1665.0
1666	1621.0	1654.0	1666.0
1667	1622.0	1655.0	1667.0
1668	1623.0	1656.0	1668.0
1669	1624.0	1657.0	1669.0
1670	1625.0	1658.0	1670.0
1671	1626.0	1659.0	1671.0
1672	1627.0	1660.0	1672.0
1673	1628.0	1661.0	1673.0
1674	1629.0	1662.0	1674.0
1675	1630.0	1663.0	1675.0
1676	1631.0	1664.0	1676.0
1677	1632.0	1665.0	1677.0
1678	1633.0	1666.0	1678.0
1679	1634.0	1667.0	1679.0
1680	1635.0	1668.0	1680.0
1681	1636.0	1669.0	1681.0
1682	1637.0	1670.0	1682.0
1683	1638.0	1671.0	1683.0
1684	1639.0	1672.0	1684.0
1685	1640.0	1673.0	1685.0
1686	1641.0	1674.0	1686.0
1687	1642.0	1675.0	1687.0
1688	1643.0	1676.0	1688.0
1689	1644.0	1677.0	1689.0
1690	1645.0	1678.0	1690.0
1691	1646.0	1679.0	1691.0
1692	1647.0	1680.0	1692.0
1693	1648.0	1681.0	1693.0
1694	1649.0	1682.0	1694.0
1695	1650.0	1683.0	1695.0
1696	1651.0	1684.0	1696.0
1697	1652.0	1685.0	1697.0
1698	1653.0	1686.0	1698.0
1699	1654.0	1687.0	1699.0
1700	1655.0	1688.0	1700.0
1701	1656.0	1689.0	1701.0
1702	1657.0	1690.0	1702.0
1703	1658.0	1691.0	1703.0
1704	1659.0	1692.0	1704.0
1705	1660.0	1693.0	1705.0
1706	1661.0	1694.0	1706.0
1707	1662.0	1695.0	1707.0
1708	1663.0	1696.0	1708.0
1709	1664.0	1697.0	1709.0
1710	1665.0	1698.0	1710.0
1711	1666.0	1699.0	1711.0
1712	1667.0	1700.0	1712.0
1713	1668.0	1701.0	1713.0
1714	1669.0	1702.0	1714.0
1715	1670.0	1703.0	1715.0
1716	1671.0	1704.0	1716.0
1717	1672.0	1705.0	1717.0
1718	1673.0	1706.0	1718.0
1719	1674.0	1707.0	1719.0
1720	1675.0	1708.0	1720.0
1721	1676.0	1709.0	1721.0
1722	1677.0	1710.0	1722.0
1723	1678.0	1711.0	1723.0
1724	1679.0	1712.0	1724.0
1725	1680.0	1713.0	1725.0
1726	1681.0	1714.0	1726.0
1727	1682.0	1715.0	1727.0
1728	1683.0	1716.0	1728.0
1729	1684.0	1717.0	1729.0
1730	1685.0	1718.0	1730.0
1731	1686.0	1719.0	1731.0
1732	1687.0	1720.0	1732.0
1733	1688.0	1721.0	1733.0
1734	1689.0	1722.0	1734.0
1735	1690.0	1723.0	1735.0
1736	1691.0	1724.0	1736.0
1737	1692.0	1725.0	1737.0
1738	1693.0	1726.0	1738.0
1739	1694.0	1727.0	1739.0
1740	1695.0	1728.0	1740.0
1741	1696.0	1729.0	1741.0
1742	1697.0	1730.0	1742.0
1743	1698.0	1731.0	1743.0
1744	1699.0	1732.0	1744.0
1745	1700.0	1733.0	1745.0
1746	1701.0	1734.0	1746.0
1747	1702.0	1735.0	1747.0
1748	1703.0	1736.0	1748.0
1749	1704.0	1737.0	1749.0
1750	1705.0	1738.0	1750.0
1751	1706.0	1739.0	1751.0
1752	1707.0	1740.0	1752.0
1753	1708.0	1741.0	1753.0
1754	1709.0	1742.0	1754.0
1755	1710.0	1743.0	1755.0
1756	1711.0	1744.0	1756.0
1757	1712.0	1745.0	1757.0
1758	1713.0	1746.0	1758.0
1759	1714.0	1747.0	1759.0
1760	1715.0	1748.0	1760.0
1761	1716.0	1749.0	1761.0
1762	1717.0	1750.0	1762.0
1763	1718.0	1751.0	1763.0
1764	1719.0	1752.0	1764.0
1765	1720.0	1753.0	1765.0
1766	1721.0	1754.0	1766.0
1767	1722.0	1755.0	1767.0
1768	1723.0	1756.0	1768.0
1769	1724.0	1757.0	1769.0
1770	1725.0	1758.0	1770.0
1771	1726.0	1759.0	1771.0
1772	1727.0	1760.0	1772.0
1773	1728.0	1761.0	1773.0
1774	1729.0	1762.0	1774.0
1775	1730.0	1763.0	1775.0
1776	1731.0	1764.0	1776.0
1777	1732.0	1765.0	1777.0
1778	1733.0	1766.0	1778.0
1779	1734.0	1767.0	1779.0
1780	1735.0	1768.0	1780.0
1781	1736.0	1769.0	1781.0
1782	1737.0	1770.0	1782.0
1783	1738.0	1771.0	1783.0
1784	1739.0	1772.0	1784.0
1785	1740.0	1773.0	1785.0
1786	1741.0	1774.0	1786.0
1787	1742.0	1775.0	1787.0
1788	1743.0	1776.0	1788.0
1789	1744.0	1777.0	1789.0
1790	1745.0	1778.0	1790.0
1791	1746.0	1779.0	1791.0
1792	1747.0	1780.0	1792.0
1793	1748.0	1781.0	1793.0
1794	1749.0	1782.0	1794.0
1795	1750.0	1783.0	1795.0
1796	1751.0	1784.0	1796.0
1797	1752.0	1785.0	1797.0
1798	1753.0	1786.0	1798.0
1799	1754.0	1787.0	1799.0
1800	1755.0	1788.0	1800.0
1801	1756.0	1789.0	1801.0
1802	1757.0	1790.0	1802.0
1803	1758.0	1791.0	1803.0
1804	1759.0	1792.0	1804.0
1805	1760.0	1793.0	1805.0
1806	1761.0	1794.0	1806.0
1807	1762.0	1795.0	1807.0
1808	1763.0	1796.0	1808.0
1809	1764.0	1797.0	1809.0
1810	1765.0	1798.0	1810.0
1811	1766.0	1799.0	1811.0
1812	1767.0	1800.0	1812.0
1813	1768.0	1801.0	1813.0
1814	1769.0	1802.0	1814.0
1815	1770.0	1803.0	1815.0
1816	1771.0	1804.0	1816.0
1817	1772.0	1805.0	1817.0
1818	1773.0	1806.0	1818.0
1819	1774.0	1807.0	1819.0
1820	1775.0	1808.0	1820.0
1821	1776.0	1809.0	1821.0
1822	1777.0	1810.0	1822.0
1823	1778.0	1811.0	1823.0
1824	1779.0	1812.0	1824.0
1825	1780.0	1813.0	1825.0
1826	1781.0	1814.0	1826.0
1827	1782.0	1815.0	1827.0
1828	1783.0	1816.0	1828.0
1829	1784.0	1817.0	1829.0
1830	1785.0	1818.0	1830.0
1831	1786.0	1819.0	1831.0
1832	1787.0	1820.0	1832.0
1833	1788.0	1821.0	1833.0
1834	1789.0	1822.0	1834.0
1835	1790.0	1823.0	1835.0
1836	1791.0	1824.0	1836.0
1837	1792.0	1825.0	1837.0
1838	1793.0	1826.0	1838.0
1839	1794.0	1827.0	1839.0
1840	1795.0	1828.0	1840.0
1841	1796.0	1829.0	1841.0
1842	1797.0	1830.0	1842.0
1843	1798.0	1831.0	1843.0
1844	1799.0	1832.0	1844.0
1845	1800.0	1833.0	1845.0
1846	1801.0	1834.0	1846.0
1847	1802.0	1835.0	1847.0
1848	1803.0	1836.0	1848.0
1849	1804.0	1837.0	1849.0
1850	1805.0	1838.0	1850.0
1851	1806.0	1839.0	1851.0
1852	1807.0	1840.0	1852.0
1853	1808.0	1841.0	1853.0
1854	1809.0	1842.0	1854.0
1855	1810.0	1843.0	1855.0
1856	1811.0	1844.0	1856.0
1857	1812.0	1845.0	1857.0
1858	1813.0	1846.0	1858.0
1859	1814.0	1847.0	1859.0
1860	1815.0	1848.0	1860.0
1861	1816.0	1849.0	1861.0
1862	1817.0	1850.0	1862.0
1863	1818.0	1851.0	1863.0
1864	1819.0	1852.0	1864.0
1865	1820.0	1853.0	1865.0
1866	1821.0	1854.0	1866.0
1867	1822.0	1855.0	1867.0
1868	1823.0	1856.0	1868.0
1869	1824.0	1857.0	1869.0
1870	1825.0	1858.0	1870.0
1871	1826.0	1859.0	1871.0
1872	1827.0	1860.0	1872.0
1873	1828.0	1861.0	1873.0
1874	1829.0	1862.0	1874.0
1875	1830.0	1863.0	1875.0
