NP	CY207734.1	CY121499.1	KJ942683.1
1		1.0	
2		2.0	1.0
3	1.0	3.0	2.0
4	2.0	4.0	3.0
5	3.0	5.0	4.0
6	4.0	6.0	5.0
7	5.0	7.0	6.0
8	6.0	8.0	7.0
9	7.0	9.0	8.0
10	8.0	10.0	9.0
11	9.0	11.0	10.0
12	10.0	12.0	11.0
13	11.0	13.0	12.0
14	12.0	14.0	13.0
15	13.0	15.0	14.0
16	14.0	16.0	15.0
17	15.0	17.0	16.0
18	16.0	18.0	17.0
19	17.0	19.0	18.0
20	18.0	20.0	19.0
21	19.0	21.0	20.0
22	20.0	22.0	21.0
23	21.0	23.0	22.0
24	22.0	24.0	23.0
25	23.0	25.0	24.0
26	24.0	26.0	25.0
27	25.0	27.0	26.0
28	26.0	28.0	27.0
29	27.0	29.0	28.0
30	28.0	30.0	29.0
31	29.0	31.0	30.0
32	30.0	32.0	31.0
33	31.0	33.0	32.0
34	32.0	34.0	33.0
35	33.0	35.0	34.0
36	34.0	36.0	35.0
37	35.0	37.0	36.0
38	36.0	38.0	37.0
39	37.0	39.0	38.0
40	38.0	40.0	39.0
41	39.0	41.0	40.0
42	40.0	42.0	41.0
43	41.0	43.0	42.0
44	42.0	44.0	43.0
45	43.0	45.0	44.0
46	44.0	46.0	45.0
47	45.0	47.0	46.0
48	46.0	48.0	47.0
49	47.0	49.0	48.0
50	48.0	50.0	49.0
51	49.0	51.0	50.0
52	50.0	52.0	51.0
53	51.0	53.0	52.0
54	52.0	54.0	53.0
55	53.0	55.0	54.0
56	54.0	56.0	55.0
57	55.0	57.0	56.0
58	56.0	58.0	57.0
59	57.0	59.0	58.0
60	58.0	60.0	59.0
61	59.0	61.0	60.0
62	60.0	62.0	61.0
63	61.0	63.0	62.0
64	62.0	64.0	63.0
65	63.0	65.0	64.0
66	64.0	66.0	65.0
67	65.0	67.0	66.0
68	66.0	68.0	67.0
69	67.0	69.0	68.0
70	68.0	70.0	69.0
71	69.0	71.0	70.0
72	70.0	72.0	71.0
73	71.0	73.0	72.0
74	72.0	74.0	73.0
75	73.0	75.0	74.0
76	74.0	76.0	75.0
77	75.0	77.0	76.0
78	76.0	78.0	77.0
79	77.0	79.0	78.0
80	78.0	80.0	79.0
81	79.0	81.0	80.0
82	80.0	82.0	81.0
83	81.0	83.0	82.0
84	82.0	84.0	83.0
85	83.0	85.0	84.0
86	84.0	86.0	85.0
87	85.0	87.0	86.0
88	86.0	88.0	87.0
89	87.0	89.0	88.0
90	88.0	90.0	89.0
91	89.0	91.0	90.0
92	90.0	92.0	91.0
93	91.0	93.0	92.0
94	92.0	94.0	93.0
95	93.0	95.0	94.0
96	94.0	96.0	95.0
97	95.0	97.0	96.0
98	96.0	98.0	97.0
99	97.0	99.0	98.0
100	98.0	100.0	99.0
101	99.0	101.0	100.0
102	100.0	102.0	101.0
103	101.0	103.0	102.0
104	102.0	104.0	103.0
105	103.0	105.0	104.0
106	104.0	106.0	105.0
107	105.0	107.0	106.0
108	106.0	108.0	107.0
109	107.0	109.0	108.0
110	108.0	110.0	109.0
111	109.0	111.0	110.0
112	110.0	112.0	111.0
113	111.0	113.0	112.0
114	112.0	114.0	113.0
115	113.0	115.0	114.0
116	114.0	116.0	115.0
117	115.0	117.0	116.0
118	116.0	118.0	117.0
119	117.0	119.0	118.0
120	118.0	120.0	119.0
121	119.0	121.0	120.0
122	120.0	122.0	121.0
123	121.0	123.0	122.0
124	122.0	124.0	123.0
125	123.0	125.0	124.0
126	124.0	126.0	125.0
127	125.0	127.0	126.0
128	126.0	128.0	127.0
129	127.0	129.0	128.0
130	128.0	130.0	129.0
131	129.0	131.0	130.0
132	130.0	132.0	131.0
133	131.0	133.0	132.0
134	132.0	134.0	133.0
135	133.0	135.0	134.0
136	134.0	136.0	135.0
137	135.0	137.0	136.0
138	136.0	138.0	137.0
139	137.0	139.0	138.0
140	138.0	140.0	139.0
141	139.0	141.0	140.0
142	140.0	142.0	141.0
143	141.0	143.0	142.0
144	142.0	144.0	143.0
145	143.0	145.0	144.0
146	144.0	146.0	145.0
147	145.0	147.0	146.0
148	146.0	148.0	147.0
149	147.0	149.0	148.0
150	148.0	150.0	149.0
151	149.0	151.0	150.0
152	150.0	152.0	151.0
153	151.0	153.0	152.0
154	152.0	154.0	153.0
155	153.0	155.0	154.0
156	154.0	156.0	155.0
157	155.0	157.0	156.0
158	156.0	158.0	157.0
159	157.0	159.0	158.0
160	158.0	160.0	159.0
161	159.0	161.0	160.0
162	160.0	162.0	161.0
163	161.0	163.0	162.0
164	162.0	164.0	163.0
165	163.0	165.0	164.0
166	164.0	166.0	165.0
167	165.0	167.0	166.0
168	166.0	168.0	167.0
169	167.0	169.0	168.0
170	168.0	170.0	169.0
171	169.0	171.0	170.0
172	170.0	172.0	171.0
173	171.0	173.0	172.0
174	172.0	174.0	173.0
175	173.0	175.0	174.0
176	174.0	176.0	175.0
177	175.0	177.0	176.0
178	176.0	178.0	177.0
179	177.0	179.0	178.0
180	178.0	180.0	179.0
181	179.0	181.0	180.0
182	180.0	182.0	181.0
183	181.0	183.0	182.0
184	182.0	184.0	183.0
185	183.0	185.0	184.0
186	184.0	186.0	185.0
187	185.0	187.0	186.0
188	186.0	188.0	187.0
189	187.0	189.0	188.0
190	188.0	190.0	189.0
191	189.0	191.0	190.0
192	190.0	192.0	191.0
193	191.0	193.0	192.0
194	192.0	194.0	193.0
195	193.0	195.0	194.0
196	194.0	196.0	195.0
197	195.0	197.0	196.0
198	196.0	198.0	197.0
199	197.0	199.0	198.0
200	198.0	200.0	199.0
201	199.0	201.0	200.0
202	200.0	202.0	201.0
203	201.0	203.0	202.0
204	202.0	204.0	203.0
205	203.0	205.0	204.0
206	204.0	206.0	205.0
207	205.0	207.0	206.0
208	206.0	208.0	207.0
209	207.0	209.0	208.0
210	208.0	210.0	209.0
211	209.0	211.0	210.0
212	210.0	212.0	211.0
213			212.0
214			213.0
215			214.0
216			215.0
217			216.0
218			217.0
219			218.0
220			219.0
221			220.0
222			221.0
223			222.0
224			223.0
225			224.0
226			225.0
227	211.0	213.0	226.0
228	212.0	214.0	227.0
229	213.0	215.0	228.0
230	214.0	216.0	229.0
231	215.0	217.0	230.0
232	216.0	218.0	231.0
233	217.0	219.0	232.0
234	218.0	220.0	233.0
235	219.0	221.0	234.0
236	220.0	222.0	235.0
237	221.0	223.0	236.0
238	222.0	224.0	237.0
239	223.0	225.0	238.0
240	224.0	226.0	239.0
241	225.0	227.0	240.0
242	226.0	228.0	241.0
243	227.0	229.0	242.0
244	228.0	230.0	243.0
245	229.0	231.0	244.0
246	230.0	232.0	245.0
247	231.0	233.0	246.0
248	232.0	234.0	247.0
249	233.0	235.0	248.0
250	234.0	236.0	249.0
251	235.0	237.0	250.0
252	236.0	238.0	251.0
253	237.0	239.0	252.0
254	238.0	240.0	253.0
255	239.0	241.0	254.0
256	240.0	242.0	255.0
257	241.0	243.0	256.0
258	242.0	244.0	257.0
259	243.0	245.0	258.0
260	244.0	246.0	259.0
261	245.0	247.0	260.0
262	246.0	248.0	261.0
263	247.0	249.0	262.0
264	248.0	250.0	263.0
265	249.0	251.0	264.0
266	250.0	252.0	265.0
267	251.0	253.0	266.0
268	252.0	254.0	267.0
269	253.0	255.0	268.0
270	254.0	256.0	269.0
271	255.0	257.0	270.0
272	256.0	258.0	271.0
273	257.0	259.0	272.0
274	258.0	260.0	273.0
275	259.0	261.0	274.0
276	260.0	262.0	275.0
277	261.0	263.0	276.0
278	262.0	264.0	277.0
279	263.0	265.0	278.0
280	264.0	266.0	279.0
281	265.0	267.0	280.0
282	266.0	268.0	281.0
283	267.0	269.0	282.0
284	268.0	270.0	283.0
285	269.0	271.0	284.0
286	270.0	272.0	285.0
287	271.0	273.0	286.0
288	272.0	274.0	287.0
289	273.0	275.0	288.0
290	274.0	276.0	289.0
291	275.0	277.0	290.0
292	276.0	278.0	291.0
293	277.0	279.0	292.0
294	278.0	280.0	293.0
295	279.0	281.0	294.0
296	280.0	282.0	295.0
297	281.0	283.0	296.0
298	282.0	284.0	297.0
299	283.0	285.0	298.0
300	284.0	286.0	299.0
301	285.0	287.0	300.0
302	286.0	288.0	301.0
303	287.0	289.0	302.0
304	288.0	290.0	303.0
305	289.0	291.0	304.0
306	290.0	292.0	305.0
307	291.0	293.0	306.0
308	292.0	294.0	307.0
309	293.0	295.0	308.0
310	294.0	296.0	309.0
311	295.0	297.0	310.0
312	296.0	298.0	311.0
313	297.0	299.0	312.0
314	298.0	300.0	313.0
315	299.0	301.0	314.0
316	300.0	302.0	315.0
317	301.0	303.0	316.0
318	302.0	304.0	317.0
319	303.0	305.0	318.0
320	304.0	306.0	319.0
321	305.0	307.0	320.0
322	306.0	308.0	321.0
323	307.0	309.0	322.0
324	308.0	310.0	323.0
325	309.0	311.0	324.0
326	310.0	312.0	325.0
327	311.0	313.0	326.0
328	312.0	314.0	327.0
329	313.0	315.0	328.0
330	314.0	316.0	329.0
331	315.0	317.0	330.0
332	316.0	318.0	331.0
333	317.0	319.0	332.0
334	318.0	320.0	333.0
335	319.0	321.0	334.0
336	320.0	322.0	335.0
337	321.0	323.0	336.0
338	322.0	324.0	337.0
339	323.0	325.0	338.0
340	324.0	326.0	339.0
341	325.0	327.0	340.0
342	326.0	328.0	341.0
343	327.0	329.0	342.0
344	328.0	330.0	343.0
345	329.0	331.0	344.0
346	330.0	332.0	345.0
347	331.0	333.0	346.0
348	332.0	334.0	347.0
349	333.0	335.0	348.0
350	334.0	336.0	349.0
351	335.0	337.0	350.0
352	336.0	338.0	351.0
353	337.0	339.0	352.0
354	338.0	340.0	353.0
355	339.0	341.0	354.0
356	340.0	342.0	355.0
357	341.0	343.0	356.0
358	342.0	344.0	357.0
359	343.0	345.0	358.0
360	344.0	346.0	359.0
361	345.0	347.0	360.0
362	346.0	348.0	361.0
363	347.0	349.0	362.0
364	348.0	350.0	363.0
365	349.0	351.0	364.0
366	350.0	352.0	365.0
367	351.0	353.0	366.0
368	352.0	354.0	367.0
369	353.0	355.0	368.0
370	354.0	356.0	369.0
371	355.0	357.0	370.0
372	356.0	358.0	371.0
373	357.0	359.0	372.0
374	358.0	360.0	373.0
375	359.0	361.0	374.0
376	360.0	362.0	375.0
377	361.0	363.0	376.0
378	362.0	364.0	377.0
379	363.0	365.0	378.0
380	364.0	366.0	379.0
381	365.0	367.0	380.0
382	366.0	368.0	381.0
383	367.0	369.0	382.0
384	368.0	370.0	383.0
385	369.0	371.0	384.0
386	370.0	372.0	385.0
387	371.0	373.0	386.0
388	372.0	374.0	387.0
389	373.0	375.0	388.0
390	374.0	376.0	389.0
391	375.0	377.0	390.0
392	376.0	378.0	391.0
393	377.0	379.0	392.0
394	378.0	380.0	393.0
395	379.0	381.0	394.0
396	380.0	382.0	395.0
397	381.0	383.0	396.0
398	382.0	384.0	397.0
399	383.0	385.0	398.0
400	384.0	386.0	399.0
401	385.0	387.0	400.0
402	386.0	388.0	401.0
403	387.0	389.0	402.0
404	388.0	390.0	403.0
405	389.0	391.0	404.0
406	390.0	392.0	405.0
407	391.0	393.0	406.0
408	392.0	394.0	407.0
409	393.0	395.0	408.0
410	394.0	396.0	409.0
411	395.0	397.0	410.0
412	396.0	398.0	411.0
413	397.0	399.0	412.0
414	398.0	400.0	413.0
415	399.0	401.0	414.0
416	400.0	402.0	415.0
417	401.0	403.0	416.0
418	402.0	404.0	417.0
419	403.0	405.0	418.0
420	404.0	406.0	419.0
421	405.0	407.0	420.0
422	406.0	408.0	421.0
423	407.0	409.0	422.0
424	408.0	410.0	423.0
425	409.0	411.0	424.0
426	410.0	412.0	425.0
427	411.0	413.0	426.0
428	412.0	414.0	427.0
429	413.0	415.0	428.0
430	414.0	416.0	429.0
431	415.0	417.0	430.0
432	416.0	418.0	431.0
433	417.0	419.0	432.0
434	418.0	420.0	433.0
435	419.0	421.0	434.0
436	420.0	422.0	435.0
437	421.0	423.0	436.0
438	422.0	424.0	437.0
439	423.0	425.0	438.0
440	424.0	426.0	439.0
441	425.0	427.0	440.0
442	426.0	428.0	441.0
443	427.0	429.0	442.0
444	428.0	430.0	443.0
445	429.0	431.0	444.0
446	430.0	432.0	445.0
447	431.0	433.0	446.0
448	432.0	434.0	447.0
449	433.0	435.0	448.0
450	434.0	436.0	449.0
451	435.0	437.0	450.0
452	436.0	438.0	451.0
453	437.0	439.0	452.0
454	438.0	440.0	453.0
455	439.0	441.0	454.0
456	440.0	442.0	455.0
457	441.0	443.0	456.0
458	442.0	444.0	457.0
459	443.0	445.0	458.0
460	444.0	446.0	459.0
461	445.0	447.0	460.0
462	446.0	448.0	461.0
463	447.0	449.0	462.0
464	448.0	450.0	463.0
465	449.0	451.0	464.0
466	450.0	452.0	465.0
467	451.0	453.0	466.0
468	452.0	454.0	467.0
469	453.0	455.0	468.0
470	454.0	456.0	469.0
471	455.0	457.0	470.0
472	456.0	458.0	471.0
473	457.0	459.0	472.0
474	458.0	460.0	473.0
475	459.0	461.0	474.0
476	460.0	462.0	475.0
477	461.0	463.0	476.0
478	462.0	464.0	477.0
479	463.0	465.0	478.0
480	464.0	466.0	479.0
481	465.0	467.0	480.0
482	466.0	468.0	481.0
483	467.0	469.0	482.0
484	468.0	470.0	483.0
485	469.0	471.0	484.0
486	470.0	472.0	485.0
487	471.0	473.0	486.0
488	472.0	474.0	487.0
489	473.0	475.0	488.0
490	474.0	476.0	489.0
491	475.0	477.0	490.0
492	476.0	478.0	491.0
493	477.0	479.0	492.0
494	478.0	480.0	493.0
495	479.0	481.0	494.0
496	480.0	482.0	495.0
497	481.0	483.0	496.0
498	482.0	484.0	497.0
499	483.0	485.0	498.0
500	484.0	486.0	499.0
501	485.0	487.0	500.0
502	486.0	488.0	501.0
503	487.0	489.0	502.0
504	488.0	490.0	503.0
505	489.0	491.0	504.0
506	490.0	492.0	505.0
507	491.0	493.0	506.0
508	492.0	494.0	507.0
509	493.0	495.0	508.0
510	494.0	496.0	509.0
511	495.0	497.0	510.0
512	496.0	498.0	511.0
513	497.0	499.0	512.0
514	498.0	500.0	513.0
515	499.0	501.0	514.0
516	500.0	502.0	515.0
517	501.0	503.0	516.0
518	502.0	504.0	517.0
519	503.0	505.0	518.0
520	504.0	506.0	519.0
521	505.0	507.0	520.0
522	506.0	508.0	521.0
523	507.0	509.0	522.0
524	508.0	510.0	523.0
525	509.0	511.0	524.0
526	510.0	512.0	525.0
527	511.0	513.0	526.0
528	512.0	514.0	527.0
529	513.0	515.0	528.0
530	514.0	516.0	529.0
531	515.0	517.0	530.0
532	516.0	518.0	531.0
533	517.0	519.0	532.0
534	518.0	520.0	533.0
535	519.0	521.0	534.0
536	520.0	522.0	535.0
537	521.0	523.0	536.0
538	522.0	524.0	537.0
539	523.0	525.0	538.0
540	524.0	526.0	539.0
541	525.0	527.0	540.0
542	526.0	528.0	541.0
543	527.0	529.0	542.0
544	528.0	530.0	543.0
545	529.0	531.0	544.0
546	530.0	532.0	545.0
547	531.0	533.0	546.0
548	532.0	534.0	547.0
549	533.0	535.0	548.0
550	534.0	536.0	549.0
551	535.0	537.0	550.0
552	536.0	538.0	551.0
553	537.0	539.0	552.0
554	538.0	540.0	553.0
555	539.0	541.0	554.0
556	540.0	542.0	555.0
557	541.0	543.0	556.0
558	542.0	544.0	557.0
559	543.0	545.0	558.0
560	544.0	546.0	559.0
561	545.0	547.0	560.0
562	546.0	548.0	561.0
563	547.0	549.0	562.0
564	548.0	550.0	563.0
565	549.0	551.0	564.0
566	550.0	552.0	565.0
567	551.0	553.0	566.0
568	552.0	554.0	567.0
569	553.0	555.0	568.0
570	554.0	556.0	569.0
571	555.0	557.0	570.0
572	556.0	558.0	571.0
573	557.0	559.0	572.0
574	558.0	560.0	573.0
575	559.0	561.0	574.0
576	560.0	562.0	575.0
577	561.0	563.0	576.0
578	562.0	564.0	577.0
579	563.0	565.0	578.0
580	564.0	566.0	579.0
581	565.0	567.0	580.0
582	566.0	568.0	581.0
583	567.0	569.0	582.0
584	568.0	570.0	583.0
585	569.0	571.0	584.0
586	570.0	572.0	585.0
587	571.0	573.0	586.0
588	572.0	574.0	587.0
589	573.0	575.0	588.0
590	574.0	576.0	589.0
591	575.0	577.0	590.0
592	576.0	578.0	591.0
593	577.0	579.0	592.0
594	578.0	580.0	593.0
595	579.0	581.0	594.0
596	580.0	582.0	595.0
597	581.0	583.0	596.0
598	582.0	584.0	597.0
599	583.0	585.0	598.0
600	584.0	586.0	599.0
601	585.0	587.0	600.0
602	586.0	588.0	601.0
603	587.0	589.0	602.0
604	588.0	590.0	603.0
605	589.0	591.0	604.0
606	590.0	592.0	605.0
607	591.0	593.0	606.0
608	592.0	594.0	607.0
609	593.0	595.0	608.0
610	594.0	596.0	609.0
611	595.0	597.0	610.0
612	596.0	598.0	611.0
613	597.0	599.0	612.0
614	598.0	600.0	613.0
615	599.0	601.0	614.0
616	600.0	602.0	615.0
617	601.0	603.0	616.0
618	602.0	604.0	617.0
619	603.0	605.0	618.0
620	604.0	606.0	619.0
621	605.0	607.0	620.0
622	606.0	608.0	621.0
623	607.0	609.0	622.0
624	608.0	610.0	623.0
625	609.0	611.0	624.0
626	610.0	612.0	625.0
627	611.0	613.0	626.0
628	612.0	614.0	627.0
629	613.0	615.0	628.0
630	614.0	616.0	629.0
631	615.0	617.0	630.0
632	616.0	618.0	631.0
633	617.0	619.0	632.0
634	618.0	620.0	633.0
635	619.0	621.0	634.0
636	620.0	622.0	635.0
637	621.0	623.0	636.0
638	622.0	624.0	637.0
639	623.0	625.0	638.0
640	624.0	626.0	639.0
641	625.0	627.0	640.0
642	626.0	628.0	641.0
643	627.0	629.0	642.0
644	628.0	630.0	643.0
645	629.0	631.0	644.0
646	630.0	632.0	645.0
647	631.0	633.0	646.0
648	632.0	634.0	647.0
649	633.0	635.0	648.0
650	634.0	636.0	649.0
651	635.0	637.0	650.0
652	636.0	638.0	651.0
653	637.0	639.0	652.0
654	638.0	640.0	653.0
655	639.0	641.0	654.0
656	640.0	642.0	655.0
657	641.0	643.0	656.0
658	642.0	644.0	657.0
659	643.0	645.0	658.0
660	644.0	646.0	659.0
661	645.0	647.0	660.0
662	646.0	648.0	661.0
663	647.0	649.0	662.0
664	648.0	650.0	663.0
665	649.0	651.0	664.0
666	650.0	652.0	665.0
667	651.0	653.0	666.0
668	652.0	654.0	667.0
669	653.0	655.0	668.0
670	654.0	656.0	669.0
671	655.0	657.0	670.0
672	656.0	658.0	671.0
673	657.0	659.0	672.0
674	658.0	660.0	673.0
675	659.0	661.0	674.0
676	660.0	662.0	675.0
677	661.0	663.0	676.0
678	662.0	664.0	677.0
679	663.0	665.0	678.0
680	664.0	666.0	679.0
681	665.0	667.0	680.0
682	666.0	668.0	681.0
683	667.0	669.0	682.0
684	668.0	670.0	683.0
685	669.0	671.0	684.0
686	670.0	672.0	685.0
687	671.0	673.0	686.0
688	672.0	674.0	687.0
689	673.0	675.0	688.0
690	674.0	676.0	689.0
691	675.0	677.0	690.0
692	676.0	678.0	691.0
693	677.0	679.0	692.0
694	678.0	680.0	693.0
695	679.0	681.0	694.0
696	680.0	682.0	695.0
697	681.0	683.0	696.0
698	682.0	684.0	697.0
699	683.0	685.0	698.0
700	684.0	686.0	699.0
701	685.0	687.0	700.0
702	686.0	688.0	701.0
703	687.0	689.0	702.0
704	688.0	690.0	703.0
705	689.0	691.0	704.0
706	690.0	692.0	705.0
707	691.0	693.0	706.0
708	692.0	694.0	707.0
709	693.0	695.0	708.0
710	694.0	696.0	709.0
711	695.0	697.0	710.0
712	696.0	698.0	711.0
713	697.0	699.0	712.0
714	698.0	700.0	713.0
715	699.0	701.0	714.0
716	700.0	702.0	715.0
717	701.0	703.0	716.0
718	702.0	704.0	717.0
719	703.0	705.0	718.0
720	704.0	706.0	719.0
721	705.0	707.0	720.0
722	706.0	708.0	721.0
723	707.0	709.0	722.0
724	708.0	710.0	723.0
725	709.0	711.0	724.0
726	710.0	712.0	725.0
727	711.0	713.0	726.0
728	712.0	714.0	727.0
729	713.0	715.0	728.0
730	714.0	716.0	729.0
731	715.0	717.0	730.0
732	716.0	718.0	731.0
733	717.0	719.0	732.0
734	718.0	720.0	733.0
735	719.0	721.0	734.0
736	720.0	722.0	735.0
737	721.0	723.0	736.0
738	722.0	724.0	737.0
739	723.0	725.0	738.0
740	724.0	726.0	739.0
741	725.0	727.0	740.0
742	726.0	728.0	741.0
743	727.0	729.0	742.0
744	728.0	730.0	743.0
745	729.0	731.0	744.0
746	730.0	732.0	745.0
747	731.0	733.0	746.0
748	732.0	734.0	747.0
749	733.0	735.0	748.0
750	734.0	736.0	749.0
751	735.0	737.0	750.0
752	736.0	738.0	751.0
753	737.0	739.0	752.0
754	738.0	740.0	753.0
755	739.0	741.0	754.0
756	740.0	742.0	755.0
757	741.0	743.0	756.0
758	742.0	744.0	757.0
759	743.0	745.0	758.0
760	744.0	746.0	759.0
761	745.0	747.0	760.0
762	746.0	748.0	761.0
763	747.0	749.0	762.0
764	748.0	750.0	763.0
765	749.0	751.0	764.0
766	750.0	752.0	765.0
767	751.0	753.0	766.0
768	752.0	754.0	767.0
769	753.0	755.0	768.0
770	754.0	756.0	769.0
771	755.0	757.0	770.0
772	756.0	758.0	771.0
773	757.0	759.0	772.0
774	758.0	760.0	773.0
775	759.0	761.0	774.0
776	760.0	762.0	775.0
777	761.0	763.0	776.0
778	762.0	764.0	777.0
779	763.0	765.0	778.0
780	764.0	766.0	779.0
781	765.0	767.0	780.0
782	766.0	768.0	781.0
783	767.0	769.0	782.0
784	768.0	770.0	783.0
785	769.0	771.0	784.0
786	770.0	772.0	785.0
787	771.0	773.0	786.0
788	772.0	774.0	787.0
789	773.0	775.0	788.0
790	774.0	776.0	789.0
791	775.0	777.0	790.0
792	776.0	778.0	791.0
793	777.0	779.0	792.0
794	778.0	780.0	793.0
795	779.0	781.0	794.0
796	780.0	782.0	795.0
797	781.0	783.0	796.0
798	782.0	784.0	797.0
799	783.0	785.0	798.0
800	784.0	786.0	799.0
801	785.0	787.0	800.0
802	786.0	788.0	801.0
803	787.0	789.0	802.0
804	788.0	790.0	803.0
805	789.0	791.0	804.0
806	790.0	792.0	805.0
807	791.0	793.0	806.0
808	792.0	794.0	807.0
809	793.0	795.0	808.0
810	794.0	796.0	809.0
811	795.0	797.0	810.0
812	796.0	798.0	811.0
813	797.0	799.0	812.0
814	798.0	800.0	813.0
815	799.0	801.0	814.0
816	800.0	802.0	815.0
817	801.0	803.0	816.0
818	802.0	804.0	817.0
819	803.0	805.0	818.0
820	804.0	806.0	819.0
821	805.0	807.0	820.0
822	806.0	808.0	821.0
823	807.0	809.0	822.0
824	808.0	810.0	823.0
825	809.0	811.0	824.0
826	810.0	812.0	825.0
827	811.0	813.0	826.0
828	812.0	814.0	827.0
829	813.0	815.0	828.0
830	814.0	816.0	829.0
831	815.0	817.0	830.0
832	816.0	818.0	831.0
833	817.0	819.0	832.0
834	818.0	820.0	833.0
835	819.0	821.0	834.0
836	820.0	822.0	835.0
837	821.0	823.0	836.0
838	822.0	824.0	837.0
839	823.0	825.0	838.0
840	824.0	826.0	839.0
841	825.0	827.0	840.0
842	826.0	828.0	841.0
843	827.0	829.0	842.0
844	828.0	830.0	843.0
845	829.0	831.0	844.0
846	830.0	832.0	845.0
847	831.0	833.0	846.0
848	832.0	834.0	847.0
849	833.0	835.0	848.0
850	834.0	836.0	849.0
851	835.0	837.0	850.0
852	836.0	838.0	851.0
853	837.0	839.0	852.0
854	838.0	840.0	853.0
855	839.0	841.0	854.0
856	840.0	842.0	855.0
857	841.0	843.0	856.0
858	842.0	844.0	857.0
859	843.0	845.0	858.0
860	844.0	846.0	859.0
861	845.0	847.0	860.0
862	846.0	848.0	861.0
863	847.0	849.0	862.0
864	848.0	850.0	863.0
865	849.0	851.0	864.0
866	850.0	852.0	865.0
867	851.0	853.0	866.0
868	852.0	854.0	867.0
869	853.0	855.0	868.0
870	854.0	856.0	869.0
871	855.0	857.0	870.0
872	856.0	858.0	871.0
873	857.0	859.0	872.0
874	858.0	860.0	873.0
875	859.0	861.0	874.0
876	860.0	862.0	875.0
877	861.0	863.0	876.0
878	862.0	864.0	877.0
879	863.0	865.0	878.0
880	864.0	866.0	879.0
881	865.0	867.0	880.0
882	866.0	868.0	881.0
883	867.0	869.0	882.0
884	868.0	870.0	883.0
885	869.0	871.0	884.0
886	870.0	872.0	885.0
887	871.0	873.0	886.0
888	872.0	874.0	887.0
889	873.0	875.0	888.0
890	874.0	876.0	889.0
891	875.0	877.0	890.0
892	876.0	878.0	891.0
893	877.0	879.0	892.0
894	878.0	880.0	893.0
895	879.0	881.0	894.0
896	880.0	882.0	895.0
897	881.0	883.0	896.0
898	882.0	884.0	897.0
899	883.0	885.0	898.0
900	884.0	886.0	899.0
901	885.0	887.0	900.0
902	886.0	888.0	901.0
903	887.0	889.0	902.0
904	888.0	890.0	903.0
905	889.0	891.0	904.0
906	890.0	892.0	905.0
907	891.0	893.0	906.0
908	892.0	894.0	907.0
909	893.0	895.0	908.0
910	894.0	896.0	909.0
911	895.0	897.0	910.0
912	896.0	898.0	911.0
913	897.0	899.0	912.0
914	898.0	900.0	913.0
915	899.0	901.0	914.0
916	900.0	902.0	915.0
917	901.0	903.0	916.0
918	902.0	904.0	917.0
919	903.0	905.0	918.0
920	904.0	906.0	919.0
921	905.0	907.0	920.0
922	906.0	908.0	921.0
923	907.0	909.0	922.0
924	908.0	910.0	923.0
925	909.0	911.0	924.0
926	910.0	912.0	925.0
927	911.0	913.0	926.0
928	912.0	914.0	927.0
929	913.0	915.0	928.0
930	914.0	916.0	929.0
931	915.0	917.0	930.0
932	916.0	918.0	931.0
933	917.0	919.0	932.0
934	918.0	920.0	933.0
935	919.0	921.0	934.0
936	920.0	922.0	935.0
937	921.0	923.0	936.0
938	922.0	924.0	937.0
939	923.0	925.0	938.0
940	924.0	926.0	939.0
941	925.0	927.0	940.0
942	926.0	928.0	941.0
943	927.0	929.0	942.0
944	928.0	930.0	943.0
945	929.0	931.0	944.0
946	930.0	932.0	945.0
947	931.0	933.0	946.0
948	932.0	934.0	947.0
949	933.0	935.0	948.0
950	934.0	936.0	949.0
951	935.0	937.0	950.0
952	936.0	938.0	951.0
953	937.0	939.0	952.0
954	938.0	940.0	953.0
955	939.0	941.0	954.0
956	940.0	942.0	955.0
957	941.0	943.0	956.0
958	942.0	944.0	957.0
959	943.0	945.0	958.0
960	944.0	946.0	959.0
961	945.0	947.0	960.0
962	946.0	948.0	961.0
963	947.0	949.0	962.0
964	948.0	950.0	963.0
965	949.0	951.0	964.0
966	950.0	952.0	965.0
967	951.0	953.0	966.0
968	952.0	954.0	967.0
969	953.0	955.0	968.0
970	954.0	956.0	969.0
971	955.0	957.0	970.0
972	956.0	958.0	971.0
973	957.0	959.0	972.0
974	958.0	960.0	973.0
975	959.0	961.0	974.0
976	960.0	962.0	975.0
977	961.0	963.0	976.0
978	962.0	964.0	977.0
979	963.0	965.0	978.0
980	964.0	966.0	979.0
981	965.0	967.0	980.0
982	966.0	968.0	981.0
983	967.0	969.0	982.0
984	968.0	970.0	983.0
985	969.0	971.0	984.0
986	970.0	972.0	985.0
987	971.0	973.0	986.0
988	972.0	974.0	987.0
989	973.0	975.0	988.0
990	974.0	976.0	989.0
991	975.0	977.0	990.0
992	976.0	978.0	991.0
993	977.0	979.0	992.0
994	978.0	980.0	993.0
995	979.0	981.0	994.0
996	980.0	982.0	995.0
997	981.0	983.0	996.0
998	982.0	984.0	997.0
999	983.0	985.0	998.0
1000	984.0	986.0	999.0
1001	985.0	987.0	1000.0
1002	986.0	988.0	1001.0
1003	987.0	989.0	1002.0
1004	988.0	990.0	1003.0
1005	989.0	991.0	1004.0
1006	990.0	992.0	1005.0
1007	991.0	993.0	1006.0
1008	992.0	994.0	1007.0
1009	993.0	995.0	1008.0
1010	994.0	996.0	1009.0
1011	995.0	997.0	1010.0
1012	996.0	998.0	1011.0
1013	997.0	999.0	1012.0
1014	998.0	1000.0	1013.0
1015	999.0	1001.0	1014.0
1016	1000.0	1002.0	1015.0
1017	1001.0	1003.0	1016.0
1018	1002.0	1004.0	1017.0
1019	1003.0	1005.0	1018.0
1020	1004.0	1006.0	1019.0
1021	1005.0	1007.0	1020.0
1022	1006.0	1008.0	1021.0
1023	1007.0	1009.0	1022.0
1024	1008.0	1010.0	1023.0
1025	1009.0	1011.0	1024.0
1026	1010.0	1012.0	1025.0
1027	1011.0	1013.0	1026.0
1028	1012.0	1014.0	1027.0
1029	1013.0	1015.0	1028.0
1030	1014.0	1016.0	1029.0
1031	1015.0	1017.0	1030.0
1032	1016.0	1018.0	1031.0
1033	1017.0	1019.0	1032.0
1034	1018.0	1020.0	1033.0
1035	1019.0	1021.0	1034.0
1036	1020.0	1022.0	1035.0
1037	1021.0	1023.0	1036.0
1038	1022.0	1024.0	1037.0
1039	1023.0	1025.0	1038.0
1040	1024.0	1026.0	1039.0
1041	1025.0	1027.0	1040.0
1042	1026.0	1028.0	1041.0
1043	1027.0	1029.0	1042.0
1044	1028.0	1030.0	1043.0
1045	1029.0	1031.0	1044.0
1046	1030.0	1032.0	1045.0
1047	1031.0	1033.0	1046.0
1048	1032.0	1034.0	1047.0
1049	1033.0	1035.0	1048.0
1050	1034.0	1036.0	1049.0
1051	1035.0	1037.0	1050.0
1052	1036.0	1038.0	1051.0
1053	1037.0	1039.0	1052.0
1054	1038.0	1040.0	1053.0
1055	1039.0	1041.0	1054.0
1056	1040.0	1042.0	1055.0
1057	1041.0	1043.0	1056.0
1058	1042.0	1044.0	1057.0
1059	1043.0	1045.0	1058.0
1060	1044.0	1046.0	1059.0
1061	1045.0	1047.0	1060.0
1062	1046.0	1048.0	1061.0
1063	1047.0	1049.0	1062.0
1064	1048.0	1050.0	1063.0
1065	1049.0	1051.0	1064.0
1066	1050.0	1052.0	1065.0
1067	1051.0	1053.0	1066.0
1068	1052.0	1054.0	1067.0
1069	1053.0	1055.0	1068.0
1070	1054.0	1056.0	1069.0
1071	1055.0	1057.0	1070.0
1072	1056.0	1058.0	1071.0
1073	1057.0	1059.0	1072.0
1074	1058.0	1060.0	1073.0
1075	1059.0	1061.0	1074.0
1076	1060.0	1062.0	1075.0
1077	1061.0	1063.0	1076.0
1078	1062.0	1064.0	1077.0
1079	1063.0	1065.0	1078.0
1080	1064.0	1066.0	1079.0
1081	1065.0	1067.0	1080.0
1082	1066.0	1068.0	1081.0
1083	1067.0	1069.0	1082.0
1084	1068.0	1070.0	1083.0
1085	1069.0	1071.0	1084.0
1086	1070.0	1072.0	1085.0
1087	1071.0	1073.0	1086.0
1088	1072.0	1074.0	1087.0
1089	1073.0	1075.0	1088.0
1090	1074.0	1076.0	1089.0
1091	1075.0	1077.0	1090.0
1092	1076.0	1078.0	1091.0
1093	1077.0	1079.0	1092.0
1094	1078.0	1080.0	1093.0
1095	1079.0	1081.0	1094.0
1096	1080.0	1082.0	1095.0
1097	1081.0	1083.0	1096.0
1098	1082.0	1084.0	1097.0
1099	1083.0	1085.0	1098.0
1100	1084.0	1086.0	1099.0
1101	1085.0	1087.0	1100.0
1102	1086.0	1088.0	1101.0
1103	1087.0	1089.0	1102.0
1104	1088.0	1090.0	1103.0
1105	1089.0	1091.0	1104.0
1106	1090.0	1092.0	1105.0
1107	1091.0	1093.0	1106.0
1108	1092.0	1094.0	1107.0
1109	1093.0	1095.0	1108.0
1110	1094.0	1096.0	1109.0
1111	1095.0	1097.0	1110.0
1112	1096.0	1098.0	1111.0
1113	1097.0	1099.0	1112.0
1114	1098.0	1100.0	1113.0
1115	1099.0	1101.0	1114.0
1116	1100.0	1102.0	1115.0
1117	1101.0	1103.0	1116.0
1118	1102.0	1104.0	1117.0
1119	1103.0	1105.0	1118.0
1120	1104.0	1106.0	1119.0
1121	1105.0	1107.0	1120.0
1122	1106.0	1108.0	1121.0
1123	1107.0	1109.0	1122.0
1124	1108.0	1110.0	1123.0
1125	1109.0	1111.0	1124.0
1126	1110.0	1112.0	1125.0
1127	1111.0	1113.0	1126.0
1128	1112.0	1114.0	1127.0
1129	1113.0	1115.0	1128.0
1130	1114.0	1116.0	1129.0
1131	1115.0	1117.0	1130.0
1132	1116.0	1118.0	1131.0
1133	1117.0	1119.0	1132.0
1134	1118.0	1120.0	1133.0
1135	1119.0	1121.0	1134.0
1136	1120.0	1122.0	1135.0
1137	1121.0	1123.0	1136.0
1138	1122.0	1124.0	1137.0
1139	1123.0	1125.0	1138.0
1140	1124.0	1126.0	1139.0
1141	1125.0	1127.0	1140.0
1142	1126.0	1128.0	1141.0
1143	1127.0	1129.0	1142.0
1144	1128.0	1130.0	1143.0
1145	1129.0	1131.0	1144.0
1146	1130.0	1132.0	1145.0
1147	1131.0	1133.0	1146.0
1148	1132.0	1134.0	1147.0
1149	1133.0	1135.0	1148.0
1150	1134.0	1136.0	1149.0
1151	1135.0	1137.0	1150.0
1152	1136.0	1138.0	1151.0
1153	1137.0	1139.0	1152.0
1154	1138.0	1140.0	1153.0
1155	1139.0	1141.0	1154.0
1156	1140.0	1142.0	1155.0
1157	1141.0	1143.0	1156.0
1158	1142.0	1144.0	1157.0
1159	1143.0	1145.0	1158.0
1160	1144.0	1146.0	1159.0
1161	1145.0	1147.0	1160.0
1162	1146.0	1148.0	1161.0
1163	1147.0	1149.0	1162.0
1164	1148.0	1150.0	1163.0
1165	1149.0	1151.0	1164.0
1166	1150.0	1152.0	1165.0
1167	1151.0	1153.0	1166.0
1168	1152.0	1154.0	1167.0
1169	1153.0	1155.0	1168.0
1170	1154.0	1156.0	1169.0
1171	1155.0	1157.0	1170.0
1172	1156.0	1158.0	1171.0
1173	1157.0	1159.0	1172.0
1174	1158.0	1160.0	1173.0
1175	1159.0	1161.0	1174.0
1176	1160.0	1162.0	1175.0
1177	1161.0	1163.0	1176.0
1178	1162.0	1164.0	1177.0
1179	1163.0	1165.0	1178.0
1180	1164.0	1166.0	1179.0
1181	1165.0	1167.0	1180.0
1182	1166.0	1168.0	1181.0
1183	1167.0	1169.0	1182.0
1184	1168.0	1170.0	1183.0
1185	1169.0	1171.0	1184.0
1186	1170.0	1172.0	1185.0
1187	1171.0	1173.0	1186.0
1188	1172.0	1174.0	1187.0
1189	1173.0	1175.0	1188.0
1190	1174.0	1176.0	1189.0
1191	1175.0	1177.0	1190.0
1192	1176.0	1178.0	1191.0
1193	1177.0	1179.0	1192.0
1194	1178.0	1180.0	1193.0
1195	1179.0	1181.0	1194.0
1196	1180.0	1182.0	1195.0
1197	1181.0	1183.0	1196.0
1198	1182.0	1184.0	1197.0
1199	1183.0	1185.0	1198.0
1200	1184.0	1186.0	1199.0
1201	1185.0	1187.0	1200.0
1202	1186.0	1188.0	1201.0
1203	1187.0	1189.0	1202.0
1204	1188.0	1190.0	1203.0
1205	1189.0	1191.0	1204.0
1206	1190.0	1192.0	1205.0
1207	1191.0	1193.0	1206.0
1208	1192.0	1194.0	1207.0
1209	1193.0	1195.0	1208.0
1210	1194.0	1196.0	1209.0
1211	1195.0	1197.0	1210.0
1212	1196.0	1198.0	1211.0
1213	1197.0	1199.0	1212.0
1214	1198.0	1200.0	1213.0
1215	1199.0	1201.0	1214.0
1216	1200.0	1202.0	1215.0
1217	1201.0	1203.0	1216.0
1218	1202.0	1204.0	1217.0
1219	1203.0	1205.0	1218.0
1220	1204.0	1206.0	1219.0
1221	1205.0	1207.0	1220.0
1222	1206.0	1208.0	1221.0
1223	1207.0	1209.0	1222.0
1224	1208.0	1210.0	1223.0
1225	1209.0	1211.0	1224.0
1226	1210.0	1212.0	1225.0
1227	1211.0	1213.0	1226.0
1228	1212.0	1214.0	1227.0
1229	1213.0	1215.0	1228.0
1230	1214.0	1216.0	1229.0
1231	1215.0	1217.0	1230.0
1232	1216.0	1218.0	1231.0
1233	1217.0	1219.0	1232.0
1234	1218.0	1220.0	1233.0
1235	1219.0	1221.0	1234.0
1236	1220.0	1222.0	1235.0
1237	1221.0	1223.0	1236.0
1238	1222.0	1224.0	1237.0
1239	1223.0	1225.0	1238.0
1240	1224.0	1226.0	1239.0
1241	1225.0	1227.0	1240.0
1242	1226.0	1228.0	1241.0
1243	1227.0	1229.0	1242.0
1244	1228.0	1230.0	1243.0
1245	1229.0	1231.0	1244.0
1246	1230.0	1232.0	1245.0
1247	1231.0	1233.0	1246.0
1248	1232.0	1234.0	1247.0
1249	1233.0	1235.0	1248.0
1250	1234.0	1236.0	1249.0
1251	1235.0	1237.0	1250.0
1252	1236.0	1238.0	1251.0
1253	1237.0	1239.0	1252.0
1254	1238.0	1240.0	1253.0
1255	1239.0	1241.0	1254.0
1256	1240.0	1242.0	1255.0
1257	1241.0	1243.0	1256.0
1258	1242.0	1244.0	1257.0
1259	1243.0	1245.0	1258.0
1260	1244.0	1246.0	1259.0
1261	1245.0	1247.0	1260.0
1262	1246.0	1248.0	1261.0
1263	1247.0	1249.0	1262.0
1264	1248.0	1250.0	1263.0
1265	1249.0	1251.0	1264.0
1266	1250.0	1252.0	1265.0
1267	1251.0	1253.0	1266.0
1268	1252.0	1254.0	1267.0
1269	1253.0	1255.0	1268.0
1270	1254.0	1256.0	1269.0
1271	1255.0	1257.0	1270.0
1272	1256.0	1258.0	1271.0
1273	1257.0	1259.0	1272.0
1274	1258.0	1260.0	1273.0
1275	1259.0	1261.0	1274.0
1276	1260.0	1262.0	1275.0
1277	1261.0	1263.0	1276.0
1278	1262.0	1264.0	1277.0
1279	1263.0	1265.0	1278.0
1280	1264.0	1266.0	1279.0
1281	1265.0	1267.0	1280.0
1282	1266.0	1268.0	1281.0
1283	1267.0	1269.0	1282.0
1284	1268.0	1270.0	1283.0
1285	1269.0	1271.0	1284.0
1286	1270.0	1272.0	1285.0
1287	1271.0	1273.0	1286.0
1288	1272.0	1274.0	1287.0
1289	1273.0	1275.0	1288.0
1290	1274.0	1276.0	1289.0
1291	1275.0	1277.0	1290.0
1292	1276.0	1278.0	1291.0
1293	1277.0	1279.0	1292.0
1294	1278.0	1280.0	1293.0
1295	1279.0	1281.0	1294.0
1296	1280.0	1282.0	1295.0
1297	1281.0	1283.0	1296.0
1298	1282.0	1284.0	1297.0
1299	1283.0	1285.0	1298.0
1300	1284.0	1286.0	1299.0
1301	1285.0	1287.0	1300.0
1302	1286.0	1288.0	1301.0
1303	1287.0	1289.0	1302.0
1304	1288.0	1290.0	1303.0
1305	1289.0	1291.0	1304.0
1306	1290.0	1292.0	1305.0
1307	1291.0	1293.0	1306.0
1308	1292.0	1294.0	1307.0
1309	1293.0	1295.0	1308.0
1310	1294.0	1296.0	1309.0
1311	1295.0	1297.0	1310.0
1312	1296.0	1298.0	1311.0
1313	1297.0	1299.0	1312.0
1314	1298.0	1300.0	1313.0
1315	1299.0	1301.0	1314.0
1316	1300.0	1302.0	1315.0
1317	1301.0	1303.0	1316.0
1318	1302.0	1304.0	1317.0
1319	1303.0	1305.0	1318.0
1320	1304.0	1306.0	1319.0
1321	1305.0	1307.0	1320.0
1322	1306.0	1308.0	1321.0
1323	1307.0	1309.0	1322.0
1324	1308.0	1310.0	1323.0
1325	1309.0	1311.0	1324.0
1326	1310.0	1312.0	1325.0
1327	1311.0	1313.0	1326.0
1328	1312.0	1314.0	1327.0
1329	1313.0	1315.0	1328.0
1330	1314.0	1316.0	1329.0
1331	1315.0	1317.0	1330.0
1332	1316.0	1318.0	1331.0
1333	1317.0	1319.0	1332.0
1334	1318.0	1320.0	1333.0
1335	1319.0	1321.0	1334.0
1336	1320.0	1322.0	1335.0
1337	1321.0	1323.0	1336.0
1338	1322.0	1324.0	1337.0
1339	1323.0	1325.0	1338.0
1340	1324.0	1326.0	1339.0
1341	1325.0	1327.0	1340.0
1342	1326.0	1328.0	1341.0
1343	1327.0	1329.0	1342.0
1344	1328.0	1330.0	1343.0
1345	1329.0	1331.0	1344.0
1346	1330.0	1332.0	1345.0
1347	1331.0	1333.0	1346.0
1348	1332.0	1334.0	1347.0
1349	1333.0	1335.0	1348.0
1350	1334.0	1336.0	1349.0
1351	1335.0	1337.0	1350.0
1352	1336.0	1338.0	1351.0
1353	1337.0	1339.0	1352.0
1354	1338.0	1340.0	1353.0
1355	1339.0	1341.0	1354.0
1356	1340.0	1342.0	1355.0
1357	1341.0	1343.0	1356.0
1358	1342.0	1344.0	1357.0
1359	1343.0	1345.0	1358.0
1360	1344.0	1346.0	1359.0
1361	1345.0	1347.0	1360.0
1362	1346.0	1348.0	1361.0
1363	1347.0	1349.0	1362.0
1364	1348.0	1350.0	1363.0
1365	1349.0	1351.0	1364.0
1366	1350.0	1352.0	1365.0
1367	1351.0	1353.0	1366.0
1368	1352.0	1354.0	1367.0
1369	1353.0	1355.0	1368.0
1370	1354.0	1356.0	1369.0
1371	1355.0	1357.0	1370.0
1372	1356.0	1358.0	1371.0
1373	1357.0	1359.0	1372.0
1374	1358.0	1360.0	1373.0
1375	1359.0	1361.0	1374.0
1376	1360.0	1362.0	1375.0
1377	1361.0	1363.0	1376.0
1378	1362.0	1364.0	1377.0
1379	1363.0	1365.0	1378.0
1380	1364.0	1366.0	1379.0
1381	1365.0	1367.0	1380.0
1382	1366.0	1368.0	1381.0
1383	1367.0	1369.0	1382.0
1384	1368.0	1370.0	1383.0
1385	1369.0	1371.0	1384.0
1386	1370.0	1372.0	1385.0
1387	1371.0	1373.0	1386.0
1388	1372.0	1374.0	1387.0
1389	1373.0	1375.0	1388.0
1390	1374.0	1376.0	1389.0
1391	1375.0	1377.0	1390.0
1392	1376.0	1378.0	1391.0
1393	1377.0	1379.0	1392.0
1394	1378.0	1380.0	1393.0
1395	1379.0	1381.0	1394.0
1396	1380.0	1382.0	1395.0
1397	1381.0	1383.0	1396.0
1398	1382.0	1384.0	1397.0
1399	1383.0	1385.0	1398.0
1400	1384.0	1386.0	1399.0
1401	1385.0	1387.0	1400.0
1402	1386.0	1388.0	1401.0
1403	1387.0	1389.0	1402.0
1404	1388.0	1390.0	1403.0
1405	1389.0	1391.0	1404.0
1406	1390.0	1392.0	1405.0
1407	1391.0	1393.0	1406.0
1408	1392.0	1394.0	1407.0
1409	1393.0	1395.0	1408.0
1410	1394.0	1396.0	1409.0
1411	1395.0	1397.0	1410.0
1412	1396.0	1398.0	1411.0
1413	1397.0	1399.0	1412.0
1414	1398.0	1400.0	1413.0
1415	1399.0	1401.0	1414.0
1416	1400.0	1402.0	1415.0
1417	1401.0	1403.0	1416.0
1418	1402.0	1404.0	1417.0
1419	1403.0	1405.0	1418.0
1420	1404.0	1406.0	1419.0
1421	1405.0	1407.0	1420.0
1422	1406.0	1408.0	1421.0
1423	1407.0	1409.0	1422.0
1424	1408.0	1410.0	1423.0
1425	1409.0	1411.0	1424.0
1426	1410.0	1412.0	1425.0
1427	1411.0	1413.0	1426.0
1428	1412.0	1414.0	1427.0
1429	1413.0	1415.0	1428.0
1430	1414.0	1416.0	1429.0
1431	1415.0	1417.0	1430.0
1432	1416.0	1418.0	1431.0
1433	1417.0	1419.0	1432.0
1434	1418.0	1420.0	1433.0
1435	1419.0	1421.0	1434.0
1436	1420.0	1422.0	1435.0
1437	1421.0	1423.0	1436.0
1438	1422.0	1424.0	1437.0
1439	1423.0	1425.0	1438.0
1440	1424.0	1426.0	1439.0
1441	1425.0	1427.0	1440.0
1442	1426.0	1428.0	1441.0
1443	1427.0	1429.0	1442.0
1444	1428.0	1430.0	1443.0
1445	1429.0	1431.0	1444.0
1446	1430.0	1432.0	1445.0
1447	1431.0	1433.0	1446.0
1448	1432.0	1434.0	1447.0
1449	1433.0	1435.0	1448.0
1450	1434.0	1436.0	1449.0
1451	1435.0	1437.0	1450.0
1452	1436.0	1438.0	1451.0
1453	1437.0	1439.0	1452.0
1454	1438.0	1440.0	1453.0
1455	1439.0	1441.0	1454.0
1456	1440.0	1442.0	1455.0
1457	1441.0	1443.0	1456.0
1458	1442.0	1444.0	1457.0
1459	1443.0	1445.0	1458.0
1460	1444.0	1446.0	1459.0
1461	1445.0	1447.0	1460.0
1462	1446.0	1448.0	1461.0
1463	1447.0	1449.0	1462.0
1464	1448.0	1450.0	1463.0
1465	1449.0	1451.0	1464.0
1466	1450.0	1452.0	1465.0
1467	1451.0	1453.0	1466.0
1468	1452.0	1454.0	1467.0
1469	1453.0	1455.0	1468.0
1470	1454.0	1456.0	1469.0
1471	1455.0	1457.0	1470.0
1472	1456.0	1458.0	1471.0
1473	1457.0	1459.0	1472.0
1474	1458.0	1460.0	1473.0
1475	1459.0	1461.0	1474.0
1476	1460.0	1462.0	1475.0
1477	1461.0	1463.0	1476.0
1478	1462.0	1464.0	1477.0
1479	1463.0	1465.0	1478.0
1480	1464.0	1466.0	1479.0
1481	1465.0	1467.0	1480.0
1482	1466.0	1468.0	1481.0
1483	1467.0	1469.0	1482.0
1484	1468.0	1470.0	1483.0
1485	1469.0	1471.0	1484.0
1486	1470.0	1472.0	1485.0
1487	1471.0	1473.0	1486.0
1488	1472.0	1474.0	1487.0
1489	1473.0	1475.0	1488.0
1490	1474.0	1476.0	1489.0
1491	1475.0	1477.0	1490.0
1492	1476.0	1478.0	1491.0
1493	1477.0	1479.0	1492.0
1494	1478.0	1480.0	1493.0
1495	1479.0	1481.0	1494.0
1496	1480.0	1482.0	1495.0
1497	1481.0	1483.0	1496.0
1498	1482.0	1484.0	1497.0
1499	1483.0	1485.0	1498.0
1500	1484.0	1486.0	1499.0
1501	1485.0	1487.0	1500.0
1502	1486.0	1488.0	1501.0
1503	1487.0	1489.0	1502.0
1504	1488.0	1490.0	1503.0
1505	1489.0	1491.0	1504.0
1506	1490.0	1492.0	1505.0
1507	1491.0	1493.0	1506.0
1508	1492.0	1494.0	1507.0
1509	1493.0	1495.0	1508.0
1510	1494.0	1496.0	1509.0
1511	1495.0	1497.0	1510.0
1512	1496.0	1498.0	1511.0
1513	1497.0	1499.0	1512.0
1514	1498.0	1500.0	1513.0
1515	1499.0	1501.0	1514.0
1516	1500.0	1502.0	1515.0
1517	1501.0	1503.0	1516.0
1518	1502.0	1504.0	1517.0
1519	1503.0	1505.0	1518.0
1520	1504.0	1506.0	1519.0
1521	1505.0	1507.0	1520.0
1522	1506.0	1508.0	1521.0
1523	1507.0	1509.0	1522.0
1524	1508.0	1510.0	1523.0
1525	1509.0	1511.0	1524.0
1526	1510.0	1512.0	1525.0
1527	1511.0	1513.0	1526.0
1528	1512.0	1514.0	1527.0
1529	1513.0	1515.0	1528.0
1530	1514.0	1516.0	1529.0
1531	1515.0	1517.0	1530.0
1532	1516.0	1518.0	1531.0
1533	1517.0	1519.0	1532.0
1534	1518.0	1520.0	1533.0
1535	1519.0	1521.0	1534.0
1536	1520.0	1522.0	1535.0
1537	1521.0	1523.0	1536.0
1538	1522.0	1524.0	1537.0
1539	1523.0	1525.0	1538.0
1540	1524.0	1526.0	1539.0
1541	1525.0	1527.0	1540.0
1542	1526.0	1528.0	1541.0
1543	1527.0	1529.0	1542.0
1544	1528.0	1530.0	1543.0
1545	1529.0	1531.0	1544.0
1546	1530.0	1532.0	1545.0
1547	1531.0	1533.0	1546.0
1548	1532.0	1534.0	1547.0
1549	1533.0	1535.0	1548.0
1550	1534.0	1536.0	1549.0
1551	1535.0	1537.0	1550.0
1552	1536.0	1538.0	1551.0
1553	1537.0	1539.0	1552.0
1554	1538.0	1540.0	1553.0
1555	1539.0	1541.0	1554.0
1556	1540.0	1542.0	1555.0
1557	1541.0	1543.0	1556.0
1558	1542.0	1544.0	1557.0
1559	1543.0	1545.0	1558.0
1560	1544.0	1546.0	1559.0
1561	1545.0	1547.0	1560.0
1562	1546.0	1548.0	1561.0
1563	1547.0	1549.0	1562.0
1564	1548.0	1550.0	1563.0
1565	1549.0	1551.0	1564.0
1566	1550.0	1552.0	1565.0
1567	1551.0	1553.0	1566.0
1568	1552.0	1554.0	1567.0
1569	1553.0	1555.0	1568.0
1570	1554.0	1556.0	1569.0
1571	1555.0	1557.0	1570.0
1572	1556.0	1558.0	1571.0
1573	1557.0	1559.0	1572.0
1574	1558.0	1560.0	1573.0
1575	1559.0	1561.0	1574.0
1576	1560.0	1562.0	1575.0
1577	1561.0	1563.0	1576.0
1578	1562.0	1564.0	1577.0
1579	1563.0	1565.0	1578.0
1580	1564.0	1566.0	1579.0
1581	1565.0	1567.0	1580.0
1582	1566.0	1568.0	1581.0
1583	1567.0	1569.0	1582.0
1584	1568.0	1570.0	1583.0
1585	1569.0	1571.0	1584.0
1586	1570.0	1572.0	1585.0
1587	1571.0	1573.0	1586.0
1588	1572.0	1574.0	1587.0
1589	1573.0	1575.0	1588.0
1590	1574.0	1576.0	1589.0
1591	1575.0	1577.0	1590.0
1592	1576.0	1578.0	1591.0
1593	1577.0	1579.0	1592.0
1594	1578.0	1580.0	1593.0
1595	1579.0	1581.0	1594.0
1596	1580.0	1582.0	1595.0
1597	1581.0	1583.0	1596.0
1598	1582.0	1584.0	1597.0
1599	1583.0	1585.0	1598.0
1600	1584.0	1586.0	1599.0
1601	1585.0	1587.0	1600.0
1602	1586.0	1588.0	1601.0
1603	1587.0	1589.0	1602.0
1604	1588.0	1590.0	1603.0
1605	1589.0	1591.0	1604.0
1606	1590.0	1592.0	1605.0
1607	1591.0	1593.0	1606.0
1608	1592.0	1594.0	1607.0
1609	1593.0	1595.0	1608.0
1610	1594.0	1596.0	1609.0
1611	1595.0	1597.0	1610.0
1612	1596.0	1598.0	1611.0
1613	1597.0	1599.0	1612.0
1614	1598.0	1600.0	1613.0
1615	1599.0	1601.0	1614.0
1616	1600.0	1602.0	1615.0
1617	1601.0	1603.0	1616.0
1618	1602.0	1604.0	1617.0
1619	1603.0	1605.0	1618.0
1620	1604.0	1606.0	1619.0
1621	1605.0	1607.0	1620.0
1622	1606.0	1608.0	1621.0
1623	1607.0	1609.0	1622.0
1624	1608.0	1610.0	1623.0
1625	1609.0	1611.0	1624.0
1626	1610.0	1612.0	1625.0
1627	1611.0	1613.0	1626.0
1628	1612.0	1614.0	1627.0
1629	1613.0	1615.0	1628.0
1630	1614.0	1616.0	1629.0
1631	1615.0	1617.0	1630.0
1632	1616.0	1618.0	1631.0
1633	1617.0	1619.0	1632.0
1634	1618.0	1620.0	1633.0
1635	1619.0	1621.0	1634.0
1636	1620.0	1622.0	1635.0
1637	1621.0	1623.0	1636.0
1638	1622.0	1624.0	1637.0
1639	1623.0	1625.0	1638.0
1640	1624.0	1626.0	1639.0
1641	1625.0	1627.0	1640.0
1642	1626.0	1628.0	1641.0
1643	1627.0	1629.0	1642.0
1644	1628.0	1630.0	1643.0
1645	1629.0	1631.0	1644.0
1646	1630.0	1632.0	1645.0
1647	1631.0	1633.0	1646.0
1648	1632.0	1634.0	1647.0
1649	1633.0	1635.0	1648.0
1650	1634.0	1636.0	1649.0
1651	1635.0	1637.0	1650.0
1652	1636.0	1638.0	1651.0
1653	1637.0	1639.0	1652.0
1654	1638.0	1640.0	1653.0
1655	1639.0	1641.0	1654.0
1656	1640.0	1642.0	1655.0
1657	1641.0	1643.0	1656.0
1658	1642.0	1644.0	1657.0
1659	1643.0	1645.0	1658.0
1660	1644.0	1646.0	1659.0
1661	1645.0	1647.0	1660.0
1662	1646.0	1648.0	1661.0
1663	1647.0	1649.0	1662.0
1664	1648.0	1650.0	1663.0
1665	1649.0	1651.0	1664.0
1666	1650.0	1652.0	1665.0
1667	1651.0	1653.0	1666.0
1668	1652.0	1654.0	1667.0
1669	1653.0	1655.0	1668.0
1670	1654.0	1656.0	1669.0
1671	1655.0	1657.0	1670.0
1672	1656.0	1658.0	1671.0
1673	1657.0	1659.0	1672.0
1674	1658.0	1660.0	1673.0
1675	1659.0	1661.0	1674.0
1676	1660.0	1662.0	1675.0
1677	1661.0	1663.0	1676.0
1678	1662.0	1664.0	1677.0
1679	1663.0	1665.0	1678.0
1680	1664.0	1666.0	1679.0
1681	1665.0	1667.0	1680.0
1682	1666.0	1668.0	1681.0
1683	1667.0	1669.0	1682.0
1684	1668.0	1670.0	1683.0
1685	1669.0	1671.0	1684.0
1686	1670.0	1672.0	1685.0
1687	1671.0	1673.0	1686.0
1688	1672.0	1674.0	1687.0
1689	1673.0	1675.0	1688.0
1690	1674.0	1676.0	1689.0
1691	1675.0	1677.0	1690.0
1692	1676.0	1678.0	1691.0
1693	1677.0	1679.0	1692.0
1694	1678.0	1680.0	1693.0
1695	1679.0	1681.0	1694.0
1696	1680.0	1682.0	1695.0
1697	1681.0	1683.0	1696.0
1698	1682.0	1684.0	1697.0
1699	1683.0	1685.0	1698.0
1700	1684.0	1686.0	1699.0
1701	1685.0	1687.0	1700.0
1702	1686.0	1688.0	1701.0
1703	1687.0	1689.0	1702.0
1704	1688.0	1690.0	1703.0
1705	1689.0	1691.0	1704.0
1706	1690.0	1692.0	1705.0
1707	1691.0	1693.0	1706.0
1708	1692.0	1694.0	1707.0
1709	1693.0	1695.0	1708.0
1710	1694.0	1696.0	1709.0
1711	1695.0	1697.0	1710.0
1712	1696.0	1698.0	1711.0
1713	1697.0	1699.0	1712.0
1714	1698.0	1700.0	1713.0
1715	1699.0	1701.0	1714.0
1716	1700.0	1702.0	1715.0
1717	1701.0	1703.0	1716.0
1718	1702.0	1704.0	1717.0
1719	1703.0	1705.0	1718.0
1720	1704.0	1706.0	1719.0
1721	1705.0	1707.0	1720.0
1722	1706.0	1708.0	1721.0
1723	1707.0	1709.0	1722.0
1724	1708.0	1710.0	1723.0
1725	1709.0	1711.0	1724.0
1726	1710.0	1712.0	1725.0
1727	1711.0	1713.0	1726.0
1728	1712.0	1714.0	1727.0
1729	1713.0	1715.0	1728.0
1730	1714.0	1716.0	1729.0
1731	1715.0	1717.0	1730.0
1732	1716.0	1718.0	1731.0
1733	1717.0	1719.0	1732.0
1734	1718.0	1720.0	1733.0
1735	1719.0	1721.0	1734.0
1736	1720.0	1722.0	1735.0
1737	1721.0	1723.0	1736.0
1738	1722.0	1724.0	1737.0
1739	1723.0	1725.0	1738.0
1740	1724.0	1726.0	1739.0
1741	1725.0	1727.0	1740.0
1742	1726.0	1728.0	1741.0
1743	1727.0	1729.0	1742.0
1744	1728.0	1730.0	1743.0
1745	1729.0	1731.0	1744.0
1746	1730.0	1732.0	1745.0
1747	1731.0	1733.0	1746.0
1748	1732.0	1734.0	1747.0
1749	1733.0	1735.0	1748.0
1750	1734.0	1736.0	1749.0
1751	1735.0	1737.0	1750.0
1752	1736.0	1738.0	1751.0
1753	1737.0	1739.0	1752.0
1754	1738.0	1740.0	1753.0
1755	1739.0	1741.0	1754.0
1756	1740.0	1742.0	1755.0
1757	1741.0	1743.0	1756.0
1758	1742.0	1744.0	1757.0
1759	1743.0	1745.0	1758.0
1760	1744.0	1746.0	1759.0
1761			1760.0
1762	1745.0	1747.0	1761.0
1763	1746.0	1748.0	1762.0
1764	1747.0	1749.0	1763.0
1765	1748.0	1750.0	1764.0
1766	1749.0	1751.0	1765.0
1767	1750.0	1752.0	1766.0
1768	1751.0	1753.0	1767.0
1769	1752.0	1754.0	1768.0
1770	1753.0	1755.0	1769.0
1771	1754.0	1756.0	1770.0
1772	1755.0	1757.0	1771.0
1773	1756.0	1758.0	1772.0
1774	1757.0	1759.0	1773.0
1775	1758.0	1760.0	1774.0
1776	1759.0	1761.0	1775.0
1777	1760.0	1762.0	1776.0
1778	1761.0	1763.0	1777.0
1779	1762.0	1764.0	1778.0
1780	1763.0	1765.0	1779.0
1781	1764.0	1766.0	1780.0
1782	1765.0	1767.0	1781.0
1783	1766.0	1768.0	1782.0
1784	1767.0	1769.0	1783.0
1785	1768.0	1770.0	1784.0
1786	1769.0	1771.0	1785.0
1787	1770.0	1772.0	1786.0
1788	1771.0	1773.0	1787.0
1789	1772.0	1774.0	1788.0
1790	1773.0	1775.0	1789.0
1791	1774.0	1776.0	1790.0
1792	1775.0	1777.0	1791.0
1793	1776.0	1778.0	1792.0
1794	1777.0	1779.0	1793.0
1795	1778.0	1780.0	1794.0
1796	1779.0	1781.0	1795.0
1797	1780.0	1782.0	1796.0
1798	1781.0	1783.0	1797.0
1799	1782.0	1784.0	1798.0
1800	1783.0	1785.0	1799.0
1801	1784.0	1786.0	1800.0
1802	1785.0	1787.0	1801.0
1803	1786.0	1788.0	1802.0
1804	1787.0	1789.0	1803.0
1805	1788.0	1790.0	1804.0
1806	1789.0	1791.0	1805.0
1807	1790.0	1792.0	1806.0
1808	1791.0	1793.0	1807.0
1809	1792.0	1794.0	1808.0
1810	1793.0	1795.0	1809.0
1811	1794.0	1796.0	1810.0
1812	1795.0	1797.0	1811.0
1813	1796.0	1798.0	1812.0
1814	1797.0	1799.0	1813.0
1815	1798.0	1800.0	1814.0
1816	1799.0	1801.0	1815.0
1817	1800.0	1802.0	1816.0
1818	1801.0	1803.0	1817.0
1819	1802.0	1804.0	1818.0
1820	1803.0	1805.0	1819.0
1821	1804.0	1806.0	1820.0
1822	1805.0	1807.0	1821.0
1823	1806.0	1808.0	1822.0
1824	1807.0	1809.0	1823.0
1825	1808.0	1810.0	1824.0
1826	1809.0	1811.0	1825.0
1827	1810.0	1812.0	1826.0
1828	1811.0	1813.0	1827.0
1829	1812.0	1814.0	1828.0
1830	1813.0	1815.0	1829.0
1831	1814.0	1816.0	1830.0
1832	1815.0	1817.0	1831.0
1833	1816.0	1818.0	1832.0
1834	1817.0	1819.0	1833.0
1835	1818.0	1820.0	1834.0
1836	1819.0	1821.0	1835.0
1837	1820.0	1822.0	1836.0
1838	1821.0	1823.0	1837.0
1839	1822.0	1824.0	1838.0
1840	1823.0	1825.0	1839.0
1841	1824.0	1826.0	1840.0
1842	1825.0	1827.0	1841.0
1843	1826.0	1828.0	1842.0
1844	1827.0	1829.0	1843.0
1845	1828.0	1830.0	1844.0
1846	1829.0	1831.0	1845.0
1847	1830.0	1832.0	1846.0
1848	1831.0	1833.0	1847.0
1849	1832.0	1834.0	1848.0
1850	1833.0	1835.0	1849.0
1851	1834.0	1836.0	1850.0
1852	1835.0	1837.0	1851.0
1853	1836.0	1838.0	1852.0
1854	1837.0	1839.0	1853.0
1855	1838.0	1840.0	1854.0
1856	1839.0	1841.0	1855.0
1857	1840.0	1842.0	1856.0
1858	1841.0	1843.0	1857.0
1859	1842.0	1844.0	1858.0
1860	1843.0	1845.0	1859.0
1861	1844.0	1846.0	1860.0
1862	1845.0	1847.0	1861.0
1863	1846.0	1848.0	1862.0
1864	1847.0	1849.0	1863.0
1865	1848.0	1850.0	1864.0
1866	1849.0	1851.0	1865.0
1867	1850.0	1852.0	1866.0
1868	1851.0	1853.0	1867.0
1869	1852.0	1854.0	1868.0
1870	1853.0	1855.0	1869.0
1871	1854.0	1856.0	1870.0
1872	1855.0	1857.0	1871.0
1873	1856.0	1858.0	1872.0
1874	1857.0	1859.0	1873.0
1875	1858.0	1860.0	1874.0
1876	1859.0	1861.0	1875.0
1877	1860.0	1862.0	1876.0
1878	1861.0	1863.0	1877.0
1879	1862.0	1864.0	1878.0
1880	1863.0	1865.0	1879.0
1881	1864.0	1866.0	1880.0
1882	1865.0	1867.0	1881.0
1883	1866.0	1868.0	1882.0
1884	1867.0	1869.0	1883.0
1885	1868.0	1870.0	1884.0
1886	1869.0	1871.0	1885.0
1887	1870.0	1872.0	1886.0
1888	1871.0	1873.0	1887.0
1889	1872.0	1874.0	1888.0
1890	1873.0	1875.0	1889.0
1891	1874.0	1876.0	1890.0
1892	1875.0	1877.0	1891.0
1893	1876.0	1878.0	1892.0
1894	1877.0	1879.0	1893.0
1895	1878.0	1880.0	1894.0
1896	1879.0	1881.0	1895.0
1897	1880.0	1882.0	1896.0
1898	1881.0	1883.0	1897.0
1899	1882.0	1884.0	1898.0
1900	1883.0	1885.0	1899.0
1901	1884.0	1886.0	1900.0
1902	1885.0	1887.0	1901.0
1903	1886.0	1888.0	1902.0
1904	1887.0	1889.0	1903.0
1905	1888.0	1890.0	1904.0
1906	1889.0	1891.0	1905.0
1907	1890.0	1892.0	1906.0
1908	1891.0	1893.0	1907.0
1909	1892.0	1894.0	1908.0
1910	1893.0	1895.0	1909.0
1911	1894.0	1896.0	1910.0
1912	1895.0	1897.0	1911.0
1913	1896.0	1898.0	1912.0
1914	1897.0	1899.0	1913.0
1915	1898.0	1900.0	1914.0
1916	1899.0	1901.0	1915.0
1917	1900.0	1902.0	1916.0
1918	1901.0	1903.0	1917.0
1919	1902.0	1904.0	1918.0
1920	1903.0	1905.0	1919.0
1921	1904.0	1906.0	1920.0
1922	1905.0	1907.0	1921.0
1923	1906.0	1908.0	1922.0
1924	1907.0	1909.0	1923.0
1925	1908.0	1910.0	1924.0
1926	1909.0	1911.0	1925.0
1927	1910.0	1912.0	1926.0
1928	1911.0	1913.0	1927.0
1929	1912.0	1914.0	1928.0
1930	1913.0	1915.0	1929.0
1931	1914.0	1916.0	1930.0
1932	1915.0	1917.0	1931.0
1933	1916.0	1918.0	1932.0
1934	1917.0	1919.0	1933.0
1935	1918.0	1920.0	1934.0
1936	1919.0	1921.0	1935.0
1937	1920.0	1922.0	1936.0
1938	1921.0	1923.0	1937.0
1939	1922.0	1924.0	1938.0
1940	1923.0	1925.0	1939.0
1941	1924.0	1926.0	1940.0
1942	1925.0	1927.0	1941.0
1943	1926.0	1928.0	1942.0
1944	1927.0	1929.0	1943.0
1945	1928.0	1930.0	1944.0
1946	1929.0	1931.0	1945.0
1947	1930.0	1932.0	1946.0
1948	1931.0	1933.0	1947.0
1949	1932.0	1934.0	1948.0
1950	1933.0	1935.0	1949.0
1951	1934.0	1936.0	1950.0
1952	1935.0	1937.0	1951.0
1953	1936.0	1938.0	1952.0
1954	1937.0	1939.0	1953.0
1955	1938.0	1940.0	1954.0
1956	1939.0	1941.0	1955.0
1957	1940.0	1942.0	1956.0
1958	1941.0	1943.0	1957.0
1959	1942.0	1944.0	1958.0
1960	1943.0	1945.0	1959.0
1961	1944.0	1946.0	1960.0
1962	1945.0	1947.0	1961.0
1963	1946.0	1948.0	1962.0
1964	1947.0	1949.0	1963.0
1965	1948.0	1950.0	1964.0
1966	1949.0	1951.0	1965.0
1967	1950.0	1952.0	1966.0
1968	1951.0	1953.0	1967.0
1969	1952.0	1954.0	1968.0
1970	1953.0	1955.0	1969.0
1971	1954.0	1956.0	1970.0
1972	1955.0	1957.0	1971.0
1973	1956.0	1958.0	1972.0
1974	1957.0	1959.0	1973.0
1975	1958.0	1960.0	1974.0
1976		1961.0	1975.0
1977			1976.0
