PB1	CY207737.1	CY121502.1	KJ942686.1
1			1.0
2			2.0
3			3.0
4			4.0
5		1.0	5.0
6		2.0	6.0
7		3.0	7.0
8		4.0	8.0
9		5.0	9.0
10	1.0	6.0	10.0
11	2.0	7.0	11.0
12	3.0	8.0	12.0
13	4.0	9.0	13.0
14	5.0	10.0	14.0
15	6.0	11.0	15.0
16	7.0	12.0	16.0
17	8.0	13.0	17.0
18	9.0	14.0	18.0
19	10.0	15.0	19.0
20	11.0	16.0	20.0
21	12.0	17.0	21.0
22	13.0	18.0	22.0
23	14.0	19.0	23.0
24	15.0	20.0	24.0
25	16.0	21.0	25.0
26	17.0	22.0	26.0
27	18.0	23.0	27.0
28	19.0	24.0	28.0
29	20.0	25.0	29.0
30	21.0	26.0	30.0
31	22.0	27.0	31.0
32	23.0	28.0	32.0
33	24.0	29.0	33.0
34	25.0	30.0	34.0
35	26.0	31.0	35.0
36	27.0	32.0	36.0
37	28.0	33.0	37.0
38	29.0	34.0	38.0
39	30.0	35.0	39.0
40	31.0	36.0	40.0
41	32.0	37.0	41.0
42	33.0	38.0	42.0
43	34.0	39.0	43.0
44	35.0	40.0	44.0
45	36.0	41.0	45.0
46	37.0	42.0	46.0
47	38.0	43.0	47.0
48	39.0	44.0	48.0
49	40.0	45.0	49.0
50	41.0	46.0	50.0
51	42.0	47.0	51.0
52	43.0	48.0	52.0
53	44.0	49.0	53.0
54	45.0	50.0	54.0
55	46.0	51.0	55.0
56	47.0	52.0	56.0
57	48.0	53.0	57.0
58	49.0	54.0	58.0
59	50.0	55.0	59.0
60	51.0	56.0	60.0
61	52.0	57.0	61.0
62	53.0	58.0	62.0
63	54.0	59.0	63.0
64	55.0	60.0	64.0
65	56.0	61.0	65.0
66	57.0	62.0	66.0
67	58.0	63.0	67.0
68	59.0	64.0	68.0
69	60.0	65.0	69.0
70	61.0	66.0	70.0
71	62.0	67.0	71.0
72	63.0	68.0	72.0
73	64.0	69.0	73.0
74	65.0	70.0	74.0
75	66.0	71.0	75.0
76	67.0	72.0	76.0
77	68.0	73.0	77.0
78	69.0	74.0	78.0
79	70.0	75.0	79.0
80	71.0	76.0	80.0
81	72.0	77.0	81.0
82	73.0	78.0	82.0
83	74.0	79.0	83.0
84	75.0	80.0	84.0
85	76.0	81.0	85.0
86	77.0	82.0	86.0
87	78.0	83.0	87.0
88	79.0	84.0	88.0
89	80.0	85.0	89.0
90	81.0	86.0	90.0
91	82.0	87.0	91.0
92	83.0	88.0	92.0
93	84.0	89.0	93.0
94	85.0	90.0	94.0
95	86.0	91.0	95.0
96	87.0	92.0	96.0
97	88.0	93.0	97.0
98	89.0	94.0	98.0
99	90.0	95.0	99.0
100	91.0	96.0	100.0
101	92.0	97.0	101.0
102	93.0	98.0	102.0
103	94.0	99.0	103.0
104	95.0	100.0	104.0
105	96.0	101.0	105.0
106	97.0	102.0	106.0
107	98.0	103.0	107.0
108	99.0	104.0	108.0
109	100.0	105.0	109.0
110	101.0	106.0	110.0
111	102.0	107.0	111.0
112	103.0	108.0	112.0
113	104.0	109.0	113.0
114	105.0	110.0	114.0
115	106.0	111.0	115.0
116	107.0	112.0	116.0
117	108.0	113.0	117.0
118	109.0	114.0	118.0
119	110.0	115.0	119.0
120	111.0	116.0	120.0
121	112.0	117.0	121.0
122	113.0	118.0	122.0
123	114.0	119.0	123.0
124	115.0	120.0	124.0
125	116.0	121.0	125.0
126	117.0	122.0	126.0
127	118.0	123.0	127.0
128	119.0	124.0	128.0
129	120.0	125.0	129.0
130	121.0	126.0	130.0
131	122.0	127.0	131.0
132	123.0	128.0	132.0
133	124.0	129.0	133.0
134	125.0	130.0	134.0
135	126.0	131.0	135.0
136	127.0	132.0	136.0
137	128.0	133.0	137.0
138	129.0	134.0	138.0
139	130.0	135.0	139.0
140	131.0	136.0	140.0
141	132.0	137.0	141.0
142	133.0	138.0	142.0
143	134.0	139.0	143.0
144	135.0	140.0	144.0
145	136.0	141.0	145.0
146	137.0	142.0	146.0
147	138.0	143.0	147.0
148	139.0	144.0	148.0
149	140.0	145.0	149.0
150	141.0	146.0	150.0
151	142.0	147.0	151.0
152	143.0	148.0	152.0
153	144.0	149.0	153.0
154	145.0	150.0	154.0
155	146.0	151.0	155.0
156	147.0	152.0	156.0
157	148.0	153.0	157.0
158	149.0	154.0	158.0
159	150.0	155.0	159.0
160	151.0	156.0	160.0
161	152.0	157.0	161.0
162	153.0	158.0	162.0
163	154.0	159.0	163.0
164	155.0	160.0	164.0
165	156.0	161.0	165.0
166	157.0	162.0	166.0
167	158.0	163.0	167.0
168	159.0	164.0	168.0
169	160.0	165.0	169.0
170	161.0	166.0	170.0
171	162.0	167.0	171.0
172	163.0	168.0	172.0
173	164.0	169.0	173.0
174	165.0	170.0	174.0
175	166.0	171.0	175.0
176	167.0	172.0	176.0
177	168.0	173.0	177.0
178	169.0	174.0	178.0
179	170.0	175.0	179.0
180	171.0	176.0	180.0
181	172.0	177.0	181.0
182	173.0	178.0	182.0
183	174.0	179.0	183.0
184	175.0	180.0	184.0
185	176.0	181.0	185.0
186	177.0	182.0	186.0
187	178.0	183.0	187.0
188	179.0	184.0	188.0
189	180.0	185.0	189.0
190	181.0	186.0	190.0
191	182.0	187.0	191.0
192	183.0	188.0	192.0
193	184.0	189.0	193.0
194	185.0	190.0	194.0
195	186.0	191.0	195.0
196	187.0	192.0	196.0
197	188.0	193.0	197.0
198	189.0	194.0	198.0
199	190.0	195.0	199.0
200	191.0	196.0	200.0
201	192.0	197.0	201.0
202	193.0	198.0	202.0
203	194.0	199.0	203.0
204	195.0	200.0	204.0
205	196.0	201.0	205.0
206	197.0	202.0	206.0
207	198.0	203.0	207.0
208	199.0	204.0	208.0
209	200.0	205.0	209.0
210	201.0	206.0	210.0
211	202.0	207.0	211.0
212	203.0	208.0	212.0
213	204.0	209.0	213.0
214	205.0	210.0	214.0
215	206.0	211.0	215.0
216	207.0	212.0	216.0
217	208.0	213.0	217.0
218	209.0	214.0	218.0
219	210.0	215.0	219.0
220	211.0	216.0	220.0
221	212.0	217.0	221.0
222	213.0	218.0	222.0
223	214.0	219.0	223.0
224	215.0	220.0	224.0
225	216.0	221.0	225.0
226	217.0	222.0	226.0
227	218.0	223.0	227.0
228	219.0	224.0	228.0
229	220.0	225.0	229.0
230	221.0	226.0	230.0
231	222.0	227.0	231.0
232	223.0	228.0	232.0
233	224.0	229.0	233.0
234	225.0	230.0	234.0
235	226.0	231.0	235.0
236	227.0	232.0	236.0
237	228.0	233.0	237.0
238	229.0	234.0	238.0
239	230.0	235.0	239.0
240	231.0	236.0	240.0
241	232.0	237.0	241.0
242	233.0	238.0	242.0
243	234.0	239.0	243.0
244	235.0	240.0	244.0
245	236.0	241.0	245.0
246	237.0	242.0	246.0
247	238.0	243.0	247.0
248	239.0	244.0	248.0
249	240.0	245.0	249.0
250	241.0	246.0	250.0
251	242.0	247.0	251.0
252	243.0	248.0	252.0
253	244.0	249.0	253.0
254	245.0	250.0	254.0
255	246.0	251.0	255.0
256	247.0	252.0	256.0
257	248.0	253.0	257.0
258	249.0	254.0	258.0
259	250.0	255.0	259.0
260	251.0	256.0	260.0
261	252.0	257.0	261.0
262	253.0	258.0	262.0
263	254.0	259.0	263.0
264	255.0	260.0	264.0
265	256.0	261.0	265.0
266	257.0	262.0	266.0
267	258.0	263.0	267.0
268	259.0	264.0	268.0
269	260.0	265.0	269.0
270	261.0	266.0	270.0
271	262.0	267.0	271.0
272	263.0	268.0	272.0
273	264.0	269.0	273.0
274	265.0	270.0	274.0
275	266.0	271.0	275.0
276	267.0	272.0	276.0
277	268.0	273.0	277.0
278	269.0	274.0	278.0
279	270.0	275.0	279.0
280	271.0	276.0	280.0
281	272.0	277.0	281.0
282	273.0	278.0	282.0
283	274.0	279.0	283.0
284	275.0	280.0	284.0
285	276.0	281.0	285.0
286	277.0	282.0	286.0
287	278.0	283.0	287.0
288	279.0	284.0	288.0
289	280.0	285.0	289.0
290	281.0	286.0	290.0
291	282.0	287.0	291.0
292	283.0	288.0	292.0
293	284.0	289.0	293.0
294	285.0	290.0	294.0
295	286.0	291.0	295.0
296	287.0	292.0	296.0
297	288.0	293.0	297.0
298	289.0	294.0	298.0
299	290.0	295.0	299.0
300	291.0	296.0	300.0
301	292.0	297.0	301.0
302	293.0	298.0	302.0
303	294.0	299.0	303.0
304	295.0	300.0	304.0
305	296.0	301.0	305.0
306	297.0	302.0	306.0
307	298.0	303.0	307.0
308	299.0	304.0	308.0
309	300.0	305.0	309.0
310	301.0	306.0	310.0
311	302.0	307.0	311.0
312	303.0	308.0	312.0
313	304.0	309.0	313.0
314	305.0	310.0	314.0
315	306.0	311.0	315.0
316	307.0	312.0	316.0
317	308.0	313.0	317.0
318	309.0	314.0	318.0
319	310.0	315.0	319.0
320	311.0	316.0	320.0
321	312.0	317.0	321.0
322	313.0	318.0	322.0
323	314.0	319.0	323.0
324	315.0	320.0	324.0
325	316.0	321.0	325.0
326	317.0	322.0	326.0
327	318.0	323.0	327.0
328	319.0	324.0	328.0
329	320.0	325.0	329.0
330	321.0	326.0	330.0
331	322.0	327.0	331.0
332	323.0	328.0	332.0
333	324.0	329.0	333.0
334	325.0	330.0	334.0
335	326.0	331.0	335.0
336	327.0	332.0	336.0
337	328.0	333.0	337.0
338	329.0	334.0	338.0
339	330.0	335.0	339.0
340	331.0	336.0	340.0
341	332.0	337.0	341.0
342	333.0	338.0	342.0
343	334.0	339.0	343.0
344	335.0	340.0	344.0
345	336.0	341.0	345.0
346	337.0	342.0	346.0
347	338.0	343.0	347.0
348	339.0	344.0	348.0
349	340.0	345.0	349.0
350	341.0	346.0	350.0
351	342.0	347.0	351.0
352	343.0	348.0	352.0
353	344.0	349.0	353.0
354	345.0	350.0	354.0
355	346.0	351.0	355.0
356	347.0	352.0	356.0
357	348.0	353.0	357.0
358	349.0	354.0	358.0
359	350.0	355.0	359.0
360	351.0	356.0	360.0
361	352.0	357.0	361.0
362	353.0	358.0	362.0
363	354.0	359.0	363.0
364	355.0	360.0	364.0
365	356.0	361.0	365.0
366	357.0	362.0	366.0
367	358.0	363.0	367.0
368	359.0	364.0	368.0
369	360.0	365.0	369.0
370	361.0	366.0	370.0
371	362.0	367.0	371.0
372	363.0	368.0	372.0
373	364.0	369.0	373.0
374	365.0	370.0	374.0
375	366.0	371.0	375.0
376	367.0	372.0	376.0
377	368.0	373.0	377.0
378	369.0	374.0	378.0
379	370.0	375.0	379.0
380	371.0	376.0	380.0
381	372.0	377.0	381.0
382	373.0	378.0	382.0
383	374.0	379.0	383.0
384	375.0	380.0	384.0
385	376.0	381.0	385.0
386	377.0	382.0	386.0
387	378.0	383.0	387.0
388	379.0	384.0	388.0
389	380.0	385.0	389.0
390	381.0	386.0	390.0
391	382.0	387.0	391.0
392	383.0	388.0	392.0
393	384.0	389.0	393.0
394	385.0	390.0	394.0
395	386.0	391.0	395.0
396	387.0	392.0	396.0
397	388.0	393.0	397.0
398	389.0	394.0	398.0
399	390.0	395.0	399.0
400	391.0	396.0	400.0
401	392.0	397.0	401.0
402	393.0	398.0	402.0
403	394.0	399.0	403.0
404	395.0	400.0	404.0
405	396.0	401.0	405.0
406	397.0	402.0	406.0
407	398.0	403.0	407.0
408	399.0	404.0	408.0
409	400.0	405.0	409.0
410	401.0	406.0	410.0
411	402.0	407.0	411.0
412	403.0	408.0	412.0
413	404.0	409.0	413.0
414	405.0	410.0	414.0
415	406.0	411.0	415.0
416	407.0	412.0	416.0
417	408.0	413.0	417.0
418	409.0	414.0	418.0
419	410.0	415.0	419.0
420	411.0	416.0	420.0
421	412.0	417.0	421.0
422	413.0	418.0	422.0
423	414.0	419.0	423.0
424	415.0	420.0	424.0
425	416.0	421.0	425.0
426	417.0	422.0	426.0
427	418.0	423.0	427.0
428	419.0	424.0	428.0
429	420.0	425.0	429.0
430	421.0	426.0	430.0
431	422.0	427.0	431.0
432	423.0	428.0	432.0
433	424.0	429.0	433.0
434	425.0	430.0	434.0
435	426.0	431.0	435.0
436	427.0	432.0	436.0
437	428.0	433.0	437.0
438	429.0	434.0	438.0
439	430.0	435.0	439.0
440	431.0	436.0	440.0
441	432.0	437.0	441.0
442	433.0	438.0	442.0
443	434.0	439.0	443.0
444	435.0	440.0	444.0
445	436.0	441.0	445.0
446	437.0	442.0	446.0
447	438.0	443.0	447.0
448	439.0	444.0	448.0
449	440.0	445.0	449.0
450	441.0	446.0	450.0
451	442.0	447.0	451.0
452	443.0	448.0	452.0
453	444.0	449.0	453.0
454	445.0	450.0	454.0
455	446.0	451.0	455.0
456	447.0	452.0	456.0
457	448.0	453.0	457.0
458	449.0	454.0	458.0
459	450.0	455.0	459.0
460	451.0	456.0	460.0
461	452.0	457.0	461.0
462	453.0	458.0	462.0
463	454.0	459.0	463.0
464	455.0	460.0	464.0
465	456.0	461.0	465.0
466	457.0	462.0	466.0
467	458.0	463.0	467.0
468	459.0	464.0	468.0
469	460.0	465.0	469.0
470	461.0	466.0	470.0
471	462.0	467.0	471.0
472	463.0	468.0	472.0
473	464.0	469.0	473.0
474	465.0	470.0	474.0
475	466.0	471.0	475.0
476	467.0	472.0	476.0
477	468.0	473.0	477.0
478	469.0	474.0	478.0
479	470.0	475.0	479.0
480	471.0	476.0	480.0
481	472.0	477.0	481.0
482	473.0	478.0	482.0
483	474.0	479.0	483.0
484	475.0	480.0	484.0
485	476.0	481.0	485.0
486	477.0	482.0	486.0
487	478.0	483.0	487.0
488	479.0	484.0	488.0
489	480.0	485.0	489.0
490	481.0	486.0	490.0
491	482.0	487.0	491.0
492	483.0	488.0	492.0
493	484.0	489.0	493.0
494	485.0	490.0	494.0
495	486.0	491.0	495.0
496	487.0	492.0	496.0
497	488.0	493.0	497.0
498	489.0	494.0	498.0
499	490.0	495.0	499.0
500	491.0	496.0	500.0
501	492.0	497.0	501.0
502	493.0	498.0	502.0
503	494.0	499.0	503.0
504	495.0	500.0	504.0
505	496.0	501.0	505.0
506	497.0	502.0	506.0
507	498.0	503.0	507.0
508	499.0	504.0	508.0
509	500.0	505.0	509.0
510	501.0	506.0	510.0
511	502.0	507.0	511.0
512	503.0	508.0	512.0
513	504.0	509.0	513.0
514	505.0	510.0	514.0
515	506.0	511.0	515.0
516	507.0	512.0	516.0
517	508.0	513.0	517.0
518	509.0	514.0	518.0
519	510.0	515.0	519.0
520	511.0	516.0	520.0
521	512.0	517.0	521.0
522	513.0	518.0	522.0
523	514.0	519.0	523.0
524	515.0	520.0	524.0
525	516.0	521.0	525.0
526	517.0	522.0	526.0
527	518.0	523.0	527.0
528	519.0	524.0	528.0
529	520.0	525.0	529.0
530	521.0	526.0	530.0
531	522.0	527.0	531.0
532	523.0	528.0	532.0
533	524.0	529.0	533.0
534	525.0	530.0	534.0
535	526.0	531.0	535.0
536	527.0	532.0	536.0
537	528.0	533.0	537.0
538	529.0	534.0	538.0
539	530.0	535.0	539.0
540	531.0	536.0	540.0
541	532.0	537.0	541.0
542	533.0	538.0	542.0
543	534.0	539.0	543.0
544	535.0	540.0	544.0
545	536.0	541.0	545.0
546	537.0	542.0	546.0
547	538.0	543.0	547.0
548	539.0	544.0	548.0
549	540.0	545.0	549.0
550	541.0	546.0	550.0
551	542.0	547.0	551.0
552	543.0	548.0	552.0
553	544.0	549.0	553.0
554	545.0	550.0	554.0
555	546.0	551.0	555.0
556	547.0	552.0	556.0
557	548.0	553.0	557.0
558	549.0	554.0	558.0
559	550.0	555.0	559.0
560	551.0	556.0	560.0
561	552.0	557.0	561.0
562	553.0	558.0	562.0
563	554.0	559.0	563.0
564	555.0	560.0	564.0
565	556.0	561.0	565.0
566	557.0	562.0	566.0
567	558.0	563.0	567.0
568	559.0	564.0	568.0
569	560.0	565.0	569.0
570	561.0	566.0	570.0
571	562.0	567.0	571.0
572	563.0	568.0	572.0
573	564.0	569.0	573.0
574	565.0	570.0	574.0
575	566.0	571.0	575.0
576	567.0	572.0	576.0
577	568.0	573.0	577.0
578	569.0	574.0	578.0
579	570.0	575.0	579.0
580	571.0	576.0	580.0
581	572.0	577.0	581.0
582	573.0	578.0	582.0
583	574.0	579.0	583.0
584	575.0	580.0	584.0
585	576.0	581.0	585.0
586	577.0	582.0	586.0
587	578.0	583.0	587.0
588	579.0	584.0	588.0
589	580.0	585.0	589.0
590	581.0	586.0	590.0
591	582.0	587.0	591.0
592	583.0	588.0	592.0
593	584.0	589.0	593.0
594	585.0	590.0	594.0
595	586.0	591.0	595.0
596	587.0	592.0	596.0
597	588.0	593.0	597.0
598	589.0	594.0	598.0
599	590.0	595.0	599.0
600	591.0	596.0	600.0
601	592.0	597.0	601.0
602	593.0	598.0	602.0
603	594.0	599.0	603.0
604	595.0	600.0	604.0
605	596.0	601.0	605.0
606	597.0	602.0	606.0
607	598.0	603.0	607.0
608	599.0	604.0	608.0
609	600.0	605.0	609.0
610	601.0	606.0	610.0
611	602.0	607.0	611.0
612	603.0	608.0	612.0
613	604.0	609.0	613.0
614	605.0	610.0	614.0
615	606.0	611.0	615.0
616	607.0	612.0	616.0
617	608.0	613.0	617.0
618	609.0	614.0	618.0
619	610.0	615.0	619.0
620	611.0	616.0	620.0
621	612.0	617.0	621.0
622	613.0	618.0	622.0
623	614.0	619.0	623.0
624	615.0	620.0	624.0
625	616.0	621.0	625.0
626	617.0	622.0	626.0
627	618.0	623.0	627.0
628	619.0	624.0	628.0
629	620.0	625.0	629.0
630	621.0	626.0	630.0
631	622.0	627.0	631.0
632	623.0	628.0	632.0
633	624.0	629.0	633.0
634	625.0	630.0	634.0
635	626.0	631.0	635.0
636	627.0	632.0	636.0
637	628.0	633.0	637.0
638	629.0	634.0	638.0
639	630.0	635.0	639.0
640	631.0	636.0	640.0
641	632.0	637.0	641.0
642	633.0	638.0	642.0
643	634.0	639.0	643.0
644	635.0	640.0	644.0
645	636.0	641.0	645.0
646	637.0	642.0	646.0
647	638.0	643.0	647.0
648	639.0	644.0	648.0
649	640.0	645.0	649.0
650	641.0	646.0	650.0
651	642.0	647.0	651.0
652	643.0	648.0	652.0
653	644.0	649.0	653.0
654	645.0	650.0	654.0
655	646.0	651.0	655.0
656	647.0	652.0	656.0
657	648.0	653.0	657.0
658	649.0	654.0	658.0
659	650.0	655.0	659.0
660	651.0	656.0	660.0
661	652.0	657.0	661.0
662	653.0	658.0	662.0
663	654.0	659.0	663.0
664	655.0	660.0	664.0
665	656.0	661.0	665.0
666	657.0	662.0	666.0
667	658.0	663.0	667.0
668	659.0	664.0	668.0
669	660.0	665.0	669.0
670	661.0	666.0	670.0
671	662.0	667.0	671.0
672	663.0	668.0	672.0
673	664.0	669.0	673.0
674	665.0	670.0	674.0
675	666.0	671.0	675.0
676	667.0	672.0	676.0
677	668.0	673.0	677.0
678	669.0	674.0	678.0
679	670.0	675.0	679.0
680	671.0	676.0	680.0
681	672.0	677.0	681.0
682	673.0	678.0	682.0
683	674.0	679.0	683.0
684	675.0	680.0	684.0
685	676.0	681.0	685.0
686	677.0	682.0	686.0
687	678.0	683.0	687.0
688	679.0	684.0	688.0
689	680.0	685.0	689.0
690	681.0	686.0	690.0
691	682.0	687.0	691.0
692	683.0	688.0	692.0
693	684.0	689.0	693.0
694	685.0	690.0	694.0
695	686.0	691.0	695.0
696	687.0	692.0	696.0
697	688.0	693.0	697.0
698	689.0	694.0	698.0
699	690.0	695.0	699.0
700	691.0	696.0	700.0
701	692.0	697.0	701.0
702	693.0	698.0	702.0
703	694.0	699.0	703.0
704	695.0	700.0	704.0
705	696.0	701.0	705.0
706	697.0	702.0	706.0
707	698.0	703.0	707.0
708	699.0	704.0	708.0
709	700.0	705.0	709.0
710	701.0	706.0	710.0
711	702.0	707.0	711.0
712	703.0	708.0	712.0
713	704.0	709.0	713.0
714	705.0	710.0	714.0
715	706.0	711.0	715.0
716	707.0	712.0	716.0
717	708.0	713.0	717.0
718	709.0	714.0	718.0
719	710.0	715.0	719.0
720	711.0	716.0	720.0
721	712.0	717.0	721.0
722	713.0	718.0	722.0
723	714.0	719.0	723.0
724	715.0	720.0	724.0
725	716.0	721.0	725.0
726	717.0	722.0	726.0
727	718.0	723.0	727.0
728	719.0	724.0	728.0
729	720.0	725.0	729.0
730	721.0	726.0	730.0
731	722.0	727.0	731.0
732	723.0	728.0	732.0
733	724.0	729.0	733.0
734	725.0	730.0	734.0
735	726.0	731.0	735.0
736	727.0	732.0	736.0
737	728.0	733.0	737.0
738	729.0	734.0	738.0
739	730.0	735.0	739.0
740	731.0	736.0	740.0
741	732.0	737.0	741.0
742	733.0	738.0	742.0
743	734.0	739.0	743.0
744	735.0	740.0	744.0
745	736.0	741.0	745.0
746	737.0	742.0	746.0
747	738.0	743.0	747.0
748	739.0	744.0	748.0
749	740.0	745.0	749.0
750	741.0	746.0	750.0
751	742.0	747.0	751.0
752	743.0	748.0	752.0
753	744.0	749.0	753.0
754	745.0	750.0	754.0
755	746.0	751.0	755.0
756	747.0	752.0	756.0
757	748.0	753.0	757.0
758	749.0	754.0	758.0
759	750.0	755.0	759.0
760	751.0	756.0	760.0
761	752.0	757.0	761.0
762	753.0	758.0	762.0
763	754.0	759.0	763.0
764	755.0	760.0	764.0
765	756.0	761.0	765.0
766	757.0	762.0	766.0
767	758.0	763.0	767.0
768	759.0	764.0	768.0
769	760.0	765.0	769.0
770	761.0	766.0	770.0
771	762.0	767.0	771.0
772	763.0	768.0	772.0
773	764.0	769.0	773.0
774	765.0	770.0	774.0
775	766.0	771.0	775.0
776	767.0	772.0	776.0
777	768.0	773.0	777.0
778	769.0	774.0	778.0
779	770.0	775.0	779.0
780	771.0	776.0	780.0
781	772.0	777.0	781.0
782	773.0	778.0	782.0
783	774.0	779.0	783.0
784	775.0	780.0	784.0
785	776.0	781.0	785.0
786	777.0	782.0	786.0
787	778.0	783.0	787.0
788	779.0	784.0	788.0
789	780.0	785.0	789.0
790	781.0	786.0	790.0
791	782.0	787.0	791.0
792	783.0	788.0	792.0
793	784.0	789.0	793.0
794	785.0	790.0	794.0
795	786.0	791.0	795.0
796	787.0	792.0	796.0
797	788.0	793.0	797.0
798	789.0	794.0	798.0
799	790.0	795.0	799.0
800	791.0	796.0	800.0
801	792.0	797.0	801.0
802	793.0	798.0	802.0
803	794.0	799.0	803.0
804	795.0	800.0	804.0
805	796.0	801.0	805.0
806	797.0	802.0	806.0
807	798.0	803.0	807.0
808	799.0	804.0	808.0
809	800.0	805.0	809.0
810	801.0	806.0	810.0
811	802.0	807.0	811.0
812	803.0	808.0	812.0
813	804.0	809.0	813.0
814	805.0	810.0	814.0
815	806.0	811.0	815.0
816	807.0	812.0	816.0
817	808.0	813.0	817.0
818	809.0	814.0	818.0
819	810.0	815.0	819.0
820	811.0	816.0	820.0
821	812.0	817.0	821.0
822	813.0	818.0	822.0
823	814.0	819.0	823.0
824	815.0	820.0	824.0
825	816.0	821.0	825.0
826	817.0	822.0	826.0
827	818.0	823.0	827.0
828	819.0	824.0	828.0
829	820.0	825.0	829.0
830	821.0	826.0	830.0
831	822.0	827.0	831.0
832	823.0	828.0	832.0
833	824.0	829.0	833.0
834	825.0	830.0	834.0
835	826.0	831.0	835.0
836	827.0	832.0	836.0
837	828.0	833.0	837.0
838	829.0	834.0	838.0
839	830.0	835.0	839.0
840	831.0	836.0	840.0
841	832.0	837.0	841.0
842	833.0	838.0	842.0
843	834.0	839.0	843.0
844	835.0	840.0	844.0
845	836.0	841.0	845.0
846	837.0	842.0	846.0
847	838.0	843.0	847.0
848	839.0	844.0	848.0
849	840.0	845.0	849.0
850	841.0	846.0	850.0
851	842.0	847.0	851.0
852	843.0	848.0	852.0
853	844.0	849.0	853.0
854	845.0	850.0	854.0
855	846.0	851.0	855.0
856	847.0	852.0	856.0
857	848.0	853.0	857.0
858	849.0	854.0	858.0
859	850.0	855.0	859.0
860	851.0	856.0	860.0
861	852.0	857.0	861.0
862	853.0	858.0	862.0
863	854.0	859.0	863.0
864	855.0	860.0	864.0
865	856.0	861.0	865.0
866	857.0	862.0	866.0
867	858.0	863.0	867.0
868	859.0	864.0	868.0
869	860.0	865.0	869.0
870	861.0	866.0	870.0
871	862.0	867.0	871.0
872	863.0	868.0	872.0
873	864.0	869.0	873.0
874	865.0	870.0	874.0
875	866.0	871.0	875.0
876	867.0	872.0	876.0
877	868.0	873.0	877.0
878	869.0	874.0	878.0
879	870.0	875.0	879.0
880	871.0	876.0	880.0
881	872.0	877.0	881.0
882	873.0	878.0	882.0
883	874.0	879.0	883.0
884	875.0	880.0	884.0
885	876.0	881.0	885.0
886	877.0	882.0	886.0
887	878.0	883.0	887.0
888	879.0	884.0	888.0
889	880.0	885.0	889.0
890	881.0	886.0	890.0
891	882.0	887.0	891.0
892	883.0	888.0	892.0
893	884.0	889.0	893.0
894	885.0	890.0	894.0
895	886.0	891.0	895.0
896	887.0	892.0	896.0
897	888.0	893.0	897.0
898	889.0	894.0	898.0
899	890.0	895.0	899.0
900	891.0	896.0	900.0
901	892.0	897.0	901.0
902	893.0	898.0	902.0
903	894.0	899.0	903.0
904	895.0	900.0	904.0
905	896.0	901.0	905.0
906	897.0	902.0	906.0
907	898.0	903.0	907.0
908	899.0	904.0	908.0
909	900.0	905.0	909.0
910	901.0	906.0	910.0
911	902.0	907.0	911.0
912	903.0	908.0	912.0
913	904.0	909.0	913.0
914	905.0	910.0	914.0
915	906.0	911.0	915.0
916	907.0	912.0	916.0
917	908.0	913.0	917.0
918	909.0	914.0	918.0
919	910.0	915.0	919.0
920	911.0	916.0	920.0
921	912.0	917.0	921.0
922	913.0	918.0	922.0
923	914.0	919.0	923.0
924	915.0	920.0	924.0
925	916.0	921.0	925.0
926	917.0	922.0	926.0
927	918.0	923.0	927.0
928	919.0	924.0	928.0
929	920.0	925.0	929.0
930	921.0	926.0	930.0
931	922.0	927.0	931.0
932	923.0	928.0	932.0
933	924.0	929.0	933.0
934	925.0	930.0	934.0
935	926.0	931.0	935.0
936	927.0	932.0	936.0
937	928.0	933.0	937.0
938	929.0	934.0	938.0
939	930.0	935.0	939.0
940	931.0	936.0	940.0
941	932.0	937.0	941.0
942	933.0	938.0	942.0
943	934.0	939.0	943.0
944	935.0	940.0	944.0
945	936.0	941.0	945.0
946	937.0	942.0	946.0
947	938.0	943.0	947.0
948	939.0	944.0	948.0
949	940.0	945.0	949.0
950	941.0	946.0	950.0
951	942.0	947.0	951.0
952	943.0	948.0	952.0
953	944.0	949.0	953.0
954	945.0	950.0	954.0
955	946.0	951.0	955.0
956	947.0	952.0	956.0
957	948.0	953.0	957.0
958	949.0	954.0	958.0
959	950.0	955.0	959.0
960	951.0	956.0	960.0
961	952.0	957.0	961.0
962	953.0	958.0	962.0
963	954.0	959.0	963.0
964	955.0	960.0	964.0
965	956.0	961.0	965.0
966	957.0	962.0	966.0
967	958.0	963.0	967.0
968	959.0	964.0	968.0
969	960.0	965.0	969.0
970	961.0	966.0	970.0
971	962.0	967.0	971.0
972	963.0	968.0	972.0
973	964.0	969.0	973.0
974	965.0	970.0	974.0
975	966.0	971.0	975.0
976	967.0	972.0	976.0
977	968.0	973.0	977.0
978	969.0	974.0	978.0
979	970.0	975.0	979.0
980	971.0	976.0	980.0
981	972.0	977.0	981.0
982	973.0	978.0	982.0
983	974.0	979.0	983.0
984	975.0	980.0	984.0
985	976.0	981.0	985.0
986	977.0	982.0	986.0
987	978.0	983.0	987.0
988	979.0	984.0	988.0
989	980.0	985.0	989.0
990	981.0	986.0	990.0
991	982.0	987.0	991.0
992	983.0	988.0	992.0
993	984.0	989.0	993.0
994	985.0	990.0	994.0
995	986.0	991.0	995.0
996	987.0	992.0	996.0
997	988.0	993.0	997.0
998	989.0	994.0	998.0
999	990.0	995.0	999.0
1000	991.0	996.0	1000.0
1001	992.0	997.0	1001.0
1002	993.0	998.0	1002.0
1003	994.0	999.0	1003.0
1004	995.0	1000.0	1004.0
1005	996.0	1001.0	1005.0
1006	997.0	1002.0	1006.0
1007	998.0	1003.0	1007.0
1008	999.0	1004.0	1008.0
1009	1000.0	1005.0	1009.0
1010	1001.0	1006.0	1010.0
1011	1002.0	1007.0	1011.0
1012	1003.0	1008.0	1012.0
1013	1004.0	1009.0	1013.0
1014	1005.0	1010.0	1014.0
1015	1006.0	1011.0	1015.0
1016	1007.0	1012.0	1016.0
1017	1008.0	1013.0	1017.0
1018	1009.0	1014.0	1018.0
1019	1010.0	1015.0	1019.0
1020	1011.0	1016.0	1020.0
1021	1012.0	1017.0	1021.0
1022	1013.0	1018.0	1022.0
1023	1014.0	1019.0	1023.0
1024	1015.0	1020.0	1024.0
1025	1016.0	1021.0	1025.0
1026	1017.0	1022.0	1026.0
1027	1018.0	1023.0	1027.0
1028	1019.0	1024.0	1028.0
1029	1020.0	1025.0	1029.0
1030	1021.0	1026.0	1030.0
1031	1022.0	1027.0	1031.0
1032	1023.0	1028.0	1032.0
1033	1024.0	1029.0	1033.0
1034	1025.0	1030.0	1034.0
1035	1026.0	1031.0	1035.0
1036	1027.0	1032.0	1036.0
1037	1028.0	1033.0	1037.0
1038	1029.0	1034.0	1038.0
1039	1030.0	1035.0	1039.0
1040	1031.0	1036.0	1040.0
1041	1032.0	1037.0	1041.0
1042	1033.0	1038.0	1042.0
1043	1034.0	1039.0	1043.0
1044	1035.0	1040.0	1044.0
1045	1036.0	1041.0	1045.0
1046	1037.0	1042.0	1046.0
1047	1038.0	1043.0	1047.0
1048	1039.0	1044.0	1048.0
1049	1040.0	1045.0	1049.0
1050	1041.0	1046.0	1050.0
1051	1042.0	1047.0	1051.0
1052	1043.0	1048.0	1052.0
1053	1044.0	1049.0	1053.0
1054	1045.0	1050.0	1054.0
1055	1046.0	1051.0	1055.0
1056	1047.0	1052.0	1056.0
1057	1048.0	1053.0	1057.0
1058	1049.0	1054.0	1058.0
1059	1050.0	1055.0	1059.0
1060	1051.0	1056.0	1060.0
1061	1052.0	1057.0	1061.0
1062	1053.0	1058.0	1062.0
1063	1054.0	1059.0	1063.0
1064	1055.0	1060.0	1064.0
1065	1056.0	1061.0	1065.0
1066	1057.0	1062.0	1066.0
1067	1058.0	1063.0	1067.0
1068	1059.0	1064.0	1068.0
1069	1060.0	1065.0	1069.0
1070	1061.0	1066.0	1070.0
1071	1062.0	1067.0	1071.0
1072	1063.0	1068.0	1072.0
1073	1064.0	1069.0	1073.0
1074	1065.0	1070.0	1074.0
1075	1066.0	1071.0	1075.0
1076	1067.0	1072.0	1076.0
1077	1068.0	1073.0	1077.0
1078	1069.0	1074.0	1078.0
1079	1070.0	1075.0	1079.0
1080	1071.0	1076.0	1080.0
1081	1072.0	1077.0	1081.0
1082	1073.0	1078.0	1082.0
1083	1074.0	1079.0	1083.0
1084	1075.0	1080.0	1084.0
1085	1076.0	1081.0	1085.0
1086	1077.0	1082.0	1086.0
1087	1078.0	1083.0	1087.0
1088	1079.0	1084.0	1088.0
1089	1080.0	1085.0	1089.0
1090	1081.0	1086.0	1090.0
1091	1082.0	1087.0	1091.0
1092	1083.0	1088.0	1092.0
1093	1084.0	1089.0	1093.0
1094	1085.0	1090.0	1094.0
1095	1086.0	1091.0	1095.0
1096	1087.0	1092.0	1096.0
1097	1088.0	1093.0	1097.0
1098	1089.0	1094.0	1098.0
1099	1090.0	1095.0	1099.0
1100	1091.0	1096.0	1100.0
1101	1092.0	1097.0	1101.0
1102	1093.0	1098.0	1102.0
1103	1094.0	1099.0	1103.0
1104	1095.0	1100.0	1104.0
1105	1096.0	1101.0	1105.0
1106	1097.0	1102.0	1106.0
1107	1098.0	1103.0	1107.0
1108	1099.0	1104.0	1108.0
1109	1100.0	1105.0	1109.0
1110	1101.0	1106.0	1110.0
1111	1102.0	1107.0	1111.0
1112	1103.0	1108.0	1112.0
1113	1104.0	1109.0	1113.0
1114	1105.0	1110.0	1114.0
1115	1106.0	1111.0	1115.0
1116	1107.0	1112.0	1116.0
1117	1108.0	1113.0	1117.0
1118	1109.0	1114.0	1118.0
1119	1110.0	1115.0	1119.0
1120	1111.0	1116.0	1120.0
1121	1112.0	1117.0	1121.0
1122	1113.0	1118.0	1122.0
1123	1114.0	1119.0	1123.0
1124	1115.0	1120.0	1124.0
1125	1116.0	1121.0	1125.0
1126	1117.0	1122.0	1126.0
1127	1118.0	1123.0	1127.0
1128	1119.0	1124.0	1128.0
1129	1120.0	1125.0	1129.0
1130	1121.0	1126.0	1130.0
1131	1122.0	1127.0	1131.0
1132	1123.0	1128.0	1132.0
1133	1124.0	1129.0	1133.0
1134	1125.0	1130.0	1134.0
1135	1126.0	1131.0	1135.0
1136	1127.0	1132.0	1136.0
1137	1128.0	1133.0	1137.0
1138	1129.0	1134.0	1138.0
1139	1130.0	1135.0	1139.0
1140	1131.0	1136.0	1140.0
1141	1132.0	1137.0	1141.0
1142	1133.0	1138.0	1142.0
1143	1134.0	1139.0	1143.0
1144	1135.0	1140.0	1144.0
1145	1136.0	1141.0	1145.0
1146	1137.0	1142.0	1146.0
1147	1138.0	1143.0	1147.0
1148	1139.0	1144.0	1148.0
1149	1140.0	1145.0	1149.0
1150	1141.0	1146.0	1150.0
1151	1142.0	1147.0	1151.0
1152	1143.0	1148.0	1152.0
1153	1144.0	1149.0	1153.0
1154	1145.0	1150.0	1154.0
1155	1146.0	1151.0	1155.0
1156	1147.0	1152.0	1156.0
1157	1148.0	1153.0	1157.0
1158	1149.0	1154.0	1158.0
1159	1150.0	1155.0	1159.0
1160	1151.0	1156.0	1160.0
1161	1152.0	1157.0	1161.0
1162	1153.0	1158.0	1162.0
1163	1154.0	1159.0	1163.0
1164	1155.0	1160.0	1164.0
1165	1156.0	1161.0	1165.0
1166	1157.0	1162.0	1166.0
1167	1158.0	1163.0	1167.0
1168	1159.0	1164.0	1168.0
1169	1160.0	1165.0	1169.0
1170	1161.0	1166.0	1170.0
1171	1162.0	1167.0	1171.0
1172	1163.0	1168.0	1172.0
1173	1164.0	1169.0	1173.0
1174	1165.0	1170.0	1174.0
1175	1166.0	1171.0	1175.0
1176	1167.0	1172.0	1176.0
1177	1168.0	1173.0	1177.0
1178	1169.0	1174.0	1178.0
1179	1170.0	1175.0	1179.0
1180	1171.0	1176.0	1180.0
1181	1172.0	1177.0	1181.0
1182	1173.0	1178.0	1182.0
1183	1174.0	1179.0	1183.0
1184	1175.0	1180.0	1184.0
1185	1176.0	1181.0	1185.0
1186	1177.0	1182.0	1186.0
1187	1178.0	1183.0	1187.0
1188	1179.0	1184.0	1188.0
1189	1180.0	1185.0	1189.0
1190	1181.0	1186.0	1190.0
1191	1182.0	1187.0	1191.0
1192	1183.0	1188.0	1192.0
1193	1184.0	1189.0	1193.0
1194	1185.0	1190.0	1194.0
1195	1186.0	1191.0	1195.0
1196	1187.0	1192.0	1196.0
1197	1188.0	1193.0	1197.0
1198	1189.0	1194.0	1198.0
1199	1190.0	1195.0	1199.0
1200	1191.0	1196.0	1200.0
1201	1192.0	1197.0	1201.0
1202	1193.0	1198.0	1202.0
1203	1194.0	1199.0	1203.0
1204	1195.0	1200.0	1204.0
1205	1196.0	1201.0	1205.0
1206	1197.0	1202.0	1206.0
1207	1198.0	1203.0	1207.0
1208	1199.0	1204.0	1208.0
1209	1200.0	1205.0	1209.0
1210	1201.0	1206.0	1210.0
1211	1202.0	1207.0	1211.0
1212	1203.0	1208.0	1212.0
1213	1204.0	1209.0	1213.0
1214	1205.0	1210.0	1214.0
1215	1206.0	1211.0	1215.0
1216	1207.0	1212.0	1216.0
1217	1208.0	1213.0	1217.0
1218	1209.0	1214.0	1218.0
1219	1210.0	1215.0	1219.0
1220	1211.0	1216.0	1220.0
1221	1212.0	1217.0	1221.0
1222	1213.0	1218.0	1222.0
1223	1214.0	1219.0	1223.0
1224	1215.0	1220.0	1224.0
1225	1216.0	1221.0	1225.0
1226	1217.0	1222.0	1226.0
1227	1218.0	1223.0	1227.0
1228	1219.0	1224.0	1228.0
1229	1220.0	1225.0	1229.0
1230	1221.0	1226.0	1230.0
1231	1222.0	1227.0	1231.0
1232	1223.0	1228.0	1232.0
1233	1224.0	1229.0	1233.0
1234	1225.0	1230.0	1234.0
1235	1226.0	1231.0	1235.0
1236	1227.0	1232.0	1236.0
1237	1228.0	1233.0	1237.0
1238	1229.0	1234.0	1238.0
1239	1230.0	1235.0	1239.0
1240	1231.0	1236.0	1240.0
1241	1232.0	1237.0	1241.0
1242	1233.0	1238.0	1242.0
1243	1234.0	1239.0	1243.0
1244	1235.0	1240.0	1244.0
1245	1236.0	1241.0	1245.0
1246	1237.0	1242.0	1246.0
1247	1238.0	1243.0	1247.0
1248	1239.0	1244.0	1248.0
1249	1240.0	1245.0	1249.0
1250	1241.0	1246.0	1250.0
1251	1242.0	1247.0	1251.0
1252	1243.0	1248.0	1252.0
1253	1244.0	1249.0	1253.0
1254	1245.0	1250.0	1254.0
1255	1246.0	1251.0	1255.0
1256	1247.0	1252.0	1256.0
1257	1248.0	1253.0	1257.0
1258	1249.0	1254.0	1258.0
1259	1250.0	1255.0	1259.0
1260	1251.0	1256.0	1260.0
1261	1252.0	1257.0	1261.0
1262	1253.0	1258.0	1262.0
1263	1254.0	1259.0	1263.0
1264	1255.0	1260.0	1264.0
1265	1256.0	1261.0	1265.0
1266	1257.0	1262.0	1266.0
1267	1258.0	1263.0	1267.0
1268	1259.0	1264.0	1268.0
1269	1260.0	1265.0	1269.0
1270	1261.0	1266.0	1270.0
1271	1262.0	1267.0	1271.0
1272	1263.0	1268.0	1272.0
1273	1264.0	1269.0	1273.0
1274	1265.0	1270.0	1274.0
1275	1266.0	1271.0	1275.0
1276	1267.0	1272.0	1276.0
1277	1268.0	1273.0	1277.0
1278	1269.0	1274.0	1278.0
1279	1270.0	1275.0	1279.0
1280	1271.0	1276.0	1280.0
1281	1272.0	1277.0	1281.0
1282	1273.0	1278.0	1282.0
1283	1274.0	1279.0	1283.0
1284	1275.0	1280.0	1284.0
1285	1276.0	1281.0	1285.0
1286	1277.0	1282.0	1286.0
1287	1278.0	1283.0	1287.0
1288	1279.0	1284.0	1288.0
1289	1280.0	1285.0	1289.0
1290	1281.0	1286.0	1290.0
1291	1282.0	1287.0	1291.0
1292	1283.0	1288.0	1292.0
1293	1284.0	1289.0	1293.0
1294	1285.0	1290.0	1294.0
1295	1286.0	1291.0	1295.0
1296	1287.0	1292.0	1296.0
1297	1288.0	1293.0	1297.0
1298	1289.0	1294.0	1298.0
1299	1290.0	1295.0	1299.0
1300	1291.0	1296.0	1300.0
1301	1292.0	1297.0	1301.0
1302	1293.0	1298.0	1302.0
1303	1294.0	1299.0	1303.0
1304	1295.0	1300.0	1304.0
1305	1296.0	1301.0	1305.0
1306	1297.0	1302.0	1306.0
1307	1298.0	1303.0	1307.0
1308	1299.0	1304.0	1308.0
1309	1300.0	1305.0	1309.0
1310	1301.0	1306.0	1310.0
1311	1302.0	1307.0	1311.0
1312	1303.0	1308.0	1312.0
1313	1304.0	1309.0	1313.0
1314	1305.0	1310.0	1314.0
1315	1306.0	1311.0	1315.0
1316	1307.0	1312.0	1316.0
1317	1308.0	1313.0	1317.0
1318	1309.0	1314.0	1318.0
1319	1310.0	1315.0	1319.0
1320	1311.0	1316.0	1320.0
1321	1312.0	1317.0	1321.0
1322	1313.0	1318.0	1322.0
1323	1314.0	1319.0	1323.0
1324	1315.0	1320.0	1324.0
1325	1316.0	1321.0	1325.0
1326	1317.0	1322.0	1326.0
1327	1318.0	1323.0	1327.0
1328	1319.0	1324.0	1328.0
1329	1320.0	1325.0	1329.0
1330	1321.0	1326.0	1330.0
1331	1322.0	1327.0	1331.0
1332	1323.0	1328.0	1332.0
1333	1324.0	1329.0	1333.0
1334	1325.0	1330.0	1334.0
1335	1326.0	1331.0	1335.0
1336	1327.0	1332.0	1336.0
1337	1328.0	1333.0	1337.0
1338	1329.0	1334.0	1338.0
1339	1330.0	1335.0	1339.0
1340	1331.0	1336.0	1340.0
1341	1332.0	1337.0	1341.0
1342	1333.0	1338.0	1342.0
1343	1334.0	1339.0	1343.0
1344	1335.0	1340.0	1344.0
1345	1336.0	1341.0	1345.0
1346	1337.0	1342.0	1346.0
1347	1338.0	1343.0	1347.0
1348	1339.0	1344.0	1348.0
1349	1340.0	1345.0	1349.0
1350	1341.0	1346.0	1350.0
1351	1342.0	1347.0	1351.0
1352	1343.0	1348.0	1352.0
1353	1344.0	1349.0	1353.0
1354	1345.0	1350.0	1354.0
1355	1346.0	1351.0	1355.0
1356	1347.0	1352.0	1356.0
1357	1348.0	1353.0	1357.0
1358	1349.0	1354.0	1358.0
1359	1350.0	1355.0	1359.0
1360	1351.0	1356.0	1360.0
1361	1352.0	1357.0	1361.0
1362	1353.0	1358.0	1362.0
1363	1354.0	1359.0	1363.0
1364	1355.0	1360.0	1364.0
1365	1356.0	1361.0	1365.0
1366	1357.0	1362.0	1366.0
1367	1358.0	1363.0	1367.0
1368	1359.0	1364.0	1368.0
1369	1360.0	1365.0	1369.0
1370	1361.0	1366.0	1370.0
1371	1362.0	1367.0	1371.0
1372	1363.0	1368.0	1372.0
1373	1364.0	1369.0	1373.0
1374	1365.0	1370.0	1374.0
1375	1366.0	1371.0	1375.0
1376	1367.0	1372.0	1376.0
1377	1368.0	1373.0	1377.0
1378	1369.0	1374.0	1378.0
1379	1370.0	1375.0	1379.0
1380	1371.0	1376.0	1380.0
1381	1372.0	1377.0	1381.0
1382	1373.0	1378.0	1382.0
1383	1374.0	1379.0	1383.0
1384	1375.0	1380.0	1384.0
1385	1376.0	1381.0	1385.0
1386	1377.0	1382.0	1386.0
1387	1378.0	1383.0	1387.0
1388	1379.0	1384.0	1388.0
1389	1380.0	1385.0	1389.0
1390	1381.0	1386.0	1390.0
1391	1382.0	1387.0	1391.0
1392	1383.0	1388.0	1392.0
1393	1384.0	1389.0	1393.0
1394	1385.0	1390.0	1394.0
1395	1386.0	1391.0	1395.0
1396	1387.0	1392.0	1396.0
1397	1388.0	1393.0	1397.0
1398	1389.0	1394.0	1398.0
1399	1390.0	1395.0	1399.0
1400	1391.0	1396.0	1400.0
1401	1392.0	1397.0	1401.0
1402	1393.0	1398.0	1402.0
1403	1394.0	1399.0	1403.0
1404	1395.0	1400.0	1404.0
1405	1396.0	1401.0	1405.0
1406	1397.0	1402.0	1406.0
1407	1398.0	1403.0	1407.0
1408	1399.0	1404.0	1408.0
1409	1400.0	1405.0	1409.0
1410	1401.0	1406.0	1410.0
1411	1402.0	1407.0	1411.0
1412	1403.0	1408.0	1412.0
1413	1404.0	1409.0	1413.0
1414	1405.0	1410.0	1414.0
1415	1406.0	1411.0	1415.0
1416	1407.0	1412.0	1416.0
1417	1408.0	1413.0	1417.0
1418	1409.0	1414.0	1418.0
1419	1410.0	1415.0	1419.0
1420	1411.0	1416.0	1420.0
1421	1412.0	1417.0	1421.0
1422	1413.0	1418.0	1422.0
1423	1414.0	1419.0	1423.0
1424	1415.0	1420.0	1424.0
1425	1416.0	1421.0	1425.0
1426	1417.0	1422.0	1426.0
1427	1418.0	1423.0	1427.0
1428	1419.0	1424.0	1428.0
1429	1420.0	1425.0	1429.0
1430	1421.0	1426.0	1430.0
1431	1422.0	1427.0	1431.0
1432	1423.0	1428.0	1432.0
1433	1424.0	1429.0	1433.0
1434	1425.0	1430.0	1434.0
1435	1426.0	1431.0	1435.0
1436	1427.0	1432.0	1436.0
1437	1428.0	1433.0	1437.0
1438	1429.0	1434.0	1438.0
1439	1430.0	1435.0	1439.0
1440	1431.0	1436.0	1440.0
1441	1432.0	1437.0	1441.0
1442	1433.0	1438.0	1442.0
1443	1434.0	1439.0	1443.0
1444	1435.0	1440.0	1444.0
1445	1436.0	1441.0	1445.0
1446	1437.0	1442.0	1446.0
1447	1438.0	1443.0	1447.0
1448	1439.0	1444.0	1448.0
1449	1440.0	1445.0	1449.0
1450	1441.0	1446.0	1450.0
1451	1442.0	1447.0	1451.0
1452	1443.0	1448.0	1452.0
1453	1444.0	1449.0	1453.0
1454	1445.0	1450.0	1454.0
1455	1446.0	1451.0	1455.0
1456	1447.0	1452.0	1456.0
1457	1448.0	1453.0	1457.0
1458	1449.0	1454.0	1458.0
1459	1450.0	1455.0	1459.0
1460	1451.0	1456.0	1460.0
1461	1452.0	1457.0	1461.0
1462	1453.0	1458.0	1462.0
1463	1454.0	1459.0	1463.0
1464	1455.0	1460.0	1464.0
1465	1456.0	1461.0	1465.0
1466	1457.0	1462.0	1466.0
1467	1458.0	1463.0	1467.0
1468	1459.0	1464.0	1468.0
1469	1460.0	1465.0	1469.0
1470	1461.0	1466.0	1470.0
1471	1462.0	1467.0	1471.0
1472	1463.0	1468.0	1472.0
1473	1464.0	1469.0	1473.0
1474	1465.0	1470.0	1474.0
1475	1466.0	1471.0	1475.0
1476	1467.0	1472.0	1476.0
1477	1468.0	1473.0	1477.0
1478	1469.0	1474.0	1478.0
1479	1470.0	1475.0	1479.0
1480	1471.0	1476.0	1480.0
1481	1472.0	1477.0	1481.0
1482	1473.0	1478.0	1482.0
1483	1474.0	1479.0	1483.0
1484	1475.0	1480.0	1484.0
1485	1476.0	1481.0	1485.0
1486	1477.0	1482.0	1486.0
1487	1478.0	1483.0	1487.0
1488	1479.0	1484.0	1488.0
1489	1480.0	1485.0	1489.0
1490	1481.0	1486.0	1490.0
1491	1482.0	1487.0	1491.0
1492	1483.0	1488.0	1492.0
1493	1484.0	1489.0	1493.0
1494	1485.0	1490.0	1494.0
1495	1486.0	1491.0	1495.0
1496	1487.0	1492.0	1496.0
1497	1488.0	1493.0	1497.0
1498	1489.0	1494.0	1498.0
1499	1490.0	1495.0	1499.0
1500	1491.0	1496.0	1500.0
1501	1492.0	1497.0	1501.0
1502	1493.0	1498.0	1502.0
1503	1494.0	1499.0	1503.0
1504	1495.0	1500.0	1504.0
1505	1496.0	1501.0	1505.0
1506	1497.0	1502.0	1506.0
1507	1498.0	1503.0	1507.0
1508	1499.0	1504.0	1508.0
1509	1500.0	1505.0	1509.0
1510	1501.0	1506.0	1510.0
1511	1502.0	1507.0	1511.0
1512	1503.0	1508.0	1512.0
1513	1504.0	1509.0	1513.0
1514	1505.0	1510.0	1514.0
1515	1506.0	1511.0	1515.0
1516	1507.0	1512.0	1516.0
1517	1508.0	1513.0	1517.0
1518	1509.0	1514.0	1518.0
1519	1510.0	1515.0	1519.0
1520	1511.0	1516.0	1520.0
1521	1512.0	1517.0	1521.0
1522	1513.0	1518.0	1522.0
1523	1514.0	1519.0	1523.0
1524	1515.0	1520.0	1524.0
1525	1516.0	1521.0	1525.0
1526	1517.0	1522.0	1526.0
1527	1518.0	1523.0	1527.0
1528	1519.0	1524.0	1528.0
1529	1520.0	1525.0	1529.0
1530	1521.0	1526.0	1530.0
1531	1522.0	1527.0	1531.0
1532	1523.0	1528.0	1532.0
1533	1524.0	1529.0	1533.0
1534	1525.0	1530.0	1534.0
1535	1526.0	1531.0	1535.0
1536	1527.0	1532.0	1536.0
1537	1528.0	1533.0	1537.0
1538	1529.0	1534.0	1538.0
1539	1530.0	1535.0	1539.0
1540	1531.0	1536.0	1540.0
1541	1532.0	1537.0	1541.0
1542	1533.0	1538.0	1542.0
1543	1534.0	1539.0	1543.0
1544	1535.0	1540.0	1544.0
1545	1536.0	1541.0	1545.0
1546	1537.0	1542.0	1546.0
1547	1538.0	1543.0	1547.0
1548	1539.0	1544.0	1548.0
1549	1540.0	1545.0	1549.0
1550	1541.0	1546.0	1550.0
1551	1542.0	1547.0	1551.0
1552	1543.0	1548.0	1552.0
1553	1544.0	1549.0	1553.0
1554	1545.0	1550.0	1554.0
1555	1546.0	1551.0	1555.0
1556	1547.0	1552.0	1556.0
1557	1548.0	1553.0	1557.0
1558	1549.0	1554.0	1558.0
1559	1550.0	1555.0	1559.0
1560	1551.0	1556.0	1560.0
1561	1552.0	1557.0	1561.0
1562	1553.0	1558.0	1562.0
1563	1554.0	1559.0	1563.0
1564	1555.0	1560.0	1564.0
1565	1556.0	1561.0	1565.0
1566	1557.0	1562.0	1566.0
1567	1558.0	1563.0	1567.0
1568	1559.0	1564.0	1568.0
1569	1560.0	1565.0	1569.0
1570	1561.0	1566.0	1570.0
1571	1562.0	1567.0	1571.0
1572	1563.0	1568.0	1572.0
1573	1564.0	1569.0	1573.0
1574	1565.0	1570.0	1574.0
1575	1566.0	1571.0	1575.0
1576	1567.0	1572.0	1576.0
1577	1568.0	1573.0	1577.0
1578	1569.0	1574.0	1578.0
1579	1570.0	1575.0	1579.0
1580	1571.0	1576.0	1580.0
1581	1572.0	1577.0	1581.0
1582	1573.0	1578.0	1582.0
1583	1574.0	1579.0	1583.0
1584	1575.0	1580.0	1584.0
1585	1576.0	1581.0	1585.0
1586	1577.0	1582.0	1586.0
1587	1578.0	1583.0	1587.0
1588	1579.0	1584.0	1588.0
1589	1580.0	1585.0	1589.0
1590	1581.0	1586.0	1590.0
1591	1582.0	1587.0	1591.0
1592	1583.0	1588.0	1592.0
1593	1584.0	1589.0	1593.0
1594	1585.0	1590.0	1594.0
1595	1586.0	1591.0	1595.0
1596	1587.0	1592.0	1596.0
1597	1588.0	1593.0	1597.0
1598	1589.0	1594.0	1598.0
1599	1590.0	1595.0	1599.0
1600	1591.0	1596.0	1600.0
1601	1592.0	1597.0	1601.0
1602	1593.0	1598.0	1602.0
1603	1594.0	1599.0	1603.0
1604	1595.0	1600.0	1604.0
1605	1596.0	1601.0	1605.0
1606	1597.0	1602.0	1606.0
1607	1598.0	1603.0	1607.0
1608	1599.0	1604.0	1608.0
1609	1600.0	1605.0	1609.0
1610	1601.0	1606.0	1610.0
1611	1602.0	1607.0	1611.0
1612	1603.0	1608.0	1612.0
1613	1604.0	1609.0	1613.0
1614	1605.0	1610.0	1614.0
1615	1606.0	1611.0	1615.0
1616	1607.0	1612.0	1616.0
1617	1608.0	1613.0	1617.0
1618	1609.0	1614.0	1618.0
1619	1610.0	1615.0	1619.0
1620	1611.0	1616.0	1620.0
1621	1612.0	1617.0	1621.0
1622	1613.0	1618.0	1622.0
1623	1614.0	1619.0	1623.0
1624	1615.0	1620.0	1624.0
1625	1616.0	1621.0	1625.0
1626	1617.0	1622.0	1626.0
1627	1618.0	1623.0	1627.0
1628	1619.0	1624.0	1628.0
1629	1620.0	1625.0	1629.0
1630	1621.0	1626.0	1630.0
1631	1622.0	1627.0	1631.0
1632	1623.0	1628.0	1632.0
1633	1624.0	1629.0	1633.0
1634	1625.0	1630.0	1634.0
1635	1626.0	1631.0	1635.0
1636	1627.0	1632.0	1636.0
1637	1628.0	1633.0	1637.0
1638	1629.0	1634.0	1638.0
1639	1630.0	1635.0	1639.0
1640	1631.0	1636.0	1640.0
1641	1632.0	1637.0	1641.0
1642	1633.0	1638.0	1642.0
1643	1634.0	1639.0	1643.0
1644	1635.0	1640.0	1644.0
1645	1636.0	1641.0	1645.0
1646	1637.0	1642.0	1646.0
1647	1638.0	1643.0	1647.0
1648	1639.0	1644.0	1648.0
1649	1640.0	1645.0	1649.0
1650	1641.0	1646.0	1650.0
1651	1642.0	1647.0	1651.0
1652	1643.0	1648.0	1652.0
1653	1644.0	1649.0	1653.0
1654	1645.0	1650.0	1654.0
1655	1646.0	1651.0	1655.0
1656	1647.0	1652.0	1656.0
1657	1648.0	1653.0	1657.0
1658	1649.0	1654.0	1658.0
1659	1650.0	1655.0	1659.0
1660	1651.0	1656.0	1660.0
1661	1652.0	1657.0	1661.0
1662	1653.0	1658.0	1662.0
1663	1654.0	1659.0	1663.0
1664	1655.0	1660.0	1664.0
1665	1656.0	1661.0	1665.0
1666	1657.0	1662.0	1666.0
1667	1658.0	1663.0	1667.0
1668	1659.0	1664.0	1668.0
1669	1660.0	1665.0	1669.0
1670	1661.0	1666.0	1670.0
1671	1662.0	1667.0	1671.0
1672	1663.0	1668.0	1672.0
1673	1664.0	1669.0	1673.0
1674	1665.0	1670.0	1674.0
1675	1666.0	1671.0	1675.0
1676	1667.0	1672.0	1676.0
1677	1668.0	1673.0	1677.0
1678	1669.0	1674.0	1678.0
1679	1670.0	1675.0	1679.0
1680	1671.0	1676.0	1680.0
1681	1672.0	1677.0	1681.0
1682	1673.0	1678.0	1682.0
1683	1674.0	1679.0	1683.0
1684	1675.0	1680.0	1684.0
1685	1676.0	1681.0	1685.0
1686	1677.0	1682.0	1686.0
1687	1678.0	1683.0	1687.0
1688	1679.0	1684.0	1688.0
1689	1680.0	1685.0	1689.0
1690	1681.0	1686.0	1690.0
1691	1682.0	1687.0	1691.0
1692	1683.0	1688.0	1692.0
1693	1684.0	1689.0	1693.0
1694	1685.0	1690.0	1694.0
1695	1686.0	1691.0	1695.0
1696	1687.0	1692.0	1696.0
1697	1688.0	1693.0	1697.0
1698	1689.0	1694.0	1698.0
1699	1690.0	1695.0	1699.0
1700	1691.0	1696.0	1700.0
1701	1692.0	1697.0	1701.0
1702	1693.0	1698.0	1702.0
1703	1694.0	1699.0	1703.0
1704	1695.0	1700.0	1704.0
1705	1696.0	1701.0	1705.0
1706	1697.0	1702.0	1706.0
1707	1698.0	1703.0	1707.0
1708	1699.0	1704.0	1708.0
1709	1700.0	1705.0	1709.0
1710	1701.0	1706.0	1710.0
1711	1702.0	1707.0	1711.0
1712	1703.0	1708.0	1712.0
1713	1704.0	1709.0	1713.0
1714	1705.0	1710.0	1714.0
1715	1706.0	1711.0	1715.0
1716	1707.0	1712.0	1716.0
1717	1708.0	1713.0	1717.0
1718	1709.0	1714.0	1718.0
1719	1710.0	1715.0	1719.0
1720	1711.0	1716.0	1720.0
1721	1712.0	1717.0	1721.0
1722	1713.0	1718.0	1722.0
1723	1714.0	1719.0	1723.0
1724	1715.0	1720.0	1724.0
1725	1716.0	1721.0	1725.0
1726	1717.0	1722.0	1726.0
1727	1718.0	1723.0	1727.0
1728	1719.0	1724.0	1728.0
1729	1720.0	1725.0	1729.0
1730	1721.0	1726.0	1730.0
1731	1722.0	1727.0	1731.0
1732	1723.0	1728.0	1732.0
1733	1724.0	1729.0	1733.0
1734	1725.0	1730.0	1734.0
1735	1726.0	1731.0	1735.0
1736	1727.0	1732.0	1736.0
1737	1728.0	1733.0	1737.0
1738	1729.0	1734.0	1738.0
1739	1730.0	1735.0	1739.0
1740	1731.0	1736.0	1740.0
1741	1732.0	1737.0	1741.0
1742	1733.0	1738.0	1742.0
1743	1734.0	1739.0	1743.0
1744	1735.0	1740.0	1744.0
1745	1736.0	1741.0	1745.0
1746	1737.0	1742.0	1746.0
1747	1738.0	1743.0	1747.0
1748	1739.0	1744.0	1748.0
1749	1740.0	1745.0	1749.0
1750	1741.0	1746.0	1750.0
1751	1742.0	1747.0	1751.0
1752	1743.0	1748.0	1752.0
1753	1744.0	1749.0	1753.0
1754	1745.0	1750.0	1754.0
1755	1746.0	1751.0	1755.0
1756	1747.0	1752.0	1756.0
1757	1748.0	1753.0	1757.0
1758	1749.0	1754.0	1758.0
1759	1750.0	1755.0	1759.0
1760	1751.0	1756.0	1760.0
1761	1752.0	1757.0	1761.0
1762	1753.0	1758.0	1762.0
1763	1754.0	1759.0	1763.0
1764	1755.0	1760.0	1764.0
1765	1756.0	1761.0	1765.0
1766	1757.0	1762.0	1766.0
1767	1758.0	1763.0	1767.0
1768	1759.0	1764.0	1768.0
1769	1760.0	1765.0	1769.0
1770	1761.0	1766.0	1770.0
1771	1762.0	1767.0	1771.0
1772	1763.0	1768.0	1772.0
1773	1764.0	1769.0	1773.0
1774	1765.0	1770.0	1774.0
1775	1766.0	1771.0	1775.0
1776	1767.0	1772.0	1776.0
1777	1768.0	1773.0	1777.0
1778	1769.0	1774.0	1778.0
1779	1770.0	1775.0	1779.0
1780	1771.0	1776.0	1780.0
1781	1772.0	1777.0	1781.0
1782	1773.0	1778.0	1782.0
1783	1774.0	1779.0	1783.0
1784	1775.0	1780.0	1784.0
1785	1776.0	1781.0	1785.0
1786	1777.0	1782.0	1786.0
1787	1778.0	1783.0	1787.0
1788	1779.0	1784.0	1788.0
1789	1780.0	1785.0	1789.0
1790	1781.0	1786.0	1790.0
1791	1782.0	1787.0	1791.0
1792	1783.0	1788.0	1792.0
1793	1784.0	1789.0	1793.0
1794	1785.0	1790.0	1794.0
1795	1786.0	1791.0	1795.0
1796	1787.0	1792.0	1796.0
1797	1788.0	1793.0	1797.0
1798	1789.0	1794.0	1798.0
1799	1790.0	1795.0	1799.0
1800	1791.0	1796.0	1800.0
1801	1792.0	1797.0	1801.0
1802	1793.0	1798.0	1802.0
1803	1794.0	1799.0	1803.0
1804	1795.0	1800.0	1804.0
1805	1796.0	1801.0	1805.0
1806	1797.0	1802.0	1806.0
1807	1798.0	1803.0	1807.0
1808	1799.0	1804.0	1808.0
1809	1800.0	1805.0	1809.0
1810	1801.0	1806.0	1810.0
1811	1802.0	1807.0	1811.0
1812	1803.0	1808.0	1812.0
1813	1804.0	1809.0	1813.0
1814	1805.0	1810.0	1814.0
1815	1806.0	1811.0	1815.0
1816	1807.0	1812.0	1816.0
1817	1808.0	1813.0	1817.0
1818	1809.0	1814.0	1818.0
1819	1810.0	1815.0	1819.0
1820	1811.0	1816.0	1820.0
1821	1812.0	1817.0	1821.0
1822	1813.0	1818.0	1822.0
1823	1814.0	1819.0	1823.0
1824	1815.0	1820.0	1824.0
1825	1816.0	1821.0	1825.0
1826	1817.0	1822.0	1826.0
1827	1818.0	1823.0	1827.0
1828	1819.0	1824.0	1828.0
1829	1820.0	1825.0	1829.0
1830	1821.0	1826.0	1830.0
1831	1822.0	1827.0	1831.0
1832	1823.0	1828.0	1832.0
1833	1824.0	1829.0	1833.0
1834	1825.0	1830.0	1834.0
1835	1826.0	1831.0	1835.0
1836	1827.0	1832.0	1836.0
1837	1828.0	1833.0	1837.0
1838	1829.0	1834.0	1838.0
1839	1830.0	1835.0	1839.0
1840	1831.0	1836.0	1840.0
1841	1832.0	1837.0	1841.0
1842	1833.0	1838.0	1842.0
1843	1834.0	1839.0	1843.0
1844	1835.0	1840.0	1844.0
1845	1836.0	1841.0	1845.0
1846	1837.0	1842.0	1846.0
1847	1838.0	1843.0	1847.0
1848	1839.0	1844.0	1848.0
1849	1840.0	1845.0	1849.0
1850	1841.0	1846.0	1850.0
1851	1842.0	1847.0	1851.0
1852	1843.0	1848.0	1852.0
1853	1844.0	1849.0	1853.0
1854	1845.0	1850.0	1854.0
1855	1846.0	1851.0	1855.0
1856	1847.0	1852.0	1856.0
1857	1848.0	1853.0	1857.0
1858	1849.0	1854.0	1858.0
1859	1850.0	1855.0	1859.0
1860	1851.0	1856.0	1860.0
1861	1852.0	1857.0	1861.0
1862	1853.0	1858.0	1862.0
1863	1854.0	1859.0	1863.0
1864	1855.0	1860.0	1864.0
1865	1856.0	1861.0	1865.0
1866	1857.0	1862.0	1866.0
1867	1858.0	1863.0	1867.0
1868	1859.0	1864.0	1868.0
1869	1860.0	1865.0	1869.0
1870	1861.0	1866.0	1870.0
1871	1862.0	1867.0	1871.0
1872	1863.0	1868.0	1872.0
1873	1864.0	1869.0	1873.0
1874	1865.0	1870.0	1874.0
1875	1866.0	1871.0	1875.0
1876	1867.0	1872.0	1876.0
1877	1868.0	1873.0	1877.0
1878	1869.0	1874.0	1878.0
1879	1870.0	1875.0	1879.0
1880	1871.0	1876.0	1880.0
1881	1872.0	1877.0	1881.0
1882	1873.0	1878.0	1882.0
1883	1874.0	1879.0	1883.0
1884	1875.0	1880.0	1884.0
1885	1876.0	1881.0	1885.0
1886	1877.0	1882.0	1886.0
1887	1878.0	1883.0	1887.0
1888	1879.0	1884.0	1888.0
1889	1880.0	1885.0	1889.0
1890	1881.0	1886.0	1890.0
1891	1882.0	1887.0	1891.0
1892	1883.0	1888.0	1892.0
1893	1884.0	1889.0	1893.0
1894	1885.0	1890.0	1894.0
1895	1886.0	1891.0	1895.0
1896	1887.0	1892.0	1896.0
1897	1888.0	1893.0	1897.0
1898	1889.0	1894.0	1898.0
1899	1890.0	1895.0	1899.0
1900	1891.0	1896.0	1900.0
1901	1892.0	1897.0	1901.0
1902	1893.0	1898.0	1902.0
1903	1894.0	1899.0	1903.0
1904	1895.0	1900.0	1904.0
1905	1896.0	1901.0	1905.0
1906	1897.0	1902.0	1906.0
1907	1898.0	1903.0	1907.0
1908	1899.0	1904.0	1908.0
1909	1900.0	1905.0	1909.0
1910	1901.0	1906.0	1910.0
1911	1902.0	1907.0	1911.0
1912	1903.0	1908.0	1912.0
1913	1904.0	1909.0	1913.0
1914	1905.0	1910.0	1914.0
1915	1906.0	1911.0	1915.0
1916	1907.0	1912.0	1916.0
1917	1908.0	1913.0	1917.0
1918	1909.0	1914.0	1918.0
1919	1910.0	1915.0	1919.0
1920	1911.0	1916.0	1920.0
1921	1912.0	1917.0	1921.0
1922	1913.0	1918.0	1922.0
1923	1914.0	1919.0	1923.0
1924	1915.0	1920.0	1924.0
1925	1916.0	1921.0	1925.0
1926	1917.0	1922.0	1926.0
1927	1918.0	1923.0	1927.0
1928	1919.0	1924.0	1928.0
1929	1920.0	1925.0	1929.0
1930	1921.0	1926.0	1930.0
1931	1922.0	1927.0	1931.0
1932	1923.0	1928.0	1932.0
1933	1924.0	1929.0	1933.0
1934	1925.0	1930.0	1934.0
1935	1926.0	1931.0	1935.0
1936	1927.0	1932.0	1936.0
1937	1928.0	1933.0	1937.0
1938	1929.0	1934.0	1938.0
1939	1930.0	1935.0	1939.0
1940	1931.0	1936.0	1940.0
1941	1932.0	1937.0	1941.0
1942	1933.0	1938.0	1942.0
1943	1934.0	1939.0	1943.0
1944	1935.0	1940.0	1944.0
1945	1936.0	1941.0	1945.0
1946	1937.0	1942.0	1946.0
1947	1938.0	1943.0	1947.0
1948	1939.0	1944.0	1948.0
1949	1940.0	1945.0	1949.0
1950	1941.0	1946.0	1950.0
1951	1942.0	1947.0	1951.0
1952	1943.0	1948.0	1952.0
1953	1944.0	1949.0	1953.0
1954	1945.0	1950.0	1954.0
1955	1946.0	1951.0	1955.0
1956	1947.0	1952.0	1956.0
1957	1948.0	1953.0	1957.0
1958	1949.0	1954.0	1958.0
1959	1950.0	1955.0	1959.0
1960	1951.0	1956.0	1960.0
1961	1952.0	1957.0	1961.0
1962	1953.0	1958.0	1962.0
1963	1954.0	1959.0	1963.0
1964	1955.0	1960.0	1964.0
1965	1956.0	1961.0	1965.0
1966	1957.0	1962.0	1966.0
1967	1958.0	1963.0	1967.0
1968	1959.0	1964.0	1968.0
1969	1960.0	1965.0	1969.0
1970	1961.0	1966.0	1970.0
1971	1962.0	1967.0	1971.0
1972	1963.0	1968.0	1972.0
1973	1964.0	1969.0	1973.0
1974	1965.0	1970.0	1974.0
1975	1966.0	1971.0	1975.0
1976	1967.0	1972.0	1976.0
1977	1968.0	1973.0	1977.0
1978	1969.0	1974.0	1978.0
1979	1970.0	1975.0	1979.0
1980	1971.0	1976.0	1980.0
1981	1972.0	1977.0	1981.0
1982	1973.0	1978.0	1982.0
1983	1974.0	1979.0	1983.0
1984	1975.0	1980.0	1984.0
1985	1976.0	1981.0	1985.0
1986	1977.0	1982.0	1986.0
1987	1978.0	1983.0	1987.0
1988	1979.0	1984.0	1988.0
1989	1980.0	1985.0	1989.0
1990	1981.0	1986.0	1990.0
1991	1982.0	1987.0	1991.0
1992	1983.0	1988.0	1992.0
1993	1984.0	1989.0	1993.0
1994	1985.0	1990.0	1994.0
1995	1986.0	1991.0	1995.0
1996	1987.0	1992.0	1996.0
1997	1988.0	1993.0	1997.0
1998	1989.0	1994.0	1998.0
1999	1990.0	1995.0	1999.0
2000	1991.0	1996.0	2000.0
2001	1992.0	1997.0	2001.0
2002	1993.0	1998.0	2002.0
2003	1994.0	1999.0	2003.0
2004	1995.0	2000.0	2004.0
2005	1996.0	2001.0	2005.0
2006	1997.0	2002.0	2006.0
2007	1998.0	2003.0	2007.0
2008	1999.0	2004.0	2008.0
2009	2000.0	2005.0	2009.0
2010	2001.0	2006.0	2010.0
2011	2002.0	2007.0	2011.0
2012	2003.0	2008.0	2012.0
2013	2004.0	2009.0	2013.0
2014	2005.0	2010.0	2014.0
2015	2006.0	2011.0	2015.0
2016	2007.0	2012.0	2016.0
2017	2008.0	2013.0	2017.0
2018	2009.0	2014.0	2018.0
2019	2010.0	2015.0	2019.0
2020	2011.0	2016.0	2020.0
2021	2012.0	2017.0	2021.0
2022	2013.0	2018.0	2022.0
2023	2014.0	2019.0	2023.0
2024	2015.0	2020.0	2024.0
2025	2016.0	2021.0	2025.0
2026	2017.0	2022.0	2026.0
2027	2018.0	2023.0	2027.0
2028	2019.0	2024.0	2028.0
2029	2020.0	2025.0	2029.0
2030	2021.0	2026.0	2030.0
2031	2022.0	2027.0	2031.0
2032	2023.0	2028.0	2032.0
2033	2024.0	2029.0	2033.0
2034	2025.0	2030.0	2034.0
2035	2026.0	2031.0	2035.0
2036	2027.0	2032.0	2036.0
2037	2028.0	2033.0	2037.0
2038	2029.0	2034.0	2038.0
2039	2030.0	2035.0	2039.0
2040	2031.0	2036.0	2040.0
2041	2032.0	2037.0	2041.0
2042	2033.0	2038.0	2042.0
2043	2034.0	2039.0	2043.0
2044	2035.0	2040.0	2044.0
2045	2036.0	2041.0	2045.0
2046	2037.0	2042.0	2046.0
2047	2038.0	2043.0	2047.0
2048	2039.0	2044.0	2048.0
2049	2040.0	2045.0	2049.0
2050	2041.0	2046.0	2050.0
2051	2042.0	2047.0	2051.0
2052	2043.0	2048.0	2052.0
2053	2044.0	2049.0	2053.0
2054	2045.0	2050.0	2054.0
2055	2046.0	2051.0	2055.0
2056	2047.0	2052.0	2056.0
2057	2048.0	2053.0	2057.0
2058	2049.0	2054.0	2058.0
2059	2050.0	2055.0	2059.0
2060	2051.0	2056.0	2060.0
2061	2052.0	2057.0	2061.0
2062	2053.0	2058.0	2062.0
2063	2054.0	2059.0	2063.0
2064	2055.0	2060.0	2064.0
2065	2056.0	2061.0	2065.0
2066	2057.0	2062.0	2066.0
2067	2058.0	2063.0	2067.0
2068	2059.0	2064.0	2068.0
2069	2060.0	2065.0	2069.0
2070	2061.0	2066.0	2070.0
2071	2062.0	2067.0	2071.0
2072	2063.0	2068.0	2072.0
2073	2064.0	2069.0	2073.0
2074	2065.0	2070.0	2074.0
2075	2066.0	2071.0	2075.0
2076	2067.0	2072.0	2076.0
2077	2068.0	2073.0	2077.0
2078	2069.0	2074.0	2078.0
2079	2070.0	2075.0	2079.0
2080	2071.0	2076.0	2080.0
2081	2072.0	2077.0	2081.0
2082	2073.0	2078.0	2082.0
2083	2074.0	2079.0	2083.0
2084	2075.0	2080.0	2084.0
2085	2076.0	2081.0	2085.0
2086	2077.0	2082.0	2086.0
2087	2078.0	2083.0	2087.0
2088	2079.0	2084.0	2088.0
2089	2080.0	2085.0	2089.0
2090	2081.0	2086.0	2090.0
2091	2082.0	2087.0	2091.0
2092	2083.0	2088.0	2092.0
2093	2084.0	2089.0	2093.0
2094	2085.0	2090.0	2094.0
2095	2086.0	2091.0	2095.0
2096	2087.0	2092.0	2096.0
2097	2088.0	2093.0	2097.0
2098	2089.0	2094.0	2098.0
2099	2090.0	2095.0	2099.0
2100	2091.0	2096.0	2100.0
2101	2092.0	2097.0	2101.0
2102	2093.0	2098.0	2102.0
2103	2094.0	2099.0	2103.0
2104	2095.0	2100.0	2104.0
2105	2096.0	2101.0	2105.0
2106	2097.0	2102.0	2106.0
2107	2098.0	2103.0	2107.0
2108	2099.0	2104.0	2108.0
2109	2100.0	2105.0	2109.0
2110	2101.0	2106.0	2110.0
2111	2102.0	2107.0	2111.0
2112	2103.0	2108.0	2112.0
2113	2104.0	2109.0	2113.0
2114	2105.0	2110.0	2114.0
2115	2106.0	2111.0	2115.0
2116	2107.0	2112.0	2116.0
2117	2108.0	2113.0	2117.0
2118	2109.0	2114.0	2118.0
2119	2110.0	2115.0	2119.0
2120	2111.0	2116.0	2120.0
2121	2112.0	2117.0	2121.0
2122	2113.0	2118.0	2122.0
2123	2114.0	2119.0	2123.0
2124	2115.0	2120.0	2124.0
2125	2116.0	2121.0	2125.0
2126	2117.0	2122.0	2126.0
2127	2118.0	2123.0	2127.0
2128	2119.0	2124.0	2128.0
2129	2120.0	2125.0	2129.0
2130	2121.0	2126.0	2130.0
2131	2122.0	2127.0	2131.0
2132	2123.0	2128.0	2132.0
2133	2124.0	2129.0	2133.0
2134	2125.0	2130.0	2134.0
2135	2126.0	2131.0	2135.0
2136	2127.0	2132.0	2136.0
2137	2128.0	2133.0	2137.0
2138	2129.0	2134.0	2138.0
2139	2130.0	2135.0	2139.0
2140	2131.0	2136.0	2140.0
2141	2132.0	2137.0	2141.0
2142	2133.0	2138.0	2142.0
2143	2134.0	2139.0	2143.0
2144	2135.0	2140.0	2144.0
2145	2136.0	2141.0	2145.0
2146	2137.0	2142.0	2146.0
2147	2138.0	2143.0	2147.0
2148	2139.0	2144.0	2148.0
2149	2140.0	2145.0	2149.0
2150	2141.0	2146.0	2150.0
2151	2142.0	2147.0	2151.0
2152	2143.0	2148.0	2152.0
2153	2144.0	2149.0	2153.0
2154	2145.0	2150.0	2154.0
2155	2146.0	2151.0	2155.0
2156	2147.0	2152.0	2156.0
2157	2148.0	2153.0	2157.0
2158	2149.0	2154.0	2158.0
2159	2150.0	2155.0	2159.0
2160	2151.0	2156.0	2160.0
2161	2152.0	2157.0	2161.0
2162	2153.0	2158.0	2162.0
2163	2154.0	2159.0	2163.0
2164	2155.0	2160.0	2164.0
2165	2156.0	2161.0	2165.0
2166	2157.0	2162.0	2166.0
2167	2158.0	2163.0	2167.0
2168	2159.0	2164.0	2168.0
2169	2160.0	2165.0	2169.0
2170	2161.0	2166.0	2170.0
2171	2162.0	2167.0	2171.0
2172	2163.0	2168.0	2172.0
2173	2164.0	2169.0	2173.0
2174	2165.0	2170.0	2174.0
2175	2166.0	2171.0	2175.0
2176	2167.0	2172.0	2176.0
2177	2168.0	2173.0	2177.0
2178	2169.0	2174.0	2178.0
2179	2170.0	2175.0	2179.0
2180	2171.0	2176.0	2180.0
2181	2172.0	2177.0	2181.0
2182	2173.0	2178.0	2182.0
2183	2174.0	2179.0	2183.0
2184	2175.0	2180.0	2184.0
2185	2176.0	2181.0	2185.0
2186	2177.0	2182.0	2186.0
2187	2178.0	2183.0	2187.0
2188	2179.0	2184.0	2188.0
2189	2180.0	2185.0	2189.0
2190	2181.0	2186.0	2190.0
2191	2182.0	2187.0	2191.0
2192	2183.0	2188.0	2192.0
2193	2184.0	2189.0	2193.0
2194	2185.0	2190.0	2194.0
2195	2186.0	2191.0	2195.0
2196	2187.0	2192.0	2196.0
2197	2188.0	2193.0	2197.0
2198	2189.0	2194.0	2198.0
2199	2190.0	2195.0	2199.0
2200	2191.0	2196.0	2200.0
2201	2192.0	2197.0	2201.0
2202	2193.0	2198.0	2202.0
2203	2194.0	2199.0	2203.0
2204	2195.0	2200.0	2204.0
2205	2196.0	2201.0	2205.0
2206	2197.0	2202.0	2206.0
2207	2198.0	2203.0	2207.0
2208	2199.0	2204.0	2208.0
2209	2200.0	2205.0	2209.0
2210	2201.0	2206.0	2210.0
2211	2202.0	2207.0	2211.0
2212	2203.0	2208.0	2212.0
2213	2204.0	2209.0	2213.0
2214	2205.0	2210.0	2214.0
2215	2206.0	2211.0	2215.0
2216	2207.0	2212.0	2216.0
2217	2208.0	2213.0	2217.0
2218	2209.0	2214.0	2218.0
2219	2210.0	2215.0	2219.0
2220	2211.0	2216.0	2220.0
2221	2212.0	2217.0	2221.0
2222	2213.0	2218.0	2222.0
2223	2214.0	2219.0	2223.0
2224	2215.0	2220.0	2224.0
2225	2216.0	2221.0	2225.0
2226	2217.0	2222.0	2226.0
2227	2218.0	2223.0	2227.0
2228	2219.0	2224.0	2228.0
2229	2220.0	2225.0	2229.0
2230	2221.0	2226.0	2230.0
2231	2222.0	2227.0	2231.0
2232	2223.0	2228.0	2232.0
2233	2224.0	2229.0	2233.0
2234	2225.0	2230.0	2234.0
2235	2226.0	2231.0	2235.0
2236	2227.0	2232.0	2236.0
2237	2228.0	2233.0	2237.0
2238	2229.0	2234.0	2238.0
2239	2230.0	2235.0	2239.0
2240	2231.0	2236.0	2240.0
2241	2232.0	2237.0	2241.0
2242	2233.0	2238.0	2242.0
2243	2234.0	2239.0	2243.0
2244	2235.0	2240.0	2244.0
2245	2236.0	2241.0	2245.0
2246	2237.0	2242.0	2246.0
2247	2238.0	2243.0	2247.0
2248	2239.0	2244.0	2248.0
2249	2240.0	2245.0	2249.0
2250	2241.0	2246.0	2250.0
2251	2242.0	2247.0	2251.0
2252	2243.0	2248.0	2252.0
2253	2244.0	2249.0	2253.0
2254	2245.0	2250.0	2254.0
2255	2246.0	2251.0	2255.0
2256	2247.0	2252.0	2256.0
2257	2248.0	2253.0	2257.0
2258	2249.0	2254.0	2258.0
2259	2250.0	2255.0	2259.0
2260	2251.0	2256.0	2260.0
2261	2252.0	2257.0	2261.0
2262	2253.0	2258.0	2262.0
2263	2254.0	2259.0	2263.0
2264	2255.0	2260.0	2264.0
2265	2256.0	2261.0	2265.0
2266	2257.0	2262.0	2266.0
2267	2258.0	2263.0	2267.0
2268	2259.0	2264.0	2268.0
2269	2260.0	2265.0	2269.0
2270	2261.0	2266.0	2270.0
2271	2262.0	2267.0	2271.0
2272	2263.0	2268.0	2272.0
2273	2264.0	2269.0	2273.0
2274	2265.0	2270.0	2274.0
2275	2266.0	2271.0	2275.0
2276	2267.0	2272.0	2276.0
2277	2268.0	2273.0	2277.0
2278	2269.0	2274.0	2278.0
2279	2270.0	2275.0	2279.0
2280	2271.0	2276.0	2280.0
2281	2272.0	2277.0	2281.0
2282	2273.0	2278.0	2282.0
2283	2274.0	2279.0	2283.0
2284	2275.0	2280.0	2284.0
2285	2276.0	2281.0	2285.0
2286	2277.0	2282.0	2286.0
2287	2278.0	2283.0	2287.0
2288	2279.0	2284.0	2288.0
2289	2280.0	2285.0	2289.0
2290	2281.0	2286.0	2290.0
2291	2282.0	2287.0	2291.0
2292	2283.0	2288.0	2292.0
2293	2284.0	2289.0	2293.0
2294	2285.0	2290.0	2294.0
2295	2286.0	2291.0	2295.0
2296	2287.0	2292.0	2296.0
2297	2288.0	2293.0	2297.0
2298	2289.0	2294.0	2298.0
2299	2290.0	2295.0	2299.0
2300	2291.0	2296.0	2300.0
2301	2292.0	2297.0	2301.0
2302	2293.0	2298.0	2302.0
2303	2294.0	2299.0	2303.0
2304	2295.0	2300.0	2304.0
2305	2296.0	2301.0	2305.0
2306	2297.0	2302.0	2306.0
2307	2298.0	2303.0	2307.0
2308	2299.0	2304.0	2308.0
2309	2300.0	2305.0	2309.0
2310	2301.0	2306.0	2310.0
2311	2302.0	2307.0	2311.0
2312	2303.0	2308.0	2312.0
2313	2304.0	2309.0	2313.0
2314	2305.0	2310.0	2314.0
2315	2306.0	2311.0	2315.0
2316	2307.0	2312.0	2316.0
2317	2308.0	2313.0	2317.0
2318	2309.0	2314.0	2318.0
2319	2310.0	2315.0	2319.0
2320	2311.0	2316.0	2320.0
2321	2312.0	2317.0	2321.0
2322	2313.0	2318.0	2322.0
2323	2314.0	2319.0	2323.0
2324	2315.0	2320.0	2324.0
2325	2316.0	2321.0	2325.0
2326	2317.0	2322.0	2326.0
2327	2318.0	2323.0	2327.0
2328	2319.0	2324.0	2328.0
2329	2320.0	2325.0	2329.0
2330	2321.0	2326.0	2330.0
2331	2322.0	2327.0	2331.0
2332	2323.0	2328.0	2332.0
2333	2324.0	2329.0	2333.0
2334	2325.0	2330.0	2334.0
2335	2326.0	2331.0	2335.0
2336	2327.0	2332.0	2336.0
2337	2328.0	2333.0	2337.0
2338	2329.0	2334.0	2338.0
2339	2330.0	2335.0	2339.0
2340	2331.0	2336.0	2340.0
2341	2332.0	2337.0	2341.0
2342	2333.0	2338.0	2342.0
2343	2334.0	2339.0	2343.0
2344	2335.0	2340.0	2344.0
2345	2336.0	2341.0	2345.0
2346	2337.0	2342.0	2346.0
2347	2338.0	2343.0	2347.0
2348	2339.0	2344.0	2348.0
2349	2340.0	2345.0	2349.0
2350	2341.0	2346.0	2350.0
2351	2342.0	2347.0	2351.0
2352	2343.0	2348.0	2352.0
2353	2344.0	2349.0	2353.0
2354	2345.0	2350.0	2354.0
2355	2346.0	2351.0	2355.0
2356	2347.0	2352.0	2356.0
2357	2348.0	2353.0	2357.0
2358	2349.0	2354.0	2358.0
2359	2350.0	2355.0	2359.0
2360	2351.0	2356.0	2360.0
2361	2352.0	2357.0	2361.0
2362	2353.0	2358.0	2362.0
2363	2354.0	2359.0	2363.0
2364	2355.0	2360.0	2364.0
2365	2356.0	2361.0	2365.0
2366	2357.0	2362.0	2366.0
2367	2358.0	2363.0	2367.0
2368	2359.0	2364.0	2368.0
2369	2360.0	2365.0	2369.0
2370	2361.0	2366.0	2370.0
2371	2362.0	2367.0	2371.0
2372	2363.0	2368.0	2372.0
2373	2364.0	2369.0	2373.0
2374	2365.0	2370.0	2374.0
2375	2366.0	2371.0	2375.0
2376	2367.0	2372.0	2376.0
2377	2368.0	2373.0	2377.0
2378	2369.0	2374.0	2378.0
2379	2370.0	2375.0	2379.0
2380	2371.0	2376.0	2380.0
2381	2372.0	2377.0	2381.0
2382	2373.0	2378.0	2382.0
2383	2374.0	2379.0	2383.0
2384	2375.0	2380.0	2384.0
2385	2376.0	2381.0	2385.0
2386	2377.0	2382.0	2386.0
2387	2378.0	2383.0	2387.0
2388	2379.0	2384.0	2388.0
2389	2380.0	2385.0	2389.0
2390	2381.0	2386.0	2390.0
2391	2382.0	2387.0	2391.0
2392	2383.0	2388.0	2392.0
2393	2384.0	2389.0	2393.0
2394	2385.0	2390.0	2394.0
2395	2386.0	2391.0	2395.0
2396	2387.0	2392.0	2396.0
2397	2388.0	2393.0	2397.0
2398	2389.0	2394.0	2398.0
2399	2390.0	2395.0	2399.0
2400	2391.0	2396.0	2400.0
2401	2392.0	2397.0	2401.0
2402	2393.0	2398.0	2402.0
2403	2394.0	2399.0	2403.0
2404	2395.0	2400.0	2404.0
2405	2396.0	2401.0	2405.0
2406	2397.0	2402.0	2406.0
2407	2398.0	2403.0	2407.0
2408	2399.0	2404.0	2408.0
2409	2400.0	2405.0	2409.0
2410	2401.0	2406.0	2410.0
2411	2402.0	2407.0	2411.0
2412	2403.0	2408.0	2412.0
2413	2404.0	2409.0	2413.0
2414	2405.0	2410.0	2414.0
2415	2406.0	2411.0	2415.0
2416	2407.0	2412.0	2416.0
2417	2408.0	2413.0	2417.0
2418	2409.0	2414.0	2418.0
2419	2410.0	2415.0	2419.0
2420	2411.0	2416.0	2420.0
2421	2412.0	2417.0	2421.0
2422	2413.0	2418.0	2422.0
2423	2414.0	2419.0	2423.0
2424	2415.0	2420.0	2424.0
2425	2416.0	2421.0	2425.0
2426	2417.0	2422.0	2426.0
2427	2418.0	2423.0	2427.0
2428	2419.0	2424.0	2428.0
2429	2420.0	2425.0	2429.0
2430	2421.0	2426.0	2430.0
2431	2422.0	2427.0	2431.0
2432	2423.0	2428.0	2432.0
2433	2424.0	2429.0	2433.0
2434	2425.0	2430.0	2434.0
2435	2426.0	2431.0	2435.0
2436	2427.0	2432.0	2436.0
2437	2428.0	2433.0	2437.0
2438	2429.0	2434.0	2438.0
2439	2430.0	2435.0	2439.0
2440	2431.0	2436.0	2440.0
2441	2432.0	2437.0	2441.0
2442	2433.0	2438.0	2442.0
2443	2434.0	2439.0	2443.0
2444	2435.0	2440.0	2444.0
2445	2436.0	2441.0	2445.0
2446	2437.0	2442.0	2446.0
2447	2438.0	2443.0	2447.0
2448	2439.0	2444.0	2448.0
2449	2440.0	2445.0	2449.0
2450	2441.0	2446.0	2450.0
2451	2442.0	2447.0	2451.0
2452	2443.0	2448.0	2452.0
2453	2444.0	2449.0	2453.0
2454	2445.0	2450.0	2454.0
2455	2446.0	2451.0	2455.0
2456	2447.0	2452.0	2456.0
2457	2448.0	2453.0	2457.0
2458	2449.0	2454.0	2458.0
2459	2450.0	2455.0	2459.0
2460	2451.0	2456.0	2460.0
2461	2452.0	2457.0	2461.0
2462	2453.0	2458.0	2462.0
2463	2454.0	2459.0	2463.0
2464	2455.0	2460.0	2464.0
2465	2456.0	2461.0	2465.0
2466	2457.0	2462.0	2466.0
2467	2458.0	2463.0	2467.0
2468	2459.0	2464.0	2468.0
2469	2460.0	2465.0	2469.0
2470	2461.0	2466.0	2470.0
2471	2462.0	2467.0	2471.0
2472	2463.0	2468.0	2472.0
2473	2464.0	2469.0	2473.0
2474	2465.0	2470.0	2474.0
2475	2466.0	2471.0	2475.0
2476	2467.0	2472.0	2476.0
2477	2468.0	2473.0	2477.0
2478	2469.0	2474.0	2478.0
2479	2470.0	2475.0	2479.0
2480	2471.0	2476.0	2480.0
2481	2472.0	2477.0	2481.0
2482	2473.0	2478.0	2482.0
2483	2474.0	2479.0	2483.0
2484	2475.0	2480.0	2484.0
2485	2476.0	2481.0	2485.0
2486	2477.0	2482.0	2486.0
2487	2478.0	2483.0	2487.0
2488	2479.0	2484.0	2488.0
2489	2480.0	2485.0	2489.0
2490	2481.0	2486.0	2490.0
2491	2482.0	2487.0	2491.0
2492	2483.0	2488.0	2492.0
2493	2484.0	2489.0	2493.0
2494	2485.0	2490.0	2494.0
2495	2486.0	2491.0	2495.0
2496	2487.0	2492.0	2496.0
2497	2488.0	2493.0	2497.0
2498	2489.0	2494.0	2498.0
2499	2490.0	2495.0	2499.0
2500	2491.0	2496.0	2500.0
2501	2492.0	2497.0	2501.0
2502	2493.0	2498.0	2502.0
2503	2494.0	2499.0	2503.0
2504	2495.0	2500.0	2504.0
2505	2496.0	2501.0	2505.0
2506	2497.0	2502.0	2506.0
2507	2498.0	2503.0	2507.0
2508	2499.0	2504.0	2508.0
2509	2500.0	2505.0	2509.0
2510	2501.0	2506.0	2510.0
2511	2502.0	2507.0	2511.0
2512	2503.0	2508.0	2512.0
2513	2504.0	2509.0	2513.0
2514	2505.0	2510.0	2514.0
2515	2506.0	2511.0	2515.0
2516	2507.0	2512.0	2516.0
2517	2508.0	2513.0	2517.0
2518	2509.0	2514.0	2518.0
2519	2510.0	2515.0	2519.0
2520	2511.0	2516.0	2520.0
2521	2512.0	2517.0	2521.0
2522	2513.0	2518.0	2522.0
2523	2514.0	2519.0	2523.0
2524	2515.0	2520.0	2524.0
2525	2516.0	2521.0	2525.0
2526	2517.0	2522.0	2526.0
2527	2518.0	2523.0	2527.0
2528	2519.0	2524.0	2528.0
2529		2525.0	2529.0
2530		2526.0	2530.0
2531			2531.0
2532			2532.0
2533			2533.0
2534			2534.0
2535			2535.0
2536			2536.0
2537			2537.0
2538			2538.0
2539			2539.0
2540			2540.0
2541			2541.0
2542			2542.0
2543			2543.0
2544	2520.0	2527.0	2544.0
2545	2521.0	2528.0	2545.0
2546	2522.0	2529.0	2546.0
2547	2523.0	2530.0	2547.0
2548	2524.0	2531.0	2548.0
2549	2525.0	2532.0	2549.0
2550	2526.0	2533.0	2550.0
2551	2527.0	2534.0	2551.0
2552	2528.0	2535.0	2552.0
2553	2529.0	2536.0	2553.0
2554	2530.0	2537.0	2554.0
2555	2531.0	2538.0	2555.0
2556	2532.0	2539.0	2556.0
2557	2533.0	2540.0	2557.0
2558	2534.0	2541.0	2558.0
2559	2535.0	2542.0	2559.0
2560	2536.0	2543.0	2560.0
2561	2537.0	2544.0	2561.0
2562	2538.0	2545.0	2562.0
2563	2539.0	2546.0	2563.0
2564	2540.0	2547.0	2564.0
2565	2541.0	2548.0	2565.0
2566	2542.0	2549.0	2566.0
2567	2543.0	2550.0	2567.0
2568	2544.0	2551.0	2568.0
2569	2545.0	2552.0	2569.0
2570	2546.0	2553.0	2570.0
2571	2547.0	2554.0	2571.0
2572	2548.0	2555.0	2572.0
2573	2549.0	2556.0	2573.0
2574	2550.0	2557.0	2574.0
2575	2551.0	2558.0	2575.0
2576	2552.0	2559.0	2576.0
2577	2553.0	2560.0	2577.0
2578	2554.0	2561.0	2578.0
2579	2555.0	2562.0	2579.0
2580	2556.0	2563.0	2580.0
2581	2557.0	2564.0	2581.0
2582	2558.0	2565.0	2582.0
2583	2559.0	2566.0	2583.0
2584	2560.0	2567.0	2584.0
2585	2561.0	2568.0	2585.0
2586	2562.0	2569.0	2586.0
2587	2563.0	2570.0	2587.0
2588	2564.0	2571.0	2588.0
2589	2565.0	2572.0	2589.0
2590	2566.0	2573.0	2590.0
2591	2567.0	2574.0	2591.0
2592	2568.0	2575.0	2592.0
2593	2569.0	2576.0	2593.0
2594	2570.0	2577.0	2594.0
2595	2571.0	2578.0	2595.0
2596	2572.0	2579.0	2596.0
2597	2573.0	2580.0	2597.0
2598	2574.0	2581.0	2598.0
2599	2575.0	2582.0	2599.0
2600	2576.0	2583.0	2600.0
2601	2577.0	2584.0	2601.0
2602	2578.0	2585.0	2602.0
2603	2579.0	2586.0	2603.0
2604	2580.0	2587.0	2604.0
2605	2581.0	2588.0	2605.0
2606	2582.0	2589.0	2606.0
2607	2583.0	2590.0	2607.0
2608	2584.0	2591.0	2608.0
2609	2585.0	2592.0	2609.0
2610	2586.0	2593.0	2610.0
2611	2587.0	2594.0	2611.0
2612	2588.0	2595.0	2612.0
2613	2589.0	2596.0	2613.0
2614	2590.0	2597.0	2614.0
2615	2591.0	2598.0	2615.0
2616	2592.0	2599.0	2616.0
2617	2593.0	2600.0	2617.0
2618	2594.0	2601.0	2618.0
2619	2595.0	2602.0	2619.0
2620	2596.0	2603.0	2620.0
2621	2597.0	2604.0	2621.0
2622	2598.0	2605.0	2622.0
2623	2599.0	2606.0	2623.0
2624	2600.0	2607.0	2624.0
2625	2601.0	2608.0	2625.0
2626	2602.0	2609.0	2626.0
2627	2603.0	2610.0	2627.0
2628	2604.0	2611.0	2628.0
2629	2605.0	2612.0	2629.0
2630	2606.0	2613.0	2630.0
2631	2607.0	2614.0	2631.0
2632	2608.0	2615.0	2632.0
2633	2609.0	2616.0	2633.0
2634	2610.0	2617.0	2634.0
2635	2611.0	2618.0	2635.0
2636	2612.0	2619.0	2636.0
2637	2613.0	2620.0	2637.0
2638	2614.0	2621.0	2638.0
2639	2615.0	2622.0	2639.0
2640	2616.0	2623.0	2640.0
2641	2617.0	2624.0	2641.0
2642	2618.0	2625.0	2642.0
2643	2619.0	2626.0	2643.0
2644	2620.0	2627.0	2644.0
2645	2621.0	2628.0	2645.0
2646	2622.0	2629.0	2646.0
2647	2623.0	2630.0	2647.0
2648	2624.0	2631.0	2648.0
2649	2625.0	2632.0	2649.0
2650	2626.0	2633.0	2650.0
2651	2627.0	2634.0	2651.0
2652	2628.0	2635.0	2652.0
2653	2629.0	2636.0	2653.0
2654	2630.0	2637.0	2654.0
2655	2631.0	2638.0	2655.0
2656	2632.0	2639.0	2656.0
2657	2633.0	2640.0	2657.0
2658	2634.0	2641.0	2658.0
2659	2635.0	2642.0	2659.0
2660	2636.0	2643.0	2660.0
2661	2637.0	2644.0	2661.0
2662	2638.0	2645.0	2662.0
2663	2639.0	2646.0	2663.0
2664	2640.0	2647.0	2664.0
2665	2641.0	2648.0	2665.0
2666	2642.0	2649.0	2666.0
2667	2643.0	2650.0	2667.0
2668	2644.0	2651.0	2668.0
2669	2645.0	2652.0	2669.0
2670	2646.0	2653.0	2670.0
2671	2647.0	2654.0	2671.0
2672	2648.0	2655.0	2672.0
2673	2649.0	2656.0	2673.0
2674	2650.0	2657.0	2674.0
2675	2651.0	2658.0	2675.0
2676	2652.0	2659.0	2676.0
2677	2653.0	2660.0	2677.0
2678	2654.0	2661.0	2678.0
2679	2655.0	2662.0	2679.0
2680	2656.0	2663.0	2680.0
2681	2657.0	2664.0	2681.0
2682	2658.0	2665.0	2682.0
2683	2659.0	2666.0	2683.0
2684	2660.0	2667.0	2684.0
2685	2661.0	2668.0	2685.0
2686	2662.0	2669.0	2686.0
2687	2663.0	2670.0	2687.0
2688	2664.0	2671.0	2688.0
2689	2665.0	2672.0	2689.0
2690	2666.0	2673.0	2690.0
2691	2667.0	2674.0	2691.0
2692	2668.0	2675.0	2692.0
2693	2669.0	2676.0	2693.0
2694	2670.0	2677.0	2694.0
2695	2671.0	2678.0	2695.0
2696	2672.0	2679.0	2696.0
2697	2673.0	2680.0	2697.0
2698	2674.0	2681.0	2698.0
2699	2675.0	2682.0	2699.0
2700	2676.0	2683.0	2700.0
2701	2677.0	2684.0	2701.0
2702	2678.0	2685.0	2702.0
2703	2679.0	2686.0	2703.0
2704	2680.0	2687.0	2704.0
2705	2681.0	2688.0	2705.0
2706	2682.0	2689.0	2706.0
2707	2683.0	2690.0	2707.0
2708	2684.0	2691.0	2708.0
2709	2685.0	2692.0	2709.0
2710	2686.0	2693.0	2710.0
2711	2687.0	2694.0	2711.0
2712	2688.0	2695.0	2712.0
2713	2689.0	2696.0	2713.0
2714	2690.0	2697.0	2714.0
2715	2691.0	2698.0	2715.0
2716	2692.0	2699.0	2716.0
2717	2693.0	2700.0	2717.0
2718	2694.0	2701.0	2718.0
2719	2695.0	2702.0	2719.0
2720	2696.0	2703.0	2720.0
2721	2697.0	2704.0	2721.0
2722	2698.0	2705.0	2722.0
2723	2699.0	2706.0	2723.0
2724	2700.0	2707.0	2724.0
2725	2701.0	2708.0	2725.0
2726	2702.0	2709.0	2726.0
2727	2703.0	2710.0	2727.0
2728	2704.0	2711.0	2728.0
2729	2705.0	2712.0	2729.0
2730	2706.0	2713.0	2730.0
2731	2707.0	2714.0	2731.0
2732	2708.0	2715.0	2732.0
2733	2709.0	2716.0	2733.0
2734	2710.0	2717.0	2734.0
2735	2711.0	2718.0	2735.0
2736	2712.0	2719.0	2736.0
2737	2713.0	2720.0	2737.0
2738	2714.0	2721.0	2738.0
2739	2715.0	2722.0	2739.0
2740	2716.0	2723.0	2740.0
2741	2717.0	2724.0	2741.0
2742	2718.0	2725.0	2742.0
2743	2719.0	2726.0	2743.0
2744	2720.0	2727.0	2744.0
2745	2721.0	2728.0	2745.0
2746	2722.0	2729.0	2746.0
2747	2723.0	2730.0	2747.0
2748	2724.0	2731.0	2748.0
2749	2725.0	2732.0	2749.0
2750	2726.0	2733.0	2750.0
2751	2727.0	2734.0	2751.0
2752	2728.0	2735.0	2752.0
2753	2729.0	2736.0	2753.0
